Copyright 1986-2020 Xilinx, Inc. All Rights Reserved.
-----------------------------------------------------------------------------------------------------------------------------------------------------------------------------------------------------------------------
| Tool Version : Vivado v.2020.2 (win64) Build 3064766 Wed Nov 18 09:12:45 MST 2020
| Date         : Sun Apr 19 16:06:52 2026
| Host         : DESKTOP-MM8H4FT running 64-bit major release  (build 9200)
| Command      : report_timing_summary -max_paths 10 -file design_1_wrapper_timing_summary_routed.rpt -pb design_1_wrapper_timing_summary_routed.pb -rpx design_1_wrapper_timing_summary_routed.rpx -warn_on_violation
| Design       : design_1_wrapper
| Device       : 7z100-ffg900
| Speed File   : -2  PRODUCTION 1.12 2019-11-22
-----------------------------------------------------------------------------------------------------------------------------------------------------------------------------------------------------------------------

Timing Summary Report

------------------------------------------------------------------------------------------------
| Timer Settings
| --------------
------------------------------------------------------------------------------------------------

  Enable Multi Corner Analysis               :  Yes
  Enable Pessimism Removal                   :  Yes
  Pessimism Removal Resolution               :  Nearest Common Node
  Enable Input Delay Default Clock           :  No
  Enable Preset / Clear Arcs                 :  No
  Disable Flight Delays                      :  No
  Ignore I/O Paths                           :  No
  Timing Early Launch at Borrowing Latches   :  No
  Borrow Time for Max Delay Exceptions       :  Yes
  Merge Timing Exceptions                    :  Yes

  Corner  Analyze    Analyze    
  Name    Max Paths  Min Paths  
  ------  ---------  ---------  
  Slow    Yes        Yes        
  Fast    Yes        Yes        



check_timing report

Table of Contents
-----------------
1. checking no_clock (0)
2. checking constant_clock (0)
3. checking pulse_width_clock (0)
4. checking unconstrained_internal_endpoints (0)
5. checking no_input_delay (8)
6. checking no_output_delay (0)
7. checking multiple_clock (0)
8. checking generated_clocks (0)
9. checking loops (0)
10. checking partial_input_delay (0)
11. checking partial_output_delay (0)
12. checking latch_loops (0)

1. checking no_clock (0)
------------------------
 There are 0 register/latch pins with no clock.


2. checking constant_clock (0)
------------------------------
 There are 0 register/latch pins with constant_clock.


3. checking pulse_width_clock (0)
---------------------------------
 There are 0 register/latch pins which need pulse_width check


4. checking unconstrained_internal_endpoints (0)
------------------------------------------------
 There are 0 pins that are not constrained for maximum delay.

 There are 0 pins that are not constrained for maximum delay due to constant clock.


5. checking no_input_delay (8)
------------------------------
 There are 8 input ports with no input delay specified. (HIGH)

 There are 0 input ports with no input delay but user has a false path constraint.


6. checking no_output_delay (0)
-------------------------------
 There are 0 ports with no output delay specified.

 There are 0 ports with no output delay but user has a false path constraint

 There are 0 ports with no output delay but with a timing clock defined on it or propagating through it


7. checking multiple_clock (0)
------------------------------
 There are 0 register/latch pins with multiple clocks.


8. checking generated_clocks (0)
--------------------------------
 There are 0 generated clocks that are not connected to a clock source.


9. checking loops (0)
---------------------
 There are 0 combinational loops in the design.


10. checking partial_input_delay (0)
------------------------------------
 There are 0 input ports with partial input delay specified.


11. checking partial_output_delay (0)
-------------------------------------
 There are 0 ports with partial output delay specified.


12. checking latch_loops (0)
----------------------------
 There are 0 combinational latch loops in the design through latch input



------------------------------------------------------------------------------------------------
| Design Timing Summary
| ---------------------
------------------------------------------------------------------------------------------------

    WNS(ns)      TNS(ns)  TNS Failing Endpoints  TNS Total Endpoints      WHS(ns)      THS(ns)  THS Failing Endpoints  THS Total Endpoints     WPWS(ns)     TPWS(ns)  TPWS Failing Endpoints  TPWS Total Endpoints  
    -------      -------  ---------------------  -------------------      -------      -------  ---------------------  -------------------     --------     --------  ----------------------  --------------------  
     -0.127       -2.305                     64                10167        0.053        0.000                      0                10167        4.232        0.000                       0                  3896  


Timing constraints are not met.


------------------------------------------------------------------------------------------------
| Clock Summary
| -------------
------------------------------------------------------------------------------------------------

Clock         Waveform(ns)         Period(ns)      Frequency(MHz)
-----         ------------         ----------      --------------
clk_fpga_0    {0.000 5.000}        10.000          100.000         
clk_fpga_1    {0.000 2.500}        5.000           200.000         
lvds_dco_clk  {0.000 6.250}        12.500          80.000          
  clk_s       {0.000 37.500}       87.500          11.429          


------------------------------------------------------------------------------------------------
| Intra Clock Table
| -----------------
------------------------------------------------------------------------------------------------

Clock             WNS(ns)      TNS(ns)  TNS Failing Endpoints  TNS Total Endpoints      WHS(ns)      THS(ns)  THS Failing Endpoints  THS Total Endpoints     WPWS(ns)     TPWS(ns)  TPWS Failing Endpoints  TPWS Total Endpoints  
-----             -------      -------  ---------------------  -------------------      -------      -------  ---------------------  -------------------     --------     --------  ----------------------  --------------------  
clk_fpga_0          2.505        0.000                      0                 9735        0.053        0.000                      0                 9735        4.232        0.000                       0                  3739  
lvds_dco_clk                                                                                                                                                   11.250        0.000                       0                    35  
  clk_s            85.136        0.000                      0                  122        0.205        0.000                      0                  122       37.150        0.000                       0                   122  


------------------------------------------------------------------------------------------------
| Inter Clock Table
| -----------------
------------------------------------------------------------------------------------------------

From Clock    To Clock          WNS(ns)      TNS(ns)  TNS Failing Endpoints  TNS Total Endpoints      WHS(ns)      THS(ns)  THS Failing Endpoints  THS Total Endpoints  
----------    --------          -------      -------  ---------------------  -------------------      -------      -------  ---------------------  -------------------  
clk_s         clk_fpga_0         -0.127       -2.305                     64                  259        0.213        0.000                      0                  259  
clk_fpga_0    clk_s               0.324        0.000                      0                   23        0.094        0.000                      0                   23  


------------------------------------------------------------------------------------------------
| Other Path Groups Table
| -----------------------
------------------------------------------------------------------------------------------------

Path Group         From Clock         To Clock               WNS(ns)      TNS(ns)  TNS Failing Endpoints  TNS Total Endpoints      WHS(ns)      THS(ns)  THS Failing Endpoints  THS Total Endpoints  
----------         ----------         --------               -------      -------  ---------------------  -------------------      -------      -------  ---------------------  -------------------  
**async_default**  clk_fpga_0         clk_fpga_0               7.984        0.000                      0                  160        0.454        0.000                      0                  160  


------------------------------------------------------------------------------------------------
| Timing Details
| --------------
------------------------------------------------------------------------------------------------


---------------------------------------------------------------------------------------------------
From Clock:  clk_fpga_0
  To Clock:  clk_fpga_0

Setup :            0  Failing Endpoints,  Worst Slack        2.505ns,  Total Violation        0.000ns
Hold  :            0  Failing Endpoints,  Worst Slack        0.053ns,  Total Violation        0.000ns
PW    :            0  Failing Endpoints,  Worst Slack        4.232ns,  Total Violation        0.000ns
---------------------------------------------------------------------------------------------------


Max Delay Paths
--------------------------------------------------------------------------------------
Slack (MET) :             2.505ns  (required time - arrival time)
  Source:                 design_1_i/axi_dma_0/U0/I_PRMRY_DATAMOVER/GEN_S2MM_FULL.I_S2MM_FULL_WRAPPER/I_RESET/sig_cmd_stat_rst_user_reg_n_cdc_from_reg/C
                            (rising edge-triggered cell FDRE clocked by clk_fpga_0  {rise@0.000ns fall@5.000ns period=10.000ns})
  Destination:            design_1_i/axi_dma_0/U0/I_PRMRY_DATAMOVER/GEN_S2MM_FULL.I_S2MM_FULL_WRAPPER/I_CMD_STATUS/I_CMD_FIFO/USE_SINGLE_REG.sig_regfifo_dout_reg_reg[63]/R
                            (rising edge-triggered cell FDRE clocked by clk_fpga_0  {rise@0.000ns fall@5.000ns period=10.000ns})
  Path Group:             clk_fpga_0
  Path Type:              Setup (Max at Slow Process Corner)
  Requirement:            10.000ns  (clk_fpga_0 rise@10.000ns - clk_fpga_0 rise@0.000ns)
  Data Path Delay:        6.950ns  (logic 0.330ns (4.749%)  route 6.620ns (95.251%))
  Logic Levels:           1  (LUT1=1)
  Clock Path Skew:        -0.087ns (DCD - SCD + CPR)
    Destination Clock Delay (DCD):    2.835ns = ( 12.835 - 10.000 ) 
    Source Clock Delay      (SCD):    3.074ns
    Clock Pessimism Removal (CPR):    0.152ns
  Clock Uncertainty:      0.154ns  ((TSJ^2 + TIJ^2)^1/2 + DJ) / 2 + PE
    Total System Jitter     (TSJ):    0.071ns
    Total Input Jitter      (TIJ):    0.300ns
    Discrete Jitter          (DJ):    0.000ns
    Phase Error              (PE):    0.000ns

    Location             Delay type                Incr(ns)  Path(ns)    Netlist Resource(s)
  -------------------------------------------------------------------    -------------------
                         (clock clk_fpga_0 rise edge)
                                                      0.000     0.000 r  
    PS7_X0Y0             PS7                          0.000     0.000 r  design_1_i/processing_system7_0/inst/PS7_i/FCLKCLK[0]
                         net (fo=1, routed)           1.393     1.393    design_1_i/processing_system7_0/inst/FCLK_CLK_unbuffered[0]
    BUFGCTRL_X0Y16       BUFG (Prop_bufg_I_O)         0.093     1.486 r  design_1_i/processing_system7_0/inst/buffer_fclk_clk_0.FCLK_CLK_0_BUFG/O
                         net (fo=3740, routed)        1.588     3.074    design_1_i/axi_dma_0/U0/I_PRMRY_DATAMOVER/GEN_S2MM_FULL.I_S2MM_FULL_WRAPPER/I_RESET/m_axi_s2mm_aclk
    SLICE_X7Y249         FDRE                                         r  design_1_i/axi_dma_0/U0/I_PRMRY_DATAMOVER/GEN_S2MM_FULL.I_S2MM_FULL_WRAPPER/I_RESET/sig_cmd_stat_rst_user_reg_n_cdc_from_reg/C
  -------------------------------------------------------------------    -------------------
    SLICE_X7Y249         FDRE (Prop_fdre_C_Q)         0.204     3.278 f  design_1_i/axi_dma_0/U0/I_PRMRY_DATAMOVER/GEN_S2MM_FULL.I_S2MM_FULL_WRAPPER/I_RESET/sig_cmd_stat_rst_user_reg_n_cdc_from_reg/Q
                         net (fo=49, routed)          2.522     5.800    design_1_i/axi_dma_0/U0/I_PRMRY_DATAMOVER/GEN_S2MM_FULL.I_S2MM_FULL_WRAPPER/I_RESET/sig_cmd_stat_rst_user_reg_n_cdc_from
    SLICE_X1Y193         LUT1 (Prop_lut1_I0_O)        0.126     5.926 r  design_1_i/axi_dma_0/U0/I_PRMRY_DATAMOVER/GEN_S2MM_FULL.I_S2MM_FULL_WRAPPER/I_RESET/sig_strb_reg_out[15]_i_1/O
                         net (fo=689, routed)         4.098    10.024    design_1_i/axi_dma_0/U0/I_PRMRY_DATAMOVER/GEN_S2MM_FULL.I_S2MM_FULL_WRAPPER/I_CMD_STATUS/I_CMD_FIFO/sig_stream_rst
    SLICE_X28Y261        FDRE                                         r  design_1_i/axi_dma_0/U0/I_PRMRY_DATAMOVER/GEN_S2MM_FULL.I_S2MM_FULL_WRAPPER/I_CMD_STATUS/I_CMD_FIFO/USE_SINGLE_REG.sig_regfifo_dout_reg_reg[63]/R
  -------------------------------------------------------------------    -------------------

                         (clock clk_fpga_0 rise edge)
                                                     10.000    10.000 r  
    PS7_X0Y0             PS7                          0.000    10.000 r  design_1_i/processing_system7_0/inst/PS7_i/FCLKCLK[0]
                         net (fo=1, routed)           1.294    11.294    design_1_i/processing_system7_0/inst/FCLK_CLK_unbuffered[0]
    BUFGCTRL_X0Y16       BUFG (Prop_bufg_I_O)         0.083    11.377 r  design_1_i/processing_system7_0/inst/buffer_fclk_clk_0.FCLK_CLK_0_BUFG/O
                         net (fo=3740, routed)        1.458    12.835    design_1_i/axi_dma_0/U0/I_PRMRY_DATAMOVER/GEN_S2MM_FULL.I_S2MM_FULL_WRAPPER/I_CMD_STATUS/I_CMD_FIFO/m_axi_s2mm_aclk
    SLICE_X28Y261        FDRE                                         r  design_1_i/axi_dma_0/U0/I_PRMRY_DATAMOVER/GEN_S2MM_FULL.I_S2MM_FULL_WRAPPER/I_CMD_STATUS/I_CMD_FIFO/USE_SINGLE_REG.sig_regfifo_dout_reg_reg[63]/C
                         clock pessimism              0.152    12.987    
                         clock uncertainty           -0.154    12.833    
    SLICE_X28Y261        FDRE (Setup_fdre_C_R)       -0.304    12.529    design_1_i/axi_dma_0/U0/I_PRMRY_DATAMOVER/GEN_S2MM_FULL.I_S2MM_FULL_WRAPPER/I_CMD_STATUS/I_CMD_FIFO/USE_SINGLE_REG.sig_regfifo_dout_reg_reg[63]
  -------------------------------------------------------------------
                         required time                         12.529    
                         arrival time                         -10.024    
  -------------------------------------------------------------------
                         slack                                  2.505    

Slack (MET) :             2.505ns  (required time - arrival time)
  Source:                 design_1_i/axi_dma_0/U0/I_PRMRY_DATAMOVER/GEN_S2MM_FULL.I_S2MM_FULL_WRAPPER/I_RESET/sig_cmd_stat_rst_user_reg_n_cdc_from_reg/C
                            (rising edge-triggered cell FDRE clocked by clk_fpga_0  {rise@0.000ns fall@5.000ns period=10.000ns})
  Destination:            design_1_i/axi_dma_0/U0/I_PRMRY_DATAMOVER/GEN_S2MM_FULL.I_S2MM_FULL_WRAPPER/I_CMD_STATUS/I_CMD_FIFO/USE_SINGLE_REG.sig_regfifo_dout_reg_reg[64]/R
                            (rising edge-triggered cell FDRE clocked by clk_fpga_0  {rise@0.000ns fall@5.000ns period=10.000ns})
  Path Group:             clk_fpga_0
  Path Type:              Setup (Max at Slow Process Corner)
  Requirement:            10.000ns  (clk_fpga_0 rise@10.000ns - clk_fpga_0 rise@0.000ns)
  Data Path Delay:        6.950ns  (logic 0.330ns (4.749%)  route 6.620ns (95.251%))
  Logic Levels:           1  (LUT1=1)
  Clock Path Skew:        -0.087ns (DCD - SCD + CPR)
    Destination Clock Delay (DCD):    2.835ns = ( 12.835 - 10.000 ) 
    Source Clock Delay      (SCD):    3.074ns
    Clock Pessimism Removal (CPR):    0.152ns
  Clock Uncertainty:      0.154ns  ((TSJ^2 + TIJ^2)^1/2 + DJ) / 2 + PE
    Total System Jitter     (TSJ):    0.071ns
    Total Input Jitter      (TIJ):    0.300ns
    Discrete Jitter          (DJ):    0.000ns
    Phase Error              (PE):    0.000ns

    Location             Delay type                Incr(ns)  Path(ns)    Netlist Resource(s)
  -------------------------------------------------------------------    -------------------
                         (clock clk_fpga_0 rise edge)
                                                      0.000     0.000 r  
    PS7_X0Y0             PS7                          0.000     0.000 r  design_1_i/processing_system7_0/inst/PS7_i/FCLKCLK[0]
                         net (fo=1, routed)           1.393     1.393    design_1_i/processing_system7_0/inst/FCLK_CLK_unbuffered[0]
    BUFGCTRL_X0Y16       BUFG (Prop_bufg_I_O)         0.093     1.486 r  design_1_i/processing_system7_0/inst/buffer_fclk_clk_0.FCLK_CLK_0_BUFG/O
                         net (fo=3740, routed)        1.588     3.074    design_1_i/axi_dma_0/U0/I_PRMRY_DATAMOVER/GEN_S2MM_FULL.I_S2MM_FULL_WRAPPER/I_RESET/m_axi_s2mm_aclk
    SLICE_X7Y249         FDRE                                         r  design_1_i/axi_dma_0/U0/I_PRMRY_DATAMOVER/GEN_S2MM_FULL.I_S2MM_FULL_WRAPPER/I_RESET/sig_cmd_stat_rst_user_reg_n_cdc_from_reg/C
  -------------------------------------------------------------------    -------------------
    SLICE_X7Y249         FDRE (Prop_fdre_C_Q)         0.204     3.278 f  design_1_i/axi_dma_0/U0/I_PRMRY_DATAMOVER/GEN_S2MM_FULL.I_S2MM_FULL_WRAPPER/I_RESET/sig_cmd_stat_rst_user_reg_n_cdc_from_reg/Q
                         net (fo=49, routed)          2.522     5.800    design_1_i/axi_dma_0/U0/I_PRMRY_DATAMOVER/GEN_S2MM_FULL.I_S2MM_FULL_WRAPPER/I_RESET/sig_cmd_stat_rst_user_reg_n_cdc_from
    SLICE_X1Y193         LUT1 (Prop_lut1_I0_O)        0.126     5.926 r  design_1_i/axi_dma_0/U0/I_PRMRY_DATAMOVER/GEN_S2MM_FULL.I_S2MM_FULL_WRAPPER/I_RESET/sig_strb_reg_out[15]_i_1/O
                         net (fo=689, routed)         4.098    10.024    design_1_i/axi_dma_0/U0/I_PRMRY_DATAMOVER/GEN_S2MM_FULL.I_S2MM_FULL_WRAPPER/I_CMD_STATUS/I_CMD_FIFO/sig_stream_rst
    SLICE_X28Y261        FDRE                                         r  design_1_i/axi_dma_0/U0/I_PRMRY_DATAMOVER/GEN_S2MM_FULL.I_S2MM_FULL_WRAPPER/I_CMD_STATUS/I_CMD_FIFO/USE_SINGLE_REG.sig_regfifo_dout_reg_reg[64]/R
  -------------------------------------------------------------------    -------------------

                         (clock clk_fpga_0 rise edge)
                                                     10.000    10.000 r  
    PS7_X0Y0             PS7                          0.000    10.000 r  design_1_i/processing_system7_0/inst/PS7_i/FCLKCLK[0]
                         net (fo=1, routed)           1.294    11.294    design_1_i/processing_system7_0/inst/FCLK_CLK_unbuffered[0]
    BUFGCTRL_X0Y16       BUFG (Prop_bufg_I_O)         0.083    11.377 r  design_1_i/processing_system7_0/inst/buffer_fclk_clk_0.FCLK_CLK_0_BUFG/O
                         net (fo=3740, routed)        1.458    12.835    design_1_i/axi_dma_0/U0/I_PRMRY_DATAMOVER/GEN_S2MM_FULL.I_S2MM_FULL_WRAPPER/I_CMD_STATUS/I_CMD_FIFO/m_axi_s2mm_aclk
    SLICE_X28Y261        FDRE                                         r  design_1_i/axi_dma_0/U0/I_PRMRY_DATAMOVER/GEN_S2MM_FULL.I_S2MM_FULL_WRAPPER/I_CMD_STATUS/I_CMD_FIFO/USE_SINGLE_REG.sig_regfifo_dout_reg_reg[64]/C
                         clock pessimism              0.152    12.987    
                         clock uncertainty           -0.154    12.833    
    SLICE_X28Y261        FDRE (Setup_fdre_C_R)       -0.304    12.529    design_1_i/axi_dma_0/U0/I_PRMRY_DATAMOVER/GEN_S2MM_FULL.I_S2MM_FULL_WRAPPER/I_CMD_STATUS/I_CMD_FIFO/USE_SINGLE_REG.sig_regfifo_dout_reg_reg[64]
  -------------------------------------------------------------------
                         required time                         12.529    
                         arrival time                         -10.024    
  -------------------------------------------------------------------
                         slack                                  2.505    

Slack (MET) :             2.505ns  (required time - arrival time)
  Source:                 design_1_i/axi_dma_0/U0/I_PRMRY_DATAMOVER/GEN_S2MM_FULL.I_S2MM_FULL_WRAPPER/I_RESET/sig_cmd_stat_rst_user_reg_n_cdc_from_reg/C
                            (rising edge-triggered cell FDRE clocked by clk_fpga_0  {rise@0.000ns fall@5.000ns period=10.000ns})
  Destination:            design_1_i/axi_dma_0/U0/I_PRMRY_DATAMOVER/GEN_S2MM_FULL.I_S2MM_FULL_WRAPPER/I_CMD_STATUS/I_CMD_FIFO/USE_SINGLE_REG.sig_regfifo_dout_reg_reg[65]/R
                            (rising edge-triggered cell FDRE clocked by clk_fpga_0  {rise@0.000ns fall@5.000ns period=10.000ns})
  Path Group:             clk_fpga_0
  Path Type:              Setup (Max at Slow Process Corner)
  Requirement:            10.000ns  (clk_fpga_0 rise@10.000ns - clk_fpga_0 rise@0.000ns)
  Data Path Delay:        6.950ns  (logic 0.330ns (4.749%)  route 6.620ns (95.251%))
  Logic Levels:           1  (LUT1=1)
  Clock Path Skew:        -0.087ns (DCD - SCD + CPR)
    Destination Clock Delay (DCD):    2.835ns = ( 12.835 - 10.000 ) 
    Source Clock Delay      (SCD):    3.074ns
    Clock Pessimism Removal (CPR):    0.152ns
  Clock Uncertainty:      0.154ns  ((TSJ^2 + TIJ^2)^1/2 + DJ) / 2 + PE
    Total System Jitter     (TSJ):    0.071ns
    Total Input Jitter      (TIJ):    0.300ns
    Discrete Jitter          (DJ):    0.000ns
    Phase Error              (PE):    0.000ns

    Location             Delay type                Incr(ns)  Path(ns)    Netlist Resource(s)
  -------------------------------------------------------------------    -------------------
                         (clock clk_fpga_0 rise edge)
                                                      0.000     0.000 r  
    PS7_X0Y0             PS7                          0.000     0.000 r  design_1_i/processing_system7_0/inst/PS7_i/FCLKCLK[0]
                         net (fo=1, routed)           1.393     1.393    design_1_i/processing_system7_0/inst/FCLK_CLK_unbuffered[0]
    BUFGCTRL_X0Y16       BUFG (Prop_bufg_I_O)         0.093     1.486 r  design_1_i/processing_system7_0/inst/buffer_fclk_clk_0.FCLK_CLK_0_BUFG/O
                         net (fo=3740, routed)        1.588     3.074    design_1_i/axi_dma_0/U0/I_PRMRY_DATAMOVER/GEN_S2MM_FULL.I_S2MM_FULL_WRAPPER/I_RESET/m_axi_s2mm_aclk
    SLICE_X7Y249         FDRE                                         r  design_1_i/axi_dma_0/U0/I_PRMRY_DATAMOVER/GEN_S2MM_FULL.I_S2MM_FULL_WRAPPER/I_RESET/sig_cmd_stat_rst_user_reg_n_cdc_from_reg/C
  -------------------------------------------------------------------    -------------------
    SLICE_X7Y249         FDRE (Prop_fdre_C_Q)         0.204     3.278 f  design_1_i/axi_dma_0/U0/I_PRMRY_DATAMOVER/GEN_S2MM_FULL.I_S2MM_FULL_WRAPPER/I_RESET/sig_cmd_stat_rst_user_reg_n_cdc_from_reg/Q
                         net (fo=49, routed)          2.522     5.800    design_1_i/axi_dma_0/U0/I_PRMRY_DATAMOVER/GEN_S2MM_FULL.I_S2MM_FULL_WRAPPER/I_RESET/sig_cmd_stat_rst_user_reg_n_cdc_from
    SLICE_X1Y193         LUT1 (Prop_lut1_I0_O)        0.126     5.926 r  design_1_i/axi_dma_0/U0/I_PRMRY_DATAMOVER/GEN_S2MM_FULL.I_S2MM_FULL_WRAPPER/I_RESET/sig_strb_reg_out[15]_i_1/O
                         net (fo=689, routed)         4.098    10.024    design_1_i/axi_dma_0/U0/I_PRMRY_DATAMOVER/GEN_S2MM_FULL.I_S2MM_FULL_WRAPPER/I_CMD_STATUS/I_CMD_FIFO/sig_stream_rst
    SLICE_X28Y261        FDRE                                         r  design_1_i/axi_dma_0/U0/I_PRMRY_DATAMOVER/GEN_S2MM_FULL.I_S2MM_FULL_WRAPPER/I_CMD_STATUS/I_CMD_FIFO/USE_SINGLE_REG.sig_regfifo_dout_reg_reg[65]/R
  -------------------------------------------------------------------    -------------------

                         (clock clk_fpga_0 rise edge)
                                                     10.000    10.000 r  
    PS7_X0Y0             PS7                          0.000    10.000 r  design_1_i/processing_system7_0/inst/PS7_i/FCLKCLK[0]
                         net (fo=1, routed)           1.294    11.294    design_1_i/processing_system7_0/inst/FCLK_CLK_unbuffered[0]
    BUFGCTRL_X0Y16       BUFG (Prop_bufg_I_O)         0.083    11.377 r  design_1_i/processing_system7_0/inst/buffer_fclk_clk_0.FCLK_CLK_0_BUFG/O
                         net (fo=3740, routed)        1.458    12.835    design_1_i/axi_dma_0/U0/I_PRMRY_DATAMOVER/GEN_S2MM_FULL.I_S2MM_FULL_WRAPPER/I_CMD_STATUS/I_CMD_FIFO/m_axi_s2mm_aclk
    SLICE_X28Y261        FDRE                                         r  design_1_i/axi_dma_0/U0/I_PRMRY_DATAMOVER/GEN_S2MM_FULL.I_S2MM_FULL_WRAPPER/I_CMD_STATUS/I_CMD_FIFO/USE_SINGLE_REG.sig_regfifo_dout_reg_reg[65]/C
                         clock pessimism              0.152    12.987    
                         clock uncertainty           -0.154    12.833    
    SLICE_X28Y261        FDRE (Setup_fdre_C_R)       -0.304    12.529    design_1_i/axi_dma_0/U0/I_PRMRY_DATAMOVER/GEN_S2MM_FULL.I_S2MM_FULL_WRAPPER/I_CMD_STATUS/I_CMD_FIFO/USE_SINGLE_REG.sig_regfifo_dout_reg_reg[65]
  -------------------------------------------------------------------
                         required time                         12.529    
                         arrival time                         -10.024    
  -------------------------------------------------------------------
                         slack                                  2.505    

Slack (MET) :             2.505ns  (required time - arrival time)
  Source:                 design_1_i/axi_dma_0/U0/I_PRMRY_DATAMOVER/GEN_S2MM_FULL.I_S2MM_FULL_WRAPPER/I_RESET/sig_cmd_stat_rst_user_reg_n_cdc_from_reg/C
                            (rising edge-triggered cell FDRE clocked by clk_fpga_0  {rise@0.000ns fall@5.000ns period=10.000ns})
  Destination:            design_1_i/axi_dma_0/U0/I_PRMRY_DATAMOVER/GEN_S2MM_FULL.I_S2MM_FULL_WRAPPER/I_CMD_STATUS/I_CMD_FIFO/USE_SINGLE_REG.sig_regfifo_dout_reg_reg[66]/R
                            (rising edge-triggered cell FDRE clocked by clk_fpga_0  {rise@0.000ns fall@5.000ns period=10.000ns})
  Path Group:             clk_fpga_0
  Path Type:              Setup (Max at Slow Process Corner)
  Requirement:            10.000ns  (clk_fpga_0 rise@10.000ns - clk_fpga_0 rise@0.000ns)
  Data Path Delay:        6.950ns  (logic 0.330ns (4.749%)  route 6.620ns (95.251%))
  Logic Levels:           1  (LUT1=1)
  Clock Path Skew:        -0.087ns (DCD - SCD + CPR)
    Destination Clock Delay (DCD):    2.835ns = ( 12.835 - 10.000 ) 
    Source Clock Delay      (SCD):    3.074ns
    Clock Pessimism Removal (CPR):    0.152ns
  Clock Uncertainty:      0.154ns  ((TSJ^2 + TIJ^2)^1/2 + DJ) / 2 + PE
    Total System Jitter     (TSJ):    0.071ns
    Total Input Jitter      (TIJ):    0.300ns
    Discrete Jitter          (DJ):    0.000ns
    Phase Error              (PE):    0.000ns

    Location             Delay type                Incr(ns)  Path(ns)    Netlist Resource(s)
  -------------------------------------------------------------------    -------------------
                         (clock clk_fpga_0 rise edge)
                                                      0.000     0.000 r  
    PS7_X0Y0             PS7                          0.000     0.000 r  design_1_i/processing_system7_0/inst/PS7_i/FCLKCLK[0]
                         net (fo=1, routed)           1.393     1.393    design_1_i/processing_system7_0/inst/FCLK_CLK_unbuffered[0]
    BUFGCTRL_X0Y16       BUFG (Prop_bufg_I_O)         0.093     1.486 r  design_1_i/processing_system7_0/inst/buffer_fclk_clk_0.FCLK_CLK_0_BUFG/O
                         net (fo=3740, routed)        1.588     3.074    design_1_i/axi_dma_0/U0/I_PRMRY_DATAMOVER/GEN_S2MM_FULL.I_S2MM_FULL_WRAPPER/I_RESET/m_axi_s2mm_aclk
    SLICE_X7Y249         FDRE                                         r  design_1_i/axi_dma_0/U0/I_PRMRY_DATAMOVER/GEN_S2MM_FULL.I_S2MM_FULL_WRAPPER/I_RESET/sig_cmd_stat_rst_user_reg_n_cdc_from_reg/C
  -------------------------------------------------------------------    -------------------
    SLICE_X7Y249         FDRE (Prop_fdre_C_Q)         0.204     3.278 f  design_1_i/axi_dma_0/U0/I_PRMRY_DATAMOVER/GEN_S2MM_FULL.I_S2MM_FULL_WRAPPER/I_RESET/sig_cmd_stat_rst_user_reg_n_cdc_from_reg/Q
                         net (fo=49, routed)          2.522     5.800    design_1_i/axi_dma_0/U0/I_PRMRY_DATAMOVER/GEN_S2MM_FULL.I_S2MM_FULL_WRAPPER/I_RESET/sig_cmd_stat_rst_user_reg_n_cdc_from
    SLICE_X1Y193         LUT1 (Prop_lut1_I0_O)        0.126     5.926 r  design_1_i/axi_dma_0/U0/I_PRMRY_DATAMOVER/GEN_S2MM_FULL.I_S2MM_FULL_WRAPPER/I_RESET/sig_strb_reg_out[15]_i_1/O
                         net (fo=689, routed)         4.098    10.024    design_1_i/axi_dma_0/U0/I_PRMRY_DATAMOVER/GEN_S2MM_FULL.I_S2MM_FULL_WRAPPER/I_CMD_STATUS/I_CMD_FIFO/sig_stream_rst
    SLICE_X28Y261        FDRE                                         r  design_1_i/axi_dma_0/U0/I_PRMRY_DATAMOVER/GEN_S2MM_FULL.I_S2MM_FULL_WRAPPER/I_CMD_STATUS/I_CMD_FIFO/USE_SINGLE_REG.sig_regfifo_dout_reg_reg[66]/R
  -------------------------------------------------------------------    -------------------

                         (clock clk_fpga_0 rise edge)
                                                     10.000    10.000 r  
    PS7_X0Y0             PS7                          0.000    10.000 r  design_1_i/processing_system7_0/inst/PS7_i/FCLKCLK[0]
                         net (fo=1, routed)           1.294    11.294    design_1_i/processing_system7_0/inst/FCLK_CLK_unbuffered[0]
    BUFGCTRL_X0Y16       BUFG (Prop_bufg_I_O)         0.083    11.377 r  design_1_i/processing_system7_0/inst/buffer_fclk_clk_0.FCLK_CLK_0_BUFG/O
                         net (fo=3740, routed)        1.458    12.835    design_1_i/axi_dma_0/U0/I_PRMRY_DATAMOVER/GEN_S2MM_FULL.I_S2MM_FULL_WRAPPER/I_CMD_STATUS/I_CMD_FIFO/m_axi_s2mm_aclk
    SLICE_X28Y261        FDRE                                         r  design_1_i/axi_dma_0/U0/I_PRMRY_DATAMOVER/GEN_S2MM_FULL.I_S2MM_FULL_WRAPPER/I_CMD_STATUS/I_CMD_FIFO/USE_SINGLE_REG.sig_regfifo_dout_reg_reg[66]/C
                         clock pessimism              0.152    12.987    
                         clock uncertainty           -0.154    12.833    
    SLICE_X28Y261        FDRE (Setup_fdre_C_R)       -0.304    12.529    design_1_i/axi_dma_0/U0/I_PRMRY_DATAMOVER/GEN_S2MM_FULL.I_S2MM_FULL_WRAPPER/I_CMD_STATUS/I_CMD_FIFO/USE_SINGLE_REG.sig_regfifo_dout_reg_reg[66]
  -------------------------------------------------------------------
                         required time                         12.529    
                         arrival time                         -10.024    
  -------------------------------------------------------------------
                         slack                                  2.505    

Slack (MET) :             2.507ns  (required time - arrival time)
  Source:                 design_1_i/axi_dma_0/U0/I_PRMRY_DATAMOVER/GEN_S2MM_FULL.I_S2MM_FULL_WRAPPER/I_RESET/sig_cmd_stat_rst_user_reg_n_cdc_from_reg/C
                            (rising edge-triggered cell FDRE clocked by clk_fpga_0  {rise@0.000ns fall@5.000ns period=10.000ns})
  Destination:            design_1_i/axi_dma_0/U0/I_PRMRY_DATAMOVER/GEN_S2MM_FULL.I_S2MM_FULL_WRAPPER/I_CMD_STATUS/I_CMD_FIFO/USE_SINGLE_REG.sig_regfifo_dout_reg_reg[59]/R
                            (rising edge-triggered cell FDRE clocked by clk_fpga_0  {rise@0.000ns fall@5.000ns period=10.000ns})
  Path Group:             clk_fpga_0
  Path Type:              Setup (Max at Slow Process Corner)
  Requirement:            10.000ns  (clk_fpga_0 rise@10.000ns - clk_fpga_0 rise@0.000ns)
  Data Path Delay:        6.947ns  (logic 0.330ns (4.750%)  route 6.617ns (95.250%))
  Logic Levels:           1  (LUT1=1)
  Clock Path Skew:        -0.087ns (DCD - SCD + CPR)
    Destination Clock Delay (DCD):    2.835ns = ( 12.835 - 10.000 ) 
    Source Clock Delay      (SCD):    3.074ns
    Clock Pessimism Removal (CPR):    0.152ns
  Clock Uncertainty:      0.154ns  ((TSJ^2 + TIJ^2)^1/2 + DJ) / 2 + PE
    Total System Jitter     (TSJ):    0.071ns
    Total Input Jitter      (TIJ):    0.300ns
    Discrete Jitter          (DJ):    0.000ns
    Phase Error              (PE):    0.000ns

    Location             Delay type                Incr(ns)  Path(ns)    Netlist Resource(s)
  -------------------------------------------------------------------    -------------------
                         (clock clk_fpga_0 rise edge)
                                                      0.000     0.000 r  
    PS7_X0Y0             PS7                          0.000     0.000 r  design_1_i/processing_system7_0/inst/PS7_i/FCLKCLK[0]
                         net (fo=1, routed)           1.393     1.393    design_1_i/processing_system7_0/inst/FCLK_CLK_unbuffered[0]
    BUFGCTRL_X0Y16       BUFG (Prop_bufg_I_O)         0.093     1.486 r  design_1_i/processing_system7_0/inst/buffer_fclk_clk_0.FCLK_CLK_0_BUFG/O
                         net (fo=3740, routed)        1.588     3.074    design_1_i/axi_dma_0/U0/I_PRMRY_DATAMOVER/GEN_S2MM_FULL.I_S2MM_FULL_WRAPPER/I_RESET/m_axi_s2mm_aclk
    SLICE_X7Y249         FDRE                                         r  design_1_i/axi_dma_0/U0/I_PRMRY_DATAMOVER/GEN_S2MM_FULL.I_S2MM_FULL_WRAPPER/I_RESET/sig_cmd_stat_rst_user_reg_n_cdc_from_reg/C
  -------------------------------------------------------------------    -------------------
    SLICE_X7Y249         FDRE (Prop_fdre_C_Q)         0.204     3.278 f  design_1_i/axi_dma_0/U0/I_PRMRY_DATAMOVER/GEN_S2MM_FULL.I_S2MM_FULL_WRAPPER/I_RESET/sig_cmd_stat_rst_user_reg_n_cdc_from_reg/Q
                         net (fo=49, routed)          2.522     5.800    design_1_i/axi_dma_0/U0/I_PRMRY_DATAMOVER/GEN_S2MM_FULL.I_S2MM_FULL_WRAPPER/I_RESET/sig_cmd_stat_rst_user_reg_n_cdc_from
    SLICE_X1Y193         LUT1 (Prop_lut1_I0_O)        0.126     5.926 r  design_1_i/axi_dma_0/U0/I_PRMRY_DATAMOVER/GEN_S2MM_FULL.I_S2MM_FULL_WRAPPER/I_RESET/sig_strb_reg_out[15]_i_1/O
                         net (fo=689, routed)         4.096    10.021    design_1_i/axi_dma_0/U0/I_PRMRY_DATAMOVER/GEN_S2MM_FULL.I_S2MM_FULL_WRAPPER/I_CMD_STATUS/I_CMD_FIFO/sig_stream_rst
    SLICE_X29Y261        FDRE                                         r  design_1_i/axi_dma_0/U0/I_PRMRY_DATAMOVER/GEN_S2MM_FULL.I_S2MM_FULL_WRAPPER/I_CMD_STATUS/I_CMD_FIFO/USE_SINGLE_REG.sig_regfifo_dout_reg_reg[59]/R
  -------------------------------------------------------------------    -------------------

                         (clock clk_fpga_0 rise edge)
                                                     10.000    10.000 r  
    PS7_X0Y0             PS7                          0.000    10.000 r  design_1_i/processing_system7_0/inst/PS7_i/FCLKCLK[0]
                         net (fo=1, routed)           1.294    11.294    design_1_i/processing_system7_0/inst/FCLK_CLK_unbuffered[0]
    BUFGCTRL_X0Y16       BUFG (Prop_bufg_I_O)         0.083    11.377 r  design_1_i/processing_system7_0/inst/buffer_fclk_clk_0.FCLK_CLK_0_BUFG/O
                         net (fo=3740, routed)        1.458    12.835    design_1_i/axi_dma_0/U0/I_PRMRY_DATAMOVER/GEN_S2MM_FULL.I_S2MM_FULL_WRAPPER/I_CMD_STATUS/I_CMD_FIFO/m_axi_s2mm_aclk
    SLICE_X29Y261        FDRE                                         r  design_1_i/axi_dma_0/U0/I_PRMRY_DATAMOVER/GEN_S2MM_FULL.I_S2MM_FULL_WRAPPER/I_CMD_STATUS/I_CMD_FIFO/USE_SINGLE_REG.sig_regfifo_dout_reg_reg[59]/C
                         clock pessimism              0.152    12.987    
                         clock uncertainty           -0.154    12.833    
    SLICE_X29Y261        FDRE (Setup_fdre_C_R)       -0.304    12.529    design_1_i/axi_dma_0/U0/I_PRMRY_DATAMOVER/GEN_S2MM_FULL.I_S2MM_FULL_WRAPPER/I_CMD_STATUS/I_CMD_FIFO/USE_SINGLE_REG.sig_regfifo_dout_reg_reg[59]
  -------------------------------------------------------------------
                         required time                         12.529    
                         arrival time                         -10.021    
  -------------------------------------------------------------------
                         slack                                  2.507    

Slack (MET) :             2.507ns  (required time - arrival time)
  Source:                 design_1_i/axi_dma_0/U0/I_PRMRY_DATAMOVER/GEN_S2MM_FULL.I_S2MM_FULL_WRAPPER/I_RESET/sig_cmd_stat_rst_user_reg_n_cdc_from_reg/C
                            (rising edge-triggered cell FDRE clocked by clk_fpga_0  {rise@0.000ns fall@5.000ns period=10.000ns})
  Destination:            design_1_i/axi_dma_0/U0/I_PRMRY_DATAMOVER/GEN_S2MM_FULL.I_S2MM_FULL_WRAPPER/I_CMD_STATUS/I_CMD_FIFO/USE_SINGLE_REG.sig_regfifo_dout_reg_reg[60]/R
                            (rising edge-triggered cell FDRE clocked by clk_fpga_0  {rise@0.000ns fall@5.000ns period=10.000ns})
  Path Group:             clk_fpga_0
  Path Type:              Setup (Max at Slow Process Corner)
  Requirement:            10.000ns  (clk_fpga_0 rise@10.000ns - clk_fpga_0 rise@0.000ns)
  Data Path Delay:        6.947ns  (logic 0.330ns (4.750%)  route 6.617ns (95.250%))
  Logic Levels:           1  (LUT1=1)
  Clock Path Skew:        -0.087ns (DCD - SCD + CPR)
    Destination Clock Delay (DCD):    2.835ns = ( 12.835 - 10.000 ) 
    Source Clock Delay      (SCD):    3.074ns
    Clock Pessimism Removal (CPR):    0.152ns
  Clock Uncertainty:      0.154ns  ((TSJ^2 + TIJ^2)^1/2 + DJ) / 2 + PE
    Total System Jitter     (TSJ):    0.071ns
    Total Input Jitter      (TIJ):    0.300ns
    Discrete Jitter          (DJ):    0.000ns
    Phase Error              (PE):    0.000ns

    Location             Delay type                Incr(ns)  Path(ns)    Netlist Resource(s)
  -------------------------------------------------------------------    -------------------
                         (clock clk_fpga_0 rise edge)
                                                      0.000     0.000 r  
    PS7_X0Y0             PS7                          0.000     0.000 r  design_1_i/processing_system7_0/inst/PS7_i/FCLKCLK[0]
                         net (fo=1, routed)           1.393     1.393    design_1_i/processing_system7_0/inst/FCLK_CLK_unbuffered[0]
    BUFGCTRL_X0Y16       BUFG (Prop_bufg_I_O)         0.093     1.486 r  design_1_i/processing_system7_0/inst/buffer_fclk_clk_0.FCLK_CLK_0_BUFG/O
                         net (fo=3740, routed)        1.588     3.074    design_1_i/axi_dma_0/U0/I_PRMRY_DATAMOVER/GEN_S2MM_FULL.I_S2MM_FULL_WRAPPER/I_RESET/m_axi_s2mm_aclk
    SLICE_X7Y249         FDRE                                         r  design_1_i/axi_dma_0/U0/I_PRMRY_DATAMOVER/GEN_S2MM_FULL.I_S2MM_FULL_WRAPPER/I_RESET/sig_cmd_stat_rst_user_reg_n_cdc_from_reg/C
  -------------------------------------------------------------------    -------------------
    SLICE_X7Y249         FDRE (Prop_fdre_C_Q)         0.204     3.278 f  design_1_i/axi_dma_0/U0/I_PRMRY_DATAMOVER/GEN_S2MM_FULL.I_S2MM_FULL_WRAPPER/I_RESET/sig_cmd_stat_rst_user_reg_n_cdc_from_reg/Q
                         net (fo=49, routed)          2.522     5.800    design_1_i/axi_dma_0/U0/I_PRMRY_DATAMOVER/GEN_S2MM_FULL.I_S2MM_FULL_WRAPPER/I_RESET/sig_cmd_stat_rst_user_reg_n_cdc_from
    SLICE_X1Y193         LUT1 (Prop_lut1_I0_O)        0.126     5.926 r  design_1_i/axi_dma_0/U0/I_PRMRY_DATAMOVER/GEN_S2MM_FULL.I_S2MM_FULL_WRAPPER/I_RESET/sig_strb_reg_out[15]_i_1/O
                         net (fo=689, routed)         4.096    10.021    design_1_i/axi_dma_0/U0/I_PRMRY_DATAMOVER/GEN_S2MM_FULL.I_S2MM_FULL_WRAPPER/I_CMD_STATUS/I_CMD_FIFO/sig_stream_rst
    SLICE_X29Y261        FDRE                                         r  design_1_i/axi_dma_0/U0/I_PRMRY_DATAMOVER/GEN_S2MM_FULL.I_S2MM_FULL_WRAPPER/I_CMD_STATUS/I_CMD_FIFO/USE_SINGLE_REG.sig_regfifo_dout_reg_reg[60]/R
  -------------------------------------------------------------------    -------------------

                         (clock clk_fpga_0 rise edge)
                                                     10.000    10.000 r  
    PS7_X0Y0             PS7                          0.000    10.000 r  design_1_i/processing_system7_0/inst/PS7_i/FCLKCLK[0]
                         net (fo=1, routed)           1.294    11.294    design_1_i/processing_system7_0/inst/FCLK_CLK_unbuffered[0]
    BUFGCTRL_X0Y16       BUFG (Prop_bufg_I_O)         0.083    11.377 r  design_1_i/processing_system7_0/inst/buffer_fclk_clk_0.FCLK_CLK_0_BUFG/O
                         net (fo=3740, routed)        1.458    12.835    design_1_i/axi_dma_0/U0/I_PRMRY_DATAMOVER/GEN_S2MM_FULL.I_S2MM_FULL_WRAPPER/I_CMD_STATUS/I_CMD_FIFO/m_axi_s2mm_aclk
    SLICE_X29Y261        FDRE                                         r  design_1_i/axi_dma_0/U0/I_PRMRY_DATAMOVER/GEN_S2MM_FULL.I_S2MM_FULL_WRAPPER/I_CMD_STATUS/I_CMD_FIFO/USE_SINGLE_REG.sig_regfifo_dout_reg_reg[60]/C
                         clock pessimism              0.152    12.987    
                         clock uncertainty           -0.154    12.833    
    SLICE_X29Y261        FDRE (Setup_fdre_C_R)       -0.304    12.529    design_1_i/axi_dma_0/U0/I_PRMRY_DATAMOVER/GEN_S2MM_FULL.I_S2MM_FULL_WRAPPER/I_CMD_STATUS/I_CMD_FIFO/USE_SINGLE_REG.sig_regfifo_dout_reg_reg[60]
  -------------------------------------------------------------------
                         required time                         12.529    
                         arrival time                         -10.021    
  -------------------------------------------------------------------
                         slack                                  2.507    

Slack (MET) :             2.507ns  (required time - arrival time)
  Source:                 design_1_i/axi_dma_0/U0/I_PRMRY_DATAMOVER/GEN_S2MM_FULL.I_S2MM_FULL_WRAPPER/I_RESET/sig_cmd_stat_rst_user_reg_n_cdc_from_reg/C
                            (rising edge-triggered cell FDRE clocked by clk_fpga_0  {rise@0.000ns fall@5.000ns period=10.000ns})
  Destination:            design_1_i/axi_dma_0/U0/I_PRMRY_DATAMOVER/GEN_S2MM_FULL.I_S2MM_FULL_WRAPPER/I_CMD_STATUS/I_CMD_FIFO/USE_SINGLE_REG.sig_regfifo_dout_reg_reg[61]/R
                            (rising edge-triggered cell FDRE clocked by clk_fpga_0  {rise@0.000ns fall@5.000ns period=10.000ns})
  Path Group:             clk_fpga_0
  Path Type:              Setup (Max at Slow Process Corner)
  Requirement:            10.000ns  (clk_fpga_0 rise@10.000ns - clk_fpga_0 rise@0.000ns)
  Data Path Delay:        6.947ns  (logic 0.330ns (4.750%)  route 6.617ns (95.250%))
  Logic Levels:           1  (LUT1=1)
  Clock Path Skew:        -0.087ns (DCD - SCD + CPR)
    Destination Clock Delay (DCD):    2.835ns = ( 12.835 - 10.000 ) 
    Source Clock Delay      (SCD):    3.074ns
    Clock Pessimism Removal (CPR):    0.152ns
  Clock Uncertainty:      0.154ns  ((TSJ^2 + TIJ^2)^1/2 + DJ) / 2 + PE
    Total System Jitter     (TSJ):    0.071ns
    Total Input Jitter      (TIJ):    0.300ns
    Discrete Jitter          (DJ):    0.000ns
    Phase Error              (PE):    0.000ns

    Location             Delay type                Incr(ns)  Path(ns)    Netlist Resource(s)
  -------------------------------------------------------------------    -------------------
                         (clock clk_fpga_0 rise edge)
                                                      0.000     0.000 r  
    PS7_X0Y0             PS7                          0.000     0.000 r  design_1_i/processing_system7_0/inst/PS7_i/FCLKCLK[0]
                         net (fo=1, routed)           1.393     1.393    design_1_i/processing_system7_0/inst/FCLK_CLK_unbuffered[0]
    BUFGCTRL_X0Y16       BUFG (Prop_bufg_I_O)         0.093     1.486 r  design_1_i/processing_system7_0/inst/buffer_fclk_clk_0.FCLK_CLK_0_BUFG/O
                         net (fo=3740, routed)        1.588     3.074    design_1_i/axi_dma_0/U0/I_PRMRY_DATAMOVER/GEN_S2MM_FULL.I_S2MM_FULL_WRAPPER/I_RESET/m_axi_s2mm_aclk
    SLICE_X7Y249         FDRE                                         r  design_1_i/axi_dma_0/U0/I_PRMRY_DATAMOVER/GEN_S2MM_FULL.I_S2MM_FULL_WRAPPER/I_RESET/sig_cmd_stat_rst_user_reg_n_cdc_from_reg/C
  -------------------------------------------------------------------    -------------------
    SLICE_X7Y249         FDRE (Prop_fdre_C_Q)         0.204     3.278 f  design_1_i/axi_dma_0/U0/I_PRMRY_DATAMOVER/GEN_S2MM_FULL.I_S2MM_FULL_WRAPPER/I_RESET/sig_cmd_stat_rst_user_reg_n_cdc_from_reg/Q
                         net (fo=49, routed)          2.522     5.800    design_1_i/axi_dma_0/U0/I_PRMRY_DATAMOVER/GEN_S2MM_FULL.I_S2MM_FULL_WRAPPER/I_RESET/sig_cmd_stat_rst_user_reg_n_cdc_from
    SLICE_X1Y193         LUT1 (Prop_lut1_I0_O)        0.126     5.926 r  design_1_i/axi_dma_0/U0/I_PRMRY_DATAMOVER/GEN_S2MM_FULL.I_S2MM_FULL_WRAPPER/I_RESET/sig_strb_reg_out[15]_i_1/O
                         net (fo=689, routed)         4.096    10.021    design_1_i/axi_dma_0/U0/I_PRMRY_DATAMOVER/GEN_S2MM_FULL.I_S2MM_FULL_WRAPPER/I_CMD_STATUS/I_CMD_FIFO/sig_stream_rst
    SLICE_X29Y261        FDRE                                         r  design_1_i/axi_dma_0/U0/I_PRMRY_DATAMOVER/GEN_S2MM_FULL.I_S2MM_FULL_WRAPPER/I_CMD_STATUS/I_CMD_FIFO/USE_SINGLE_REG.sig_regfifo_dout_reg_reg[61]/R
  -------------------------------------------------------------------    -------------------

                         (clock clk_fpga_0 rise edge)
                                                     10.000    10.000 r  
    PS7_X0Y0             PS7                          0.000    10.000 r  design_1_i/processing_system7_0/inst/PS7_i/FCLKCLK[0]
                         net (fo=1, routed)           1.294    11.294    design_1_i/processing_system7_0/inst/FCLK_CLK_unbuffered[0]
    BUFGCTRL_X0Y16       BUFG (Prop_bufg_I_O)         0.083    11.377 r  design_1_i/processing_system7_0/inst/buffer_fclk_clk_0.FCLK_CLK_0_BUFG/O
                         net (fo=3740, routed)        1.458    12.835    design_1_i/axi_dma_0/U0/I_PRMRY_DATAMOVER/GEN_S2MM_FULL.I_S2MM_FULL_WRAPPER/I_CMD_STATUS/I_CMD_FIFO/m_axi_s2mm_aclk
    SLICE_X29Y261        FDRE                                         r  design_1_i/axi_dma_0/U0/I_PRMRY_DATAMOVER/GEN_S2MM_FULL.I_S2MM_FULL_WRAPPER/I_CMD_STATUS/I_CMD_FIFO/USE_SINGLE_REG.sig_regfifo_dout_reg_reg[61]/C
                         clock pessimism              0.152    12.987    
                         clock uncertainty           -0.154    12.833    
    SLICE_X29Y261        FDRE (Setup_fdre_C_R)       -0.304    12.529    design_1_i/axi_dma_0/U0/I_PRMRY_DATAMOVER/GEN_S2MM_FULL.I_S2MM_FULL_WRAPPER/I_CMD_STATUS/I_CMD_FIFO/USE_SINGLE_REG.sig_regfifo_dout_reg_reg[61]
  -------------------------------------------------------------------
                         required time                         12.529    
                         arrival time                         -10.021    
  -------------------------------------------------------------------
                         slack                                  2.507    

Slack (MET) :             2.507ns  (required time - arrival time)
  Source:                 design_1_i/axi_dma_0/U0/I_PRMRY_DATAMOVER/GEN_S2MM_FULL.I_S2MM_FULL_WRAPPER/I_RESET/sig_cmd_stat_rst_user_reg_n_cdc_from_reg/C
                            (rising edge-triggered cell FDRE clocked by clk_fpga_0  {rise@0.000ns fall@5.000ns period=10.000ns})
  Destination:            design_1_i/axi_dma_0/U0/I_PRMRY_DATAMOVER/GEN_S2MM_FULL.I_S2MM_FULL_WRAPPER/I_CMD_STATUS/I_CMD_FIFO/USE_SINGLE_REG.sig_regfifo_dout_reg_reg[62]/R
                            (rising edge-triggered cell FDRE clocked by clk_fpga_0  {rise@0.000ns fall@5.000ns period=10.000ns})
  Path Group:             clk_fpga_0
  Path Type:              Setup (Max at Slow Process Corner)
  Requirement:            10.000ns  (clk_fpga_0 rise@10.000ns - clk_fpga_0 rise@0.000ns)
  Data Path Delay:        6.947ns  (logic 0.330ns (4.750%)  route 6.617ns (95.250%))
  Logic Levels:           1  (LUT1=1)
  Clock Path Skew:        -0.087ns (DCD - SCD + CPR)
    Destination Clock Delay (DCD):    2.835ns = ( 12.835 - 10.000 ) 
    Source Clock Delay      (SCD):    3.074ns
    Clock Pessimism Removal (CPR):    0.152ns
  Clock Uncertainty:      0.154ns  ((TSJ^2 + TIJ^2)^1/2 + DJ) / 2 + PE
    Total System Jitter     (TSJ):    0.071ns
    Total Input Jitter      (TIJ):    0.300ns
    Discrete Jitter          (DJ):    0.000ns
    Phase Error              (PE):    0.000ns

    Location             Delay type                Incr(ns)  Path(ns)    Netlist Resource(s)
  -------------------------------------------------------------------    -------------------
                         (clock clk_fpga_0 rise edge)
                                                      0.000     0.000 r  
    PS7_X0Y0             PS7                          0.000     0.000 r  design_1_i/processing_system7_0/inst/PS7_i/FCLKCLK[0]
                         net (fo=1, routed)           1.393     1.393    design_1_i/processing_system7_0/inst/FCLK_CLK_unbuffered[0]
    BUFGCTRL_X0Y16       BUFG (Prop_bufg_I_O)         0.093     1.486 r  design_1_i/processing_system7_0/inst/buffer_fclk_clk_0.FCLK_CLK_0_BUFG/O
                         net (fo=3740, routed)        1.588     3.074    design_1_i/axi_dma_0/U0/I_PRMRY_DATAMOVER/GEN_S2MM_FULL.I_S2MM_FULL_WRAPPER/I_RESET/m_axi_s2mm_aclk
    SLICE_X7Y249         FDRE                                         r  design_1_i/axi_dma_0/U0/I_PRMRY_DATAMOVER/GEN_S2MM_FULL.I_S2MM_FULL_WRAPPER/I_RESET/sig_cmd_stat_rst_user_reg_n_cdc_from_reg/C
  -------------------------------------------------------------------    -------------------
    SLICE_X7Y249         FDRE (Prop_fdre_C_Q)         0.204     3.278 f  design_1_i/axi_dma_0/U0/I_PRMRY_DATAMOVER/GEN_S2MM_FULL.I_S2MM_FULL_WRAPPER/I_RESET/sig_cmd_stat_rst_user_reg_n_cdc_from_reg/Q
                         net (fo=49, routed)          2.522     5.800    design_1_i/axi_dma_0/U0/I_PRMRY_DATAMOVER/GEN_S2MM_FULL.I_S2MM_FULL_WRAPPER/I_RESET/sig_cmd_stat_rst_user_reg_n_cdc_from
    SLICE_X1Y193         LUT1 (Prop_lut1_I0_O)        0.126     5.926 r  design_1_i/axi_dma_0/U0/I_PRMRY_DATAMOVER/GEN_S2MM_FULL.I_S2MM_FULL_WRAPPER/I_RESET/sig_strb_reg_out[15]_i_1/O
                         net (fo=689, routed)         4.096    10.021    design_1_i/axi_dma_0/U0/I_PRMRY_DATAMOVER/GEN_S2MM_FULL.I_S2MM_FULL_WRAPPER/I_CMD_STATUS/I_CMD_FIFO/sig_stream_rst
    SLICE_X29Y261        FDRE                                         r  design_1_i/axi_dma_0/U0/I_PRMRY_DATAMOVER/GEN_S2MM_FULL.I_S2MM_FULL_WRAPPER/I_CMD_STATUS/I_CMD_FIFO/USE_SINGLE_REG.sig_regfifo_dout_reg_reg[62]/R
  -------------------------------------------------------------------    -------------------

                         (clock clk_fpga_0 rise edge)
                                                     10.000    10.000 r  
    PS7_X0Y0             PS7                          0.000    10.000 r  design_1_i/processing_system7_0/inst/PS7_i/FCLKCLK[0]
                         net (fo=1, routed)           1.294    11.294    design_1_i/processing_system7_0/inst/FCLK_CLK_unbuffered[0]
    BUFGCTRL_X0Y16       BUFG (Prop_bufg_I_O)         0.083    11.377 r  design_1_i/processing_system7_0/inst/buffer_fclk_clk_0.FCLK_CLK_0_BUFG/O
                         net (fo=3740, routed)        1.458    12.835    design_1_i/axi_dma_0/U0/I_PRMRY_DATAMOVER/GEN_S2MM_FULL.I_S2MM_FULL_WRAPPER/I_CMD_STATUS/I_CMD_FIFO/m_axi_s2mm_aclk
    SLICE_X29Y261        FDRE                                         r  design_1_i/axi_dma_0/U0/I_PRMRY_DATAMOVER/GEN_S2MM_FULL.I_S2MM_FULL_WRAPPER/I_CMD_STATUS/I_CMD_FIFO/USE_SINGLE_REG.sig_regfifo_dout_reg_reg[62]/C
                         clock pessimism              0.152    12.987    
                         clock uncertainty           -0.154    12.833    
    SLICE_X29Y261        FDRE (Setup_fdre_C_R)       -0.304    12.529    design_1_i/axi_dma_0/U0/I_PRMRY_DATAMOVER/GEN_S2MM_FULL.I_S2MM_FULL_WRAPPER/I_CMD_STATUS/I_CMD_FIFO/USE_SINGLE_REG.sig_regfifo_dout_reg_reg[62]
  -------------------------------------------------------------------
                         required time                         12.529    
                         arrival time                         -10.021    
  -------------------------------------------------------------------
                         slack                                  2.507    

Slack (MET) :             2.666ns  (required time - arrival time)
  Source:                 design_1_i/axi_dma_0/U0/I_PRMRY_DATAMOVER/GEN_S2MM_FULL.I_S2MM_FULL_WRAPPER/I_RESET/sig_cmd_stat_rst_user_reg_n_cdc_from_reg/C
                            (rising edge-triggered cell FDRE clocked by clk_fpga_0  {rise@0.000ns fall@5.000ns period=10.000ns})
  Destination:            design_1_i/axi_dma_0/U0/I_PRMRY_DATAMOVER/GEN_S2MM_FULL.I_S2MM_FULL_WRAPPER/I_CMD_STATUS/I_CMD_FIFO/USE_SINGLE_REG.sig_regfifo_dout_reg_reg[51]/R
                            (rising edge-triggered cell FDRE clocked by clk_fpga_0  {rise@0.000ns fall@5.000ns period=10.000ns})
  Path Group:             clk_fpga_0
  Path Type:              Setup (Max at Slow Process Corner)
  Requirement:            10.000ns  (clk_fpga_0 rise@10.000ns - clk_fpga_0 rise@0.000ns)
  Data Path Delay:        6.814ns  (logic 0.330ns (4.843%)  route 6.484ns (95.157%))
  Logic Levels:           1  (LUT1=1)
  Clock Path Skew:        -0.085ns (DCD - SCD + CPR)
    Destination Clock Delay (DCD):    2.837ns = ( 12.837 - 10.000 ) 
    Source Clock Delay      (SCD):    3.074ns
    Clock Pessimism Removal (CPR):    0.152ns
  Clock Uncertainty:      0.154ns  ((TSJ^2 + TIJ^2)^1/2 + DJ) / 2 + PE
    Total System Jitter     (TSJ):    0.071ns
    Total Input Jitter      (TIJ):    0.300ns
    Discrete Jitter          (DJ):    0.000ns
    Phase Error              (PE):    0.000ns

    Location             Delay type                Incr(ns)  Path(ns)    Netlist Resource(s)
  -------------------------------------------------------------------    -------------------
                         (clock clk_fpga_0 rise edge)
                                                      0.000     0.000 r  
    PS7_X0Y0             PS7                          0.000     0.000 r  design_1_i/processing_system7_0/inst/PS7_i/FCLKCLK[0]
                         net (fo=1, routed)           1.393     1.393    design_1_i/processing_system7_0/inst/FCLK_CLK_unbuffered[0]
    BUFGCTRL_X0Y16       BUFG (Prop_bufg_I_O)         0.093     1.486 r  design_1_i/processing_system7_0/inst/buffer_fclk_clk_0.FCLK_CLK_0_BUFG/O
                         net (fo=3740, routed)        1.588     3.074    design_1_i/axi_dma_0/U0/I_PRMRY_DATAMOVER/GEN_S2MM_FULL.I_S2MM_FULL_WRAPPER/I_RESET/m_axi_s2mm_aclk
    SLICE_X7Y249         FDRE                                         r  design_1_i/axi_dma_0/U0/I_PRMRY_DATAMOVER/GEN_S2MM_FULL.I_S2MM_FULL_WRAPPER/I_RESET/sig_cmd_stat_rst_user_reg_n_cdc_from_reg/C
  -------------------------------------------------------------------    -------------------
    SLICE_X7Y249         FDRE (Prop_fdre_C_Q)         0.204     3.278 f  design_1_i/axi_dma_0/U0/I_PRMRY_DATAMOVER/GEN_S2MM_FULL.I_S2MM_FULL_WRAPPER/I_RESET/sig_cmd_stat_rst_user_reg_n_cdc_from_reg/Q
                         net (fo=49, routed)          2.522     5.800    design_1_i/axi_dma_0/U0/I_PRMRY_DATAMOVER/GEN_S2MM_FULL.I_S2MM_FULL_WRAPPER/I_RESET/sig_cmd_stat_rst_user_reg_n_cdc_from
    SLICE_X1Y193         LUT1 (Prop_lut1_I0_O)        0.126     5.926 r  design_1_i/axi_dma_0/U0/I_PRMRY_DATAMOVER/GEN_S2MM_FULL.I_S2MM_FULL_WRAPPER/I_RESET/sig_strb_reg_out[15]_i_1/O
                         net (fo=689, routed)         3.962     9.888    design_1_i/axi_dma_0/U0/I_PRMRY_DATAMOVER/GEN_S2MM_FULL.I_S2MM_FULL_WRAPPER/I_CMD_STATUS/I_CMD_FIFO/sig_stream_rst
    SLICE_X30Y258        FDRE                                         r  design_1_i/axi_dma_0/U0/I_PRMRY_DATAMOVER/GEN_S2MM_FULL.I_S2MM_FULL_WRAPPER/I_CMD_STATUS/I_CMD_FIFO/USE_SINGLE_REG.sig_regfifo_dout_reg_reg[51]/R
  -------------------------------------------------------------------    -------------------

                         (clock clk_fpga_0 rise edge)
                                                     10.000    10.000 r  
    PS7_X0Y0             PS7                          0.000    10.000 r  design_1_i/processing_system7_0/inst/PS7_i/FCLKCLK[0]
                         net (fo=1, routed)           1.294    11.294    design_1_i/processing_system7_0/inst/FCLK_CLK_unbuffered[0]
    BUFGCTRL_X0Y16       BUFG (Prop_bufg_I_O)         0.083    11.377 r  design_1_i/processing_system7_0/inst/buffer_fclk_clk_0.FCLK_CLK_0_BUFG/O
                         net (fo=3740, routed)        1.460    12.837    design_1_i/axi_dma_0/U0/I_PRMRY_DATAMOVER/GEN_S2MM_FULL.I_S2MM_FULL_WRAPPER/I_CMD_STATUS/I_CMD_FIFO/m_axi_s2mm_aclk
    SLICE_X30Y258        FDRE                                         r  design_1_i/axi_dma_0/U0/I_PRMRY_DATAMOVER/GEN_S2MM_FULL.I_S2MM_FULL_WRAPPER/I_CMD_STATUS/I_CMD_FIFO/USE_SINGLE_REG.sig_regfifo_dout_reg_reg[51]/C
                         clock pessimism              0.152    12.989    
                         clock uncertainty           -0.154    12.835    
    SLICE_X30Y258        FDRE (Setup_fdre_C_R)       -0.281    12.554    design_1_i/axi_dma_0/U0/I_PRMRY_DATAMOVER/GEN_S2MM_FULL.I_S2MM_FULL_WRAPPER/I_CMD_STATUS/I_CMD_FIFO/USE_SINGLE_REG.sig_regfifo_dout_reg_reg[51]
  -------------------------------------------------------------------
                         required time                         12.554    
                         arrival time                          -9.888    
  -------------------------------------------------------------------
                         slack                                  2.666    

Slack (MET) :             2.666ns  (required time - arrival time)
  Source:                 design_1_i/axi_dma_0/U0/I_PRMRY_DATAMOVER/GEN_S2MM_FULL.I_S2MM_FULL_WRAPPER/I_RESET/sig_cmd_stat_rst_user_reg_n_cdc_from_reg/C
                            (rising edge-triggered cell FDRE clocked by clk_fpga_0  {rise@0.000ns fall@5.000ns period=10.000ns})
  Destination:            design_1_i/axi_dma_0/U0/I_PRMRY_DATAMOVER/GEN_S2MM_FULL.I_S2MM_FULL_WRAPPER/I_CMD_STATUS/I_CMD_FIFO/USE_SINGLE_REG.sig_regfifo_dout_reg_reg[52]/R
                            (rising edge-triggered cell FDRE clocked by clk_fpga_0  {rise@0.000ns fall@5.000ns period=10.000ns})
  Path Group:             clk_fpga_0
  Path Type:              Setup (Max at Slow Process Corner)
  Requirement:            10.000ns  (clk_fpga_0 rise@10.000ns - clk_fpga_0 rise@0.000ns)
  Data Path Delay:        6.814ns  (logic 0.330ns (4.843%)  route 6.484ns (95.157%))
  Logic Levels:           1  (LUT1=1)
  Clock Path Skew:        -0.085ns (DCD - SCD + CPR)
    Destination Clock Delay (DCD):    2.837ns = ( 12.837 - 10.000 ) 
    Source Clock Delay      (SCD):    3.074ns
    Clock Pessimism Removal (CPR):    0.152ns
  Clock Uncertainty:      0.154ns  ((TSJ^2 + TIJ^2)^1/2 + DJ) / 2 + PE
    Total System Jitter     (TSJ):    0.071ns
    Total Input Jitter      (TIJ):    0.300ns
    Discrete Jitter          (DJ):    0.000ns
    Phase Error              (PE):    0.000ns

    Location             Delay type                Incr(ns)  Path(ns)    Netlist Resource(s)
  -------------------------------------------------------------------    -------------------
                         (clock clk_fpga_0 rise edge)
                                                      0.000     0.000 r  
    PS7_X0Y0             PS7                          0.000     0.000 r  design_1_i/processing_system7_0/inst/PS7_i/FCLKCLK[0]
                         net (fo=1, routed)           1.393     1.393    design_1_i/processing_system7_0/inst/FCLK_CLK_unbuffered[0]
    BUFGCTRL_X0Y16       BUFG (Prop_bufg_I_O)         0.093     1.486 r  design_1_i/processing_system7_0/inst/buffer_fclk_clk_0.FCLK_CLK_0_BUFG/O
                         net (fo=3740, routed)        1.588     3.074    design_1_i/axi_dma_0/U0/I_PRMRY_DATAMOVER/GEN_S2MM_FULL.I_S2MM_FULL_WRAPPER/I_RESET/m_axi_s2mm_aclk
    SLICE_X7Y249         FDRE                                         r  design_1_i/axi_dma_0/U0/I_PRMRY_DATAMOVER/GEN_S2MM_FULL.I_S2MM_FULL_WRAPPER/I_RESET/sig_cmd_stat_rst_user_reg_n_cdc_from_reg/C
  -------------------------------------------------------------------    -------------------
    SLICE_X7Y249         FDRE (Prop_fdre_C_Q)         0.204     3.278 f  design_1_i/axi_dma_0/U0/I_PRMRY_DATAMOVER/GEN_S2MM_FULL.I_S2MM_FULL_WRAPPER/I_RESET/sig_cmd_stat_rst_user_reg_n_cdc_from_reg/Q
                         net (fo=49, routed)          2.522     5.800    design_1_i/axi_dma_0/U0/I_PRMRY_DATAMOVER/GEN_S2MM_FULL.I_S2MM_FULL_WRAPPER/I_RESET/sig_cmd_stat_rst_user_reg_n_cdc_from
    SLICE_X1Y193         LUT1 (Prop_lut1_I0_O)        0.126     5.926 r  design_1_i/axi_dma_0/U0/I_PRMRY_DATAMOVER/GEN_S2MM_FULL.I_S2MM_FULL_WRAPPER/I_RESET/sig_strb_reg_out[15]_i_1/O
                         net (fo=689, routed)         3.962     9.888    design_1_i/axi_dma_0/U0/I_PRMRY_DATAMOVER/GEN_S2MM_FULL.I_S2MM_FULL_WRAPPER/I_CMD_STATUS/I_CMD_FIFO/sig_stream_rst
    SLICE_X30Y258        FDRE                                         r  design_1_i/axi_dma_0/U0/I_PRMRY_DATAMOVER/GEN_S2MM_FULL.I_S2MM_FULL_WRAPPER/I_CMD_STATUS/I_CMD_FIFO/USE_SINGLE_REG.sig_regfifo_dout_reg_reg[52]/R
  -------------------------------------------------------------------    -------------------

                         (clock clk_fpga_0 rise edge)
                                                     10.000    10.000 r  
    PS7_X0Y0             PS7                          0.000    10.000 r  design_1_i/processing_system7_0/inst/PS7_i/FCLKCLK[0]
                         net (fo=1, routed)           1.294    11.294    design_1_i/processing_system7_0/inst/FCLK_CLK_unbuffered[0]
    BUFGCTRL_X0Y16       BUFG (Prop_bufg_I_O)         0.083    11.377 r  design_1_i/processing_system7_0/inst/buffer_fclk_clk_0.FCLK_CLK_0_BUFG/O
                         net (fo=3740, routed)        1.460    12.837    design_1_i/axi_dma_0/U0/I_PRMRY_DATAMOVER/GEN_S2MM_FULL.I_S2MM_FULL_WRAPPER/I_CMD_STATUS/I_CMD_FIFO/m_axi_s2mm_aclk
    SLICE_X30Y258        FDRE                                         r  design_1_i/axi_dma_0/U0/I_PRMRY_DATAMOVER/GEN_S2MM_FULL.I_S2MM_FULL_WRAPPER/I_CMD_STATUS/I_CMD_FIFO/USE_SINGLE_REG.sig_regfifo_dout_reg_reg[52]/C
                         clock pessimism              0.152    12.989    
                         clock uncertainty           -0.154    12.835    
    SLICE_X30Y258        FDRE (Setup_fdre_C_R)       -0.281    12.554    design_1_i/axi_dma_0/U0/I_PRMRY_DATAMOVER/GEN_S2MM_FULL.I_S2MM_FULL_WRAPPER/I_CMD_STATUS/I_CMD_FIFO/USE_SINGLE_REG.sig_regfifo_dout_reg_reg[52]
  -------------------------------------------------------------------
                         required time                         12.554    
                         arrival time                          -9.888    
  -------------------------------------------------------------------
                         slack                                  2.666    





Min Delay Paths
--------------------------------------------------------------------------------------
Slack (MET) :             0.053ns  (arrival time - required time)
  Source:                 design_1_i/axi_mem_intercon/s00_couplers/auto_ds/inst/gen_downsizer.gen_cascaded_downsizer.gen_axi3_conv.axi3_conv_inst/gen_axi4_axi3.axi3_conv_inst/USE_WRITE.write_addr_inst/S_AXI_AADDR_Q_reg[1]/C
                            (rising edge-triggered cell FDRE clocked by clk_fpga_0  {rise@0.000ns fall@5.000ns period=10.000ns})
  Destination:            design_1_i/axi_mem_intercon/s00_couplers/auto_ds/inst/gen_downsizer.gen_cascaded_downsizer.gen_axi3_conv.axi3_conv_inst/gen_axi4_axi3.axi3_conv_inst/USE_WRITE.write_addr_inst/next_mi_addr_reg[1]/D
                            (rising edge-triggered cell FDRE clocked by clk_fpga_0  {rise@0.000ns fall@5.000ns period=10.000ns})
  Path Group:             clk_fpga_0
  Path Type:              Hold (Min at Fast Process Corner)
  Requirement:            0.000ns  (clk_fpga_0 rise@0.000ns - clk_fpga_0 rise@0.000ns)
  Data Path Delay:        0.412ns  (logic 0.177ns (42.916%)  route 0.235ns (57.084%))
  Logic Levels:           2  (CARRY4=1 LUT6=1)
  Clock Path Skew:        0.288ns (DCD - SCD - CPR)
    Destination Clock Delay (DCD):    1.855ns
    Source Clock Delay      (SCD):    1.490ns
    Clock Pessimism Removal (CPR):    0.077ns

    Location             Delay type                Incr(ns)  Path(ns)    Netlist Resource(s)
  -------------------------------------------------------------------    -------------------
                         (clock clk_fpga_0 rise edge)
                                                      0.000     0.000 r  
    PS7_X0Y0             PS7                          0.000     0.000 r  design_1_i/processing_system7_0/inst/PS7_i/FCLKCLK[0]
                         net (fo=1, routed)           0.763     0.763    design_1_i/processing_system7_0/inst/FCLK_CLK_unbuffered[0]
    BUFGCTRL_X0Y16       BUFG (Prop_bufg_I_O)         0.026     0.789 r  design_1_i/processing_system7_0/inst/buffer_fclk_clk_0.FCLK_CLK_0_BUFG/O
                         net (fo=3740, routed)        0.701     1.490    design_1_i/axi_mem_intercon/s00_couplers/auto_ds/inst/gen_downsizer.gen_cascaded_downsizer.gen_axi3_conv.axi3_conv_inst/gen_axi4_axi3.axi3_conv_inst/USE_WRITE.write_addr_inst/out
    SLICE_X27Y247        FDRE                                         r  design_1_i/axi_mem_intercon/s00_couplers/auto_ds/inst/gen_downsizer.gen_cascaded_downsizer.gen_axi3_conv.axi3_conv_inst/gen_axi4_axi3.axi3_conv_inst/USE_WRITE.write_addr_inst/S_AXI_AADDR_Q_reg[1]/C
  -------------------------------------------------------------------    -------------------
    SLICE_X27Y247        FDRE (Prop_fdre_C_Q)         0.100     1.590 r  design_1_i/axi_mem_intercon/s00_couplers/auto_ds/inst/gen_downsizer.gen_cascaded_downsizer.gen_axi3_conv.axi3_conv_inst/gen_axi4_axi3.axi3_conv_inst/USE_WRITE.write_addr_inst/S_AXI_AADDR_Q_reg[1]/Q
                         net (fo=2, routed)           0.235     1.825    design_1_i/axi_mem_intercon/s00_couplers/auto_ds/inst/gen_downsizer.gen_cascaded_downsizer.gen_axi3_conv.axi3_conv_inst/gen_axi4_axi3.axi3_conv_inst/USE_WRITE.write_addr_inst/S_AXI_AADDR_Q_reg_n_0_[1]
    SLICE_X28Y250        LUT6 (Prop_lut6_I3_O)        0.028     1.853 r  design_1_i/axi_mem_intercon/s00_couplers/auto_ds/inst/gen_downsizer.gen_cascaded_downsizer.gen_axi3_conv.axi3_conv_inst/gen_axi4_axi3.axi3_conv_inst/USE_WRITE.write_addr_inst/next_mi_addr[3]_i_4/O
                         net (fo=1, routed)           0.000     1.853    design_1_i/axi_mem_intercon/s00_couplers/auto_ds/inst/gen_downsizer.gen_cascaded_downsizer.gen_axi3_conv.axi3_conv_inst/gen_axi4_axi3.axi3_conv_inst/USE_WRITE.write_addr_inst/next_mi_addr[3]_i_4_n_0
    SLICE_X28Y250        CARRY4 (Prop_carry4_S[1]_O[1])
                                                      0.049     1.902 r  design_1_i/axi_mem_intercon/s00_couplers/auto_ds/inst/gen_downsizer.gen_cascaded_downsizer.gen_axi3_conv.axi3_conv_inst/gen_axi4_axi3.axi3_conv_inst/USE_WRITE.write_addr_inst/next_mi_addr_reg[3]_i_1/O[1]
                         net (fo=1, routed)           0.000     1.902    design_1_i/axi_mem_intercon/s00_couplers/auto_ds/inst/gen_downsizer.gen_cascaded_downsizer.gen_axi3_conv.axi3_conv_inst/gen_axi4_axi3.axi3_conv_inst/USE_WRITE.write_addr_inst/next_mi_addr_reg[3]_i_1_n_6
    SLICE_X28Y250        FDRE                                         r  design_1_i/axi_mem_intercon/s00_couplers/auto_ds/inst/gen_downsizer.gen_cascaded_downsizer.gen_axi3_conv.axi3_conv_inst/gen_axi4_axi3.axi3_conv_inst/USE_WRITE.write_addr_inst/next_mi_addr_reg[1]/D
  -------------------------------------------------------------------    -------------------

                         (clock clk_fpga_0 rise edge)
                                                      0.000     0.000 r  
    PS7_X0Y0             PS7                          0.000     0.000 r  design_1_i/processing_system7_0/inst/PS7_i/FCLKCLK[0]
                         net (fo=1, routed)           0.808     0.808    design_1_i/processing_system7_0/inst/FCLK_CLK_unbuffered[0]
    BUFGCTRL_X0Y16       BUFG (Prop_bufg_I_O)         0.030     0.838 r  design_1_i/processing_system7_0/inst/buffer_fclk_clk_0.FCLK_CLK_0_BUFG/O
                         net (fo=3740, routed)        1.017     1.855    design_1_i/axi_mem_intercon/s00_couplers/auto_ds/inst/gen_downsizer.gen_cascaded_downsizer.gen_axi3_conv.axi3_conv_inst/gen_axi4_axi3.axi3_conv_inst/USE_WRITE.write_addr_inst/out
    SLICE_X28Y250        FDRE                                         r  design_1_i/axi_mem_intercon/s00_couplers/auto_ds/inst/gen_downsizer.gen_cascaded_downsizer.gen_axi3_conv.axi3_conv_inst/gen_axi4_axi3.axi3_conv_inst/USE_WRITE.write_addr_inst/next_mi_addr_reg[1]/C
                         clock pessimism             -0.077     1.778    
    SLICE_X28Y250        FDRE (Hold_fdre_C_D)         0.071     1.849    design_1_i/axi_mem_intercon/s00_couplers/auto_ds/inst/gen_downsizer.gen_cascaded_downsizer.gen_axi3_conv.axi3_conv_inst/gen_axi4_axi3.axi3_conv_inst/USE_WRITE.write_addr_inst/next_mi_addr_reg[1]
  -------------------------------------------------------------------
                         required time                         -1.849    
                         arrival time                           1.902    
  -------------------------------------------------------------------
                         slack                                  0.053    

Slack (MET) :             0.062ns  (arrival time - required time)
  Source:                 design_1_i/axi_dma_0/U0/I_PRMRY_DATAMOVER/GEN_S2MM_FULL.I_S2MM_FULL_WRAPPER/GEN_INCLUDE_REALIGNER.I_S2MM_REALIGNER/GEN_INCLUDE_SCATTER.I_S2MM_SCATTER/SLICE_INSERTION/storage_data_reg[12]/C
                            (rising edge-triggered cell FDRE clocked by clk_fpga_0  {rise@0.000ns fall@5.000ns period=10.000ns})
  Destination:            design_1_i/axi_dma_0/U0/I_PRMRY_DATAMOVER/GEN_S2MM_FULL.I_S2MM_FULL_WRAPPER/GEN_INCLUDE_REALIGNER.I_S2MM_REALIGNER/GEN_INCLUDE_SCATTER.I_S2MM_SCATTER/I_TSTRB_FIFO/USE_SYNC_FIFO.I_SYNC_FIFO/NON_BLK_MEM.I_SYNC_FIFOGEN_FIFO/xpm_fifo_instance.xpm_fifo_sync_inst/xpm_fifo_base_inst/gen_sdpram.xpm_memory_base_inst/gen_wr_a.gen_word_narrow.mem_reg_0_15_12_17/RAMA/I
                            (rising edge-triggered cell RAMD32 clocked by clk_fpga_0  {rise@0.000ns fall@5.000ns period=10.000ns})
  Path Group:             clk_fpga_0
  Path Type:              Hold (Min at Fast Process Corner)
  Requirement:            0.000ns  (clk_fpga_0 rise@0.000ns - clk_fpga_0 rise@0.000ns)
  Data Path Delay:        0.207ns  (logic 0.100ns (48.254%)  route 0.107ns (51.746%))
  Logic Levels:           0  
  Clock Path Skew:        0.014ns (DCD - SCD - CPR)
    Destination Clock Delay (DCD):    1.768ns
    Source Clock Delay      (SCD):    1.491ns
    Clock Pessimism Removal (CPR):    0.263ns

    Location             Delay type                Incr(ns)  Path(ns)    Netlist Resource(s)
  -------------------------------------------------------------------    -------------------
                         (clock clk_fpga_0 rise edge)
                                                      0.000     0.000 r  
    PS7_X0Y0             PS7                          0.000     0.000 r  design_1_i/processing_system7_0/inst/PS7_i/FCLKCLK[0]
                         net (fo=1, routed)           0.763     0.763    design_1_i/processing_system7_0/inst/FCLK_CLK_unbuffered[0]
    BUFGCTRL_X0Y16       BUFG (Prop_bufg_I_O)         0.026     0.789 r  design_1_i/processing_system7_0/inst/buffer_fclk_clk_0.FCLK_CLK_0_BUFG/O
                         net (fo=3740, routed)        0.702     1.491    design_1_i/axi_dma_0/U0/I_PRMRY_DATAMOVER/GEN_S2MM_FULL.I_S2MM_FULL_WRAPPER/GEN_INCLUDE_REALIGNER.I_S2MM_REALIGNER/GEN_INCLUDE_SCATTER.I_S2MM_SCATTER/SLICE_INSERTION/m_axi_s2mm_aclk
    SLICE_X15Y236        FDRE                                         r  design_1_i/axi_dma_0/U0/I_PRMRY_DATAMOVER/GEN_S2MM_FULL.I_S2MM_FULL_WRAPPER/GEN_INCLUDE_REALIGNER.I_S2MM_REALIGNER/GEN_INCLUDE_SCATTER.I_S2MM_SCATTER/SLICE_INSERTION/storage_data_reg[12]/C
  -------------------------------------------------------------------    -------------------
    SLICE_X15Y236        FDRE (Prop_fdre_C_Q)         0.100     1.591 r  design_1_i/axi_dma_0/U0/I_PRMRY_DATAMOVER/GEN_S2MM_FULL.I_S2MM_FULL_WRAPPER/GEN_INCLUDE_REALIGNER.I_S2MM_REALIGNER/GEN_INCLUDE_SCATTER.I_S2MM_SCATTER/SLICE_INSERTION/storage_data_reg[12]/Q
                         net (fo=1, routed)           0.107     1.698    design_1_i/axi_dma_0/U0/I_PRMRY_DATAMOVER/GEN_S2MM_FULL.I_S2MM_FULL_WRAPPER/GEN_INCLUDE_REALIGNER.I_S2MM_REALIGNER/GEN_INCLUDE_SCATTER.I_S2MM_SCATTER/I_TSTRB_FIFO/USE_SYNC_FIFO.I_SYNC_FIFO/NON_BLK_MEM.I_SYNC_FIFOGEN_FIFO/xpm_fifo_instance.xpm_fifo_sync_inst/xpm_fifo_base_inst/gen_sdpram.xpm_memory_base_inst/gen_wr_a.gen_word_narrow.mem_reg_0_15_12_17/DIA0
    SLICE_X14Y237        RAMD32                                       r  design_1_i/axi_dma_0/U0/I_PRMRY_DATAMOVER/GEN_S2MM_FULL.I_S2MM_FULL_WRAPPER/GEN_INCLUDE_REALIGNER.I_S2MM_REALIGNER/GEN_INCLUDE_SCATTER.I_S2MM_SCATTER/I_TSTRB_FIFO/USE_SYNC_FIFO.I_SYNC_FIFO/NON_BLK_MEM.I_SYNC_FIFOGEN_FIFO/xpm_fifo_instance.xpm_fifo_sync_inst/xpm_fifo_base_inst/gen_sdpram.xpm_memory_base_inst/gen_wr_a.gen_word_narrow.mem_reg_0_15_12_17/RAMA/I
  -------------------------------------------------------------------    -------------------

                         (clock clk_fpga_0 rise edge)
                                                      0.000     0.000 r  
    PS7_X0Y0             PS7                          0.000     0.000 r  design_1_i/processing_system7_0/inst/PS7_i/FCLKCLK[0]
                         net (fo=1, routed)           0.808     0.808    design_1_i/processing_system7_0/inst/FCLK_CLK_unbuffered[0]
    BUFGCTRL_X0Y16       BUFG (Prop_bufg_I_O)         0.030     0.838 r  design_1_i/processing_system7_0/inst/buffer_fclk_clk_0.FCLK_CLK_0_BUFG/O
                         net (fo=3740, routed)        0.930     1.768    design_1_i/axi_dma_0/U0/I_PRMRY_DATAMOVER/GEN_S2MM_FULL.I_S2MM_FULL_WRAPPER/GEN_INCLUDE_REALIGNER.I_S2MM_REALIGNER/GEN_INCLUDE_SCATTER.I_S2MM_SCATTER/I_TSTRB_FIFO/USE_SYNC_FIFO.I_SYNC_FIFO/NON_BLK_MEM.I_SYNC_FIFOGEN_FIFO/xpm_fifo_instance.xpm_fifo_sync_inst/xpm_fifo_base_inst/gen_sdpram.xpm_memory_base_inst/gen_wr_a.gen_word_narrow.mem_reg_0_15_12_17/WCLK
    SLICE_X14Y237        RAMD32                                       r  design_1_i/axi_dma_0/U0/I_PRMRY_DATAMOVER/GEN_S2MM_FULL.I_S2MM_FULL_WRAPPER/GEN_INCLUDE_REALIGNER.I_S2MM_REALIGNER/GEN_INCLUDE_SCATTER.I_S2MM_SCATTER/I_TSTRB_FIFO/USE_SYNC_FIFO.I_SYNC_FIFO/NON_BLK_MEM.I_SYNC_FIFOGEN_FIFO/xpm_fifo_instance.xpm_fifo_sync_inst/xpm_fifo_base_inst/gen_sdpram.xpm_memory_base_inst/gen_wr_a.gen_word_narrow.mem_reg_0_15_12_17/RAMA/CLK
                         clock pessimism             -0.263     1.505    
    SLICE_X14Y237        RAMD32 (Hold_ramd32_CLK_I)
                                                      0.131     1.636    design_1_i/axi_dma_0/U0/I_PRMRY_DATAMOVER/GEN_S2MM_FULL.I_S2MM_FULL_WRAPPER/GEN_INCLUDE_REALIGNER.I_S2MM_REALIGNER/GEN_INCLUDE_SCATTER.I_S2MM_SCATTER/I_TSTRB_FIFO/USE_SYNC_FIFO.I_SYNC_FIFO/NON_BLK_MEM.I_SYNC_FIFOGEN_FIFO/xpm_fifo_instance.xpm_fifo_sync_inst/xpm_fifo_base_inst/gen_sdpram.xpm_memory_base_inst/gen_wr_a.gen_word_narrow.mem_reg_0_15_12_17/RAMA
  -------------------------------------------------------------------
                         required time                         -1.636    
                         arrival time                           1.698    
  -------------------------------------------------------------------
                         slack                                  0.062    

Slack (MET) :             0.062ns  (arrival time - required time)
  Source:                 design_1_i/axi_dma_0/U0/I_PRMRY_DATAMOVER/GEN_S2MM_FULL.I_S2MM_FULL_WRAPPER/GEN_INCLUDE_REALIGNER.I_S2MM_REALIGNER/GEN_INCLUDE_SCATTER.I_S2MM_SCATTER/SLICE_INSERTION/storage_data_reg[6]/C
                            (rising edge-triggered cell FDRE clocked by clk_fpga_0  {rise@0.000ns fall@5.000ns period=10.000ns})
  Destination:            design_1_i/axi_dma_0/U0/I_PRMRY_DATAMOVER/GEN_S2MM_FULL.I_S2MM_FULL_WRAPPER/GEN_INCLUDE_REALIGNER.I_S2MM_REALIGNER/GEN_INCLUDE_SCATTER.I_S2MM_SCATTER/I_TSTRB_FIFO/USE_SYNC_FIFO.I_SYNC_FIFO/NON_BLK_MEM.I_SYNC_FIFOGEN_FIFO/xpm_fifo_instance.xpm_fifo_sync_inst/xpm_fifo_base_inst/gen_sdpram.xpm_memory_base_inst/gen_wr_a.gen_word_narrow.mem_reg_0_15_6_11/RAMA/I
                            (rising edge-triggered cell RAMD32 clocked by clk_fpga_0  {rise@0.000ns fall@5.000ns period=10.000ns})
  Path Group:             clk_fpga_0
  Path Type:              Hold (Min at Fast Process Corner)
  Requirement:            0.000ns  (clk_fpga_0 rise@0.000ns - clk_fpga_0 rise@0.000ns)
  Data Path Delay:        0.207ns  (logic 0.100ns (48.254%)  route 0.107ns (51.746%))
  Logic Levels:           0  
  Clock Path Skew:        0.014ns (DCD - SCD - CPR)
    Destination Clock Delay (DCD):    1.768ns
    Source Clock Delay      (SCD):    1.491ns
    Clock Pessimism Removal (CPR):    0.263ns

    Location             Delay type                Incr(ns)  Path(ns)    Netlist Resource(s)
  -------------------------------------------------------------------    -------------------
                         (clock clk_fpga_0 rise edge)
                                                      0.000     0.000 r  
    PS7_X0Y0             PS7                          0.000     0.000 r  design_1_i/processing_system7_0/inst/PS7_i/FCLKCLK[0]
                         net (fo=1, routed)           0.763     0.763    design_1_i/processing_system7_0/inst/FCLK_CLK_unbuffered[0]
    BUFGCTRL_X0Y16       BUFG (Prop_bufg_I_O)         0.026     0.789 r  design_1_i/processing_system7_0/inst/buffer_fclk_clk_0.FCLK_CLK_0_BUFG/O
                         net (fo=3740, routed)        0.702     1.491    design_1_i/axi_dma_0/U0/I_PRMRY_DATAMOVER/GEN_S2MM_FULL.I_S2MM_FULL_WRAPPER/GEN_INCLUDE_REALIGNER.I_S2MM_REALIGNER/GEN_INCLUDE_SCATTER.I_S2MM_SCATTER/SLICE_INSERTION/m_axi_s2mm_aclk
    SLICE_X11Y236        FDRE                                         r  design_1_i/axi_dma_0/U0/I_PRMRY_DATAMOVER/GEN_S2MM_FULL.I_S2MM_FULL_WRAPPER/GEN_INCLUDE_REALIGNER.I_S2MM_REALIGNER/GEN_INCLUDE_SCATTER.I_S2MM_SCATTER/SLICE_INSERTION/storage_data_reg[6]/C
  -------------------------------------------------------------------    -------------------
    SLICE_X11Y236        FDRE (Prop_fdre_C_Q)         0.100     1.591 r  design_1_i/axi_dma_0/U0/I_PRMRY_DATAMOVER/GEN_S2MM_FULL.I_S2MM_FULL_WRAPPER/GEN_INCLUDE_REALIGNER.I_S2MM_REALIGNER/GEN_INCLUDE_SCATTER.I_S2MM_SCATTER/SLICE_INSERTION/storage_data_reg[6]/Q
                         net (fo=1, routed)           0.107     1.698    design_1_i/axi_dma_0/U0/I_PRMRY_DATAMOVER/GEN_S2MM_FULL.I_S2MM_FULL_WRAPPER/GEN_INCLUDE_REALIGNER.I_S2MM_REALIGNER/GEN_INCLUDE_SCATTER.I_S2MM_SCATTER/I_TSTRB_FIFO/USE_SYNC_FIFO.I_SYNC_FIFO/NON_BLK_MEM.I_SYNC_FIFOGEN_FIFO/xpm_fifo_instance.xpm_fifo_sync_inst/xpm_fifo_base_inst/gen_sdpram.xpm_memory_base_inst/gen_wr_a.gen_word_narrow.mem_reg_0_15_6_11/DIA0
    SLICE_X10Y237        RAMD32                                       r  design_1_i/axi_dma_0/U0/I_PRMRY_DATAMOVER/GEN_S2MM_FULL.I_S2MM_FULL_WRAPPER/GEN_INCLUDE_REALIGNER.I_S2MM_REALIGNER/GEN_INCLUDE_SCATTER.I_S2MM_SCATTER/I_TSTRB_FIFO/USE_SYNC_FIFO.I_SYNC_FIFO/NON_BLK_MEM.I_SYNC_FIFOGEN_FIFO/xpm_fifo_instance.xpm_fifo_sync_inst/xpm_fifo_base_inst/gen_sdpram.xpm_memory_base_inst/gen_wr_a.gen_word_narrow.mem_reg_0_15_6_11/RAMA/I
  -------------------------------------------------------------------    -------------------

                         (clock clk_fpga_0 rise edge)
                                                      0.000     0.000 r  
    PS7_X0Y0             PS7                          0.000     0.000 r  design_1_i/processing_system7_0/inst/PS7_i/FCLKCLK[0]
                         net (fo=1, routed)           0.808     0.808    design_1_i/processing_system7_0/inst/FCLK_CLK_unbuffered[0]
    BUFGCTRL_X0Y16       BUFG (Prop_bufg_I_O)         0.030     0.838 r  design_1_i/processing_system7_0/inst/buffer_fclk_clk_0.FCLK_CLK_0_BUFG/O
                         net (fo=3740, routed)        0.930     1.768    design_1_i/axi_dma_0/U0/I_PRMRY_DATAMOVER/GEN_S2MM_FULL.I_S2MM_FULL_WRAPPER/GEN_INCLUDE_REALIGNER.I_S2MM_REALIGNER/GEN_INCLUDE_SCATTER.I_S2MM_SCATTER/I_TSTRB_FIFO/USE_SYNC_FIFO.I_SYNC_FIFO/NON_BLK_MEM.I_SYNC_FIFOGEN_FIFO/xpm_fifo_instance.xpm_fifo_sync_inst/xpm_fifo_base_inst/gen_sdpram.xpm_memory_base_inst/gen_wr_a.gen_word_narrow.mem_reg_0_15_6_11/WCLK
    SLICE_X10Y237        RAMD32                                       r  design_1_i/axi_dma_0/U0/I_PRMRY_DATAMOVER/GEN_S2MM_FULL.I_S2MM_FULL_WRAPPER/GEN_INCLUDE_REALIGNER.I_S2MM_REALIGNER/GEN_INCLUDE_SCATTER.I_S2MM_SCATTER/I_TSTRB_FIFO/USE_SYNC_FIFO.I_SYNC_FIFO/NON_BLK_MEM.I_SYNC_FIFOGEN_FIFO/xpm_fifo_instance.xpm_fifo_sync_inst/xpm_fifo_base_inst/gen_sdpram.xpm_memory_base_inst/gen_wr_a.gen_word_narrow.mem_reg_0_15_6_11/RAMA/CLK
                         clock pessimism             -0.263     1.505    
    SLICE_X10Y237        RAMD32 (Hold_ramd32_CLK_I)
                                                      0.131     1.636    design_1_i/axi_dma_0/U0/I_PRMRY_DATAMOVER/GEN_S2MM_FULL.I_S2MM_FULL_WRAPPER/GEN_INCLUDE_REALIGNER.I_S2MM_REALIGNER/GEN_INCLUDE_SCATTER.I_S2MM_SCATTER/I_TSTRB_FIFO/USE_SYNC_FIFO.I_SYNC_FIFO/NON_BLK_MEM.I_SYNC_FIFOGEN_FIFO/xpm_fifo_instance.xpm_fifo_sync_inst/xpm_fifo_base_inst/gen_sdpram.xpm_memory_base_inst/gen_wr_a.gen_word_narrow.mem_reg_0_15_6_11/RAMA
  -------------------------------------------------------------------
                         required time                         -1.636    
                         arrival time                           1.698    
  -------------------------------------------------------------------
                         slack                                  0.062    

Slack (MET) :             0.067ns  (arrival time - required time)
  Source:                 design_1_i/axi_dma_0/U0/I_PRMRY_DATAMOVER/GEN_S2MM_FULL.I_S2MM_FULL_WRAPPER/GEN_INCLUDE_IBTTCC.I_S2MM_MSTR_IBTTCC/sig_realign_btt_reg_reg[17]/C
                            (rising edge-triggered cell FDRE clocked by clk_fpga_0  {rise@0.000ns fall@5.000ns period=10.000ns})
  Destination:            design_1_i/axi_dma_0/U0/I_PRMRY_DATAMOVER/GEN_S2MM_FULL.I_S2MM_FULL_WRAPPER/GEN_INCLUDE_REALIGNER.I_S2MM_REALIGNER/I_DRE_CNTL_FIFO/USE_SRL_FIFO.I_SYNC_FIFO/I_SRL_FIFO_RBU_F/DYNSHREG_F_I/INFERRED_GEN.data_reg[3][10]_srl4/D
                            (rising edge-triggered cell SRL16E clocked by clk_fpga_0  {rise@0.000ns fall@5.000ns period=10.000ns})
  Path Group:             clk_fpga_0
  Path Type:              Hold (Min at Fast Process Corner)
  Requirement:            0.000ns  (clk_fpga_0 rise@0.000ns - clk_fpga_0 rise@0.000ns)
  Data Path Delay:        0.235ns  (logic 0.100ns (42.567%)  route 0.135ns (57.433%))
  Logic Levels:           0  
  Clock Path Skew:        0.014ns (DCD - SCD - CPR)
    Destination Clock Delay (DCD):    1.763ns
    Source Clock Delay      (SCD):    1.486ns
    Clock Pessimism Removal (CPR):    0.263ns

    Location             Delay type                Incr(ns)  Path(ns)    Netlist Resource(s)
  -------------------------------------------------------------------    -------------------
                         (clock clk_fpga_0 rise edge)
                                                      0.000     0.000 r  
    PS7_X0Y0             PS7                          0.000     0.000 r  design_1_i/processing_system7_0/inst/PS7_i/FCLKCLK[0]
                         net (fo=1, routed)           0.763     0.763    design_1_i/processing_system7_0/inst/FCLK_CLK_unbuffered[0]
    BUFGCTRL_X0Y16       BUFG (Prop_bufg_I_O)         0.026     0.789 r  design_1_i/processing_system7_0/inst/buffer_fclk_clk_0.FCLK_CLK_0_BUFG/O
                         net (fo=3740, routed)        0.697     1.486    design_1_i/axi_dma_0/U0/I_PRMRY_DATAMOVER/GEN_S2MM_FULL.I_S2MM_FULL_WRAPPER/GEN_INCLUDE_IBTTCC.I_S2MM_MSTR_IBTTCC/m_axi_s2mm_aclk
    SLICE_X29Y238        FDRE                                         r  design_1_i/axi_dma_0/U0/I_PRMRY_DATAMOVER/GEN_S2MM_FULL.I_S2MM_FULL_WRAPPER/GEN_INCLUDE_IBTTCC.I_S2MM_MSTR_IBTTCC/sig_realign_btt_reg_reg[17]/C
  -------------------------------------------------------------------    -------------------
    SLICE_X29Y238        FDRE (Prop_fdre_C_Q)         0.100     1.586 r  design_1_i/axi_dma_0/U0/I_PRMRY_DATAMOVER/GEN_S2MM_FULL.I_S2MM_FULL_WRAPPER/GEN_INCLUDE_IBTTCC.I_S2MM_MSTR_IBTTCC/sig_realign_btt_reg_reg[17]/Q
                         net (fo=1, routed)           0.135     1.721    design_1_i/axi_dma_0/U0/I_PRMRY_DATAMOVER/GEN_S2MM_FULL.I_S2MM_FULL_WRAPPER/GEN_INCLUDE_REALIGNER.I_S2MM_REALIGNER/I_DRE_CNTL_FIFO/USE_SRL_FIFO.I_SYNC_FIFO/I_SRL_FIFO_RBU_F/DYNSHREG_F_I/in[17]
    SLICE_X30Y238        SRL16E                                       r  design_1_i/axi_dma_0/U0/I_PRMRY_DATAMOVER/GEN_S2MM_FULL.I_S2MM_FULL_WRAPPER/GEN_INCLUDE_REALIGNER.I_S2MM_REALIGNER/I_DRE_CNTL_FIFO/USE_SRL_FIFO.I_SYNC_FIFO/I_SRL_FIFO_RBU_F/DYNSHREG_F_I/INFERRED_GEN.data_reg[3][10]_srl4/D
  -------------------------------------------------------------------    -------------------

                         (clock clk_fpga_0 rise edge)
                                                      0.000     0.000 r  
    PS7_X0Y0             PS7                          0.000     0.000 r  design_1_i/processing_system7_0/inst/PS7_i/FCLKCLK[0]
                         net (fo=1, routed)           0.808     0.808    design_1_i/processing_system7_0/inst/FCLK_CLK_unbuffered[0]
    BUFGCTRL_X0Y16       BUFG (Prop_bufg_I_O)         0.030     0.838 r  design_1_i/processing_system7_0/inst/buffer_fclk_clk_0.FCLK_CLK_0_BUFG/O
                         net (fo=3740, routed)        0.925     1.763    design_1_i/axi_dma_0/U0/I_PRMRY_DATAMOVER/GEN_S2MM_FULL.I_S2MM_FULL_WRAPPER/GEN_INCLUDE_REALIGNER.I_S2MM_REALIGNER/I_DRE_CNTL_FIFO/USE_SRL_FIFO.I_SYNC_FIFO/I_SRL_FIFO_RBU_F/DYNSHREG_F_I/m_axi_s2mm_aclk
    SLICE_X30Y238        SRL16E                                       r  design_1_i/axi_dma_0/U0/I_PRMRY_DATAMOVER/GEN_S2MM_FULL.I_S2MM_FULL_WRAPPER/GEN_INCLUDE_REALIGNER.I_S2MM_REALIGNER/I_DRE_CNTL_FIFO/USE_SRL_FIFO.I_SYNC_FIFO/I_SRL_FIFO_RBU_F/DYNSHREG_F_I/INFERRED_GEN.data_reg[3][10]_srl4/CLK
                         clock pessimism             -0.263     1.500    
    SLICE_X30Y238        SRL16E (Hold_srl16e_CLK_D)
                                                      0.154     1.654    design_1_i/axi_dma_0/U0/I_PRMRY_DATAMOVER/GEN_S2MM_FULL.I_S2MM_FULL_WRAPPER/GEN_INCLUDE_REALIGNER.I_S2MM_REALIGNER/I_DRE_CNTL_FIFO/USE_SRL_FIFO.I_SYNC_FIFO/I_SRL_FIFO_RBU_F/DYNSHREG_F_I/INFERRED_GEN.data_reg[3][10]_srl4
  -------------------------------------------------------------------
                         required time                         -1.654    
                         arrival time                           1.721    
  -------------------------------------------------------------------
                         slack                                  0.067    

Slack (MET) :             0.067ns  (arrival time - required time)
  Source:                 design_1_i/axi_mem_intercon/s00_couplers/auto_ds/inst/gen_downsizer.gen_cascaded_downsizer.gen_axi3_conv.axi3_conv_inst/gen_axi4_axi3.axi3_conv_inst/USE_WRITE.write_addr_inst/USE_BURSTS.cmd_queue/inst/fifo_gen_inst/inst_fifo_gen/gconvfifo.rf/grf.rf/gntv_or_sync_fifo.gl0.rd/grss.rsts/ram_empty_fb_i_reg/C
                            (rising edge-triggered cell FDPE clocked by clk_fpga_0  {rise@0.000ns fall@5.000ns period=10.000ns})
  Destination:            design_1_i/axi_mem_intercon/s00_couplers/auto_ds/inst/gen_downsizer.gen_cascaded_downsizer.gen_axi3_conv.axi3_conv_inst/gen_axi4_axi3.axi3_conv_inst/USE_WRITE.write_addr_inst/USE_BURSTS.cmd_queue/inst/fifo_gen_inst/inst_fifo_gen/gconvfifo.rf/grf.rf/gntv_or_sync_fifo.mem/gdm.dm_gen.dm/gpr1.dout_i_reg[0]/CE
                            (rising edge-triggered cell FDRE clocked by clk_fpga_0  {rise@0.000ns fall@5.000ns period=10.000ns})
  Path Group:             clk_fpga_0
  Path Type:              Hold (Min at Fast Process Corner)
  Requirement:            0.000ns  (clk_fpga_0 rise@0.000ns - clk_fpga_0 rise@0.000ns)
  Data Path Delay:        0.384ns  (logic 0.146ns (38.013%)  route 0.238ns (61.986%))
  Logic Levels:           1  (LUT4=1)
  Clock Path Skew:        0.287ns (DCD - SCD - CPR)
    Destination Clock Delay (DCD):    1.854ns
    Source Clock Delay      (SCD):    1.490ns
    Clock Pessimism Removal (CPR):    0.077ns

    Location             Delay type                Incr(ns)  Path(ns)    Netlist Resource(s)
  -------------------------------------------------------------------    -------------------
                         (clock clk_fpga_0 rise edge)
                                                      0.000     0.000 r  
    PS7_X0Y0             PS7                          0.000     0.000 r  design_1_i/processing_system7_0/inst/PS7_i/FCLKCLK[0]
                         net (fo=1, routed)           0.763     0.763    design_1_i/processing_system7_0/inst/FCLK_CLK_unbuffered[0]
    BUFGCTRL_X0Y16       BUFG (Prop_bufg_I_O)         0.026     0.789 r  design_1_i/processing_system7_0/inst/buffer_fclk_clk_0.FCLK_CLK_0_BUFG/O
                         net (fo=3740, routed)        0.701     1.490    design_1_i/axi_mem_intercon/s00_couplers/auto_ds/inst/gen_downsizer.gen_cascaded_downsizer.gen_axi3_conv.axi3_conv_inst/gen_axi4_axi3.axi3_conv_inst/USE_WRITE.write_addr_inst/USE_BURSTS.cmd_queue/inst/fifo_gen_inst/inst_fifo_gen/gconvfifo.rf/grf.rf/gntv_or_sync_fifo.gl0.rd/grss.rsts/clk
    SLICE_X26Y249        FDPE                                         r  design_1_i/axi_mem_intercon/s00_couplers/auto_ds/inst/gen_downsizer.gen_cascaded_downsizer.gen_axi3_conv.axi3_conv_inst/gen_axi4_axi3.axi3_conv_inst/USE_WRITE.write_addr_inst/USE_BURSTS.cmd_queue/inst/fifo_gen_inst/inst_fifo_gen/gconvfifo.rf/grf.rf/gntv_or_sync_fifo.gl0.rd/grss.rsts/ram_empty_fb_i_reg/C
  -------------------------------------------------------------------    -------------------
    SLICE_X26Y249        FDPE (Prop_fdpe_C_Q)         0.118     1.608 f  design_1_i/axi_mem_intercon/s00_couplers/auto_ds/inst/gen_downsizer.gen_cascaded_downsizer.gen_axi3_conv.axi3_conv_inst/gen_axi4_axi3.axi3_conv_inst/USE_WRITE.write_addr_inst/USE_BURSTS.cmd_queue/inst/fifo_gen_inst/inst_fifo_gen/gconvfifo.rf/grf.rf/gntv_or_sync_fifo.gl0.rd/grss.rsts/ram_empty_fb_i_reg/Q
                         net (fo=5, routed)           0.085     1.693    design_1_i/axi_mem_intercon/s00_couplers/auto_ds/inst/gen_downsizer.gen_cascaded_downsizer.gen_axi3_conv.axi3_conv_inst/gen_axi4_axi3.axi3_conv_inst/USE_WRITE.write_addr_inst/USE_BURSTS.cmd_queue/inst/fifo_gen_inst/inst_fifo_gen/gconvfifo.rf/grf.rf/gntv_or_sync_fifo.gl0.rd/gr1.gr1_int.rfwft/gc0.count_reg[4]
    SLICE_X27Y249        LUT4 (Prop_lut4_I3_O)        0.028     1.721 r  design_1_i/axi_mem_intercon/s00_couplers/auto_ds/inst/gen_downsizer.gen_cascaded_downsizer.gen_axi3_conv.axi3_conv_inst/gen_axi4_axi3.axi3_conv_inst/USE_WRITE.write_addr_inst/USE_BURSTS.cmd_queue/inst/fifo_gen_inst/inst_fifo_gen/gconvfifo.rf/grf.rf/gntv_or_sync_fifo.gl0.rd/gr1.gr1_int.rfwft/gpr1.dout_i[3]_i_1/O
                         net (fo=4, routed)           0.153     1.874    design_1_i/axi_mem_intercon/s00_couplers/auto_ds/inst/gen_downsizer.gen_cascaded_downsizer.gen_axi3_conv.axi3_conv_inst/gen_axi4_axi3.axi3_conv_inst/USE_WRITE.write_addr_inst/USE_BURSTS.cmd_queue/inst/fifo_gen_inst/inst_fifo_gen/gconvfifo.rf/grf.rf/gntv_or_sync_fifo.mem/gdm.dm_gen.dm/gpr1.dout_i_reg[0]_0[0]
    SLICE_X26Y250        FDRE                                         r  design_1_i/axi_mem_intercon/s00_couplers/auto_ds/inst/gen_downsizer.gen_cascaded_downsizer.gen_axi3_conv.axi3_conv_inst/gen_axi4_axi3.axi3_conv_inst/USE_WRITE.write_addr_inst/USE_BURSTS.cmd_queue/inst/fifo_gen_inst/inst_fifo_gen/gconvfifo.rf/grf.rf/gntv_or_sync_fifo.mem/gdm.dm_gen.dm/gpr1.dout_i_reg[0]/CE
  -------------------------------------------------------------------    -------------------

                         (clock clk_fpga_0 rise edge)
                                                      0.000     0.000 r  
    PS7_X0Y0             PS7                          0.000     0.000 r  design_1_i/processing_system7_0/inst/PS7_i/FCLKCLK[0]
                         net (fo=1, routed)           0.808     0.808    design_1_i/processing_system7_0/inst/FCLK_CLK_unbuffered[0]
    BUFGCTRL_X0Y16       BUFG (Prop_bufg_I_O)         0.030     0.838 r  design_1_i/processing_system7_0/inst/buffer_fclk_clk_0.FCLK_CLK_0_BUFG/O
                         net (fo=3740, routed)        1.016     1.854    design_1_i/axi_mem_intercon/s00_couplers/auto_ds/inst/gen_downsizer.gen_cascaded_downsizer.gen_axi3_conv.axi3_conv_inst/gen_axi4_axi3.axi3_conv_inst/USE_WRITE.write_addr_inst/USE_BURSTS.cmd_queue/inst/fifo_gen_inst/inst_fifo_gen/gconvfifo.rf/grf.rf/gntv_or_sync_fifo.mem/gdm.dm_gen.dm/clk
    SLICE_X26Y250        FDRE                                         r  design_1_i/axi_mem_intercon/s00_couplers/auto_ds/inst/gen_downsizer.gen_cascaded_downsizer.gen_axi3_conv.axi3_conv_inst/gen_axi4_axi3.axi3_conv_inst/USE_WRITE.write_addr_inst/USE_BURSTS.cmd_queue/inst/fifo_gen_inst/inst_fifo_gen/gconvfifo.rf/grf.rf/gntv_or_sync_fifo.mem/gdm.dm_gen.dm/gpr1.dout_i_reg[0]/C
                         clock pessimism             -0.077     1.777    
    SLICE_X26Y250        FDRE (Hold_fdre_C_CE)        0.030     1.807    design_1_i/axi_mem_intercon/s00_couplers/auto_ds/inst/gen_downsizer.gen_cascaded_downsizer.gen_axi3_conv.axi3_conv_inst/gen_axi4_axi3.axi3_conv_inst/USE_WRITE.write_addr_inst/USE_BURSTS.cmd_queue/inst/fifo_gen_inst/inst_fifo_gen/gconvfifo.rf/grf.rf/gntv_or_sync_fifo.mem/gdm.dm_gen.dm/gpr1.dout_i_reg[0]
  -------------------------------------------------------------------
                         required time                         -1.807    
                         arrival time                           1.874    
  -------------------------------------------------------------------
                         slack                                  0.067    

Slack (MET) :             0.067ns  (arrival time - required time)
  Source:                 design_1_i/axi_mem_intercon/s00_couplers/auto_ds/inst/gen_downsizer.gen_cascaded_downsizer.gen_axi3_conv.axi3_conv_inst/gen_axi4_axi3.axi3_conv_inst/USE_WRITE.write_addr_inst/USE_BURSTS.cmd_queue/inst/fifo_gen_inst/inst_fifo_gen/gconvfifo.rf/grf.rf/gntv_or_sync_fifo.gl0.rd/grss.rsts/ram_empty_fb_i_reg/C
                            (rising edge-triggered cell FDPE clocked by clk_fpga_0  {rise@0.000ns fall@5.000ns period=10.000ns})
  Destination:            design_1_i/axi_mem_intercon/s00_couplers/auto_ds/inst/gen_downsizer.gen_cascaded_downsizer.gen_axi3_conv.axi3_conv_inst/gen_axi4_axi3.axi3_conv_inst/USE_WRITE.write_addr_inst/USE_BURSTS.cmd_queue/inst/fifo_gen_inst/inst_fifo_gen/gconvfifo.rf/grf.rf/gntv_or_sync_fifo.mem/gdm.dm_gen.dm/gpr1.dout_i_reg[1]/CE
                            (rising edge-triggered cell FDRE clocked by clk_fpga_0  {rise@0.000ns fall@5.000ns period=10.000ns})
  Path Group:             clk_fpga_0
  Path Type:              Hold (Min at Fast Process Corner)
  Requirement:            0.000ns  (clk_fpga_0 rise@0.000ns - clk_fpga_0 rise@0.000ns)
  Data Path Delay:        0.384ns  (logic 0.146ns (38.013%)  route 0.238ns (61.986%))
  Logic Levels:           1  (LUT4=1)
  Clock Path Skew:        0.287ns (DCD - SCD - CPR)
    Destination Clock Delay (DCD):    1.854ns
    Source Clock Delay      (SCD):    1.490ns
    Clock Pessimism Removal (CPR):    0.077ns

    Location             Delay type                Incr(ns)  Path(ns)    Netlist Resource(s)
  -------------------------------------------------------------------    -------------------
                         (clock clk_fpga_0 rise edge)
                                                      0.000     0.000 r  
    PS7_X0Y0             PS7                          0.000     0.000 r  design_1_i/processing_system7_0/inst/PS7_i/FCLKCLK[0]
                         net (fo=1, routed)           0.763     0.763    design_1_i/processing_system7_0/inst/FCLK_CLK_unbuffered[0]
    BUFGCTRL_X0Y16       BUFG (Prop_bufg_I_O)         0.026     0.789 r  design_1_i/processing_system7_0/inst/buffer_fclk_clk_0.FCLK_CLK_0_BUFG/O
                         net (fo=3740, routed)        0.701     1.490    design_1_i/axi_mem_intercon/s00_couplers/auto_ds/inst/gen_downsizer.gen_cascaded_downsizer.gen_axi3_conv.axi3_conv_inst/gen_axi4_axi3.axi3_conv_inst/USE_WRITE.write_addr_inst/USE_BURSTS.cmd_queue/inst/fifo_gen_inst/inst_fifo_gen/gconvfifo.rf/grf.rf/gntv_or_sync_fifo.gl0.rd/grss.rsts/clk
    SLICE_X26Y249        FDPE                                         r  design_1_i/axi_mem_intercon/s00_couplers/auto_ds/inst/gen_downsizer.gen_cascaded_downsizer.gen_axi3_conv.axi3_conv_inst/gen_axi4_axi3.axi3_conv_inst/USE_WRITE.write_addr_inst/USE_BURSTS.cmd_queue/inst/fifo_gen_inst/inst_fifo_gen/gconvfifo.rf/grf.rf/gntv_or_sync_fifo.gl0.rd/grss.rsts/ram_empty_fb_i_reg/C
  -------------------------------------------------------------------    -------------------
    SLICE_X26Y249        FDPE (Prop_fdpe_C_Q)         0.118     1.608 f  design_1_i/axi_mem_intercon/s00_couplers/auto_ds/inst/gen_downsizer.gen_cascaded_downsizer.gen_axi3_conv.axi3_conv_inst/gen_axi4_axi3.axi3_conv_inst/USE_WRITE.write_addr_inst/USE_BURSTS.cmd_queue/inst/fifo_gen_inst/inst_fifo_gen/gconvfifo.rf/grf.rf/gntv_or_sync_fifo.gl0.rd/grss.rsts/ram_empty_fb_i_reg/Q
                         net (fo=5, routed)           0.085     1.693    design_1_i/axi_mem_intercon/s00_couplers/auto_ds/inst/gen_downsizer.gen_cascaded_downsizer.gen_axi3_conv.axi3_conv_inst/gen_axi4_axi3.axi3_conv_inst/USE_WRITE.write_addr_inst/USE_BURSTS.cmd_queue/inst/fifo_gen_inst/inst_fifo_gen/gconvfifo.rf/grf.rf/gntv_or_sync_fifo.gl0.rd/gr1.gr1_int.rfwft/gc0.count_reg[4]
    SLICE_X27Y249        LUT4 (Prop_lut4_I3_O)        0.028     1.721 r  design_1_i/axi_mem_intercon/s00_couplers/auto_ds/inst/gen_downsizer.gen_cascaded_downsizer.gen_axi3_conv.axi3_conv_inst/gen_axi4_axi3.axi3_conv_inst/USE_WRITE.write_addr_inst/USE_BURSTS.cmd_queue/inst/fifo_gen_inst/inst_fifo_gen/gconvfifo.rf/grf.rf/gntv_or_sync_fifo.gl0.rd/gr1.gr1_int.rfwft/gpr1.dout_i[3]_i_1/O
                         net (fo=4, routed)           0.153     1.874    design_1_i/axi_mem_intercon/s00_couplers/auto_ds/inst/gen_downsizer.gen_cascaded_downsizer.gen_axi3_conv.axi3_conv_inst/gen_axi4_axi3.axi3_conv_inst/USE_WRITE.write_addr_inst/USE_BURSTS.cmd_queue/inst/fifo_gen_inst/inst_fifo_gen/gconvfifo.rf/grf.rf/gntv_or_sync_fifo.mem/gdm.dm_gen.dm/gpr1.dout_i_reg[0]_0[0]
    SLICE_X26Y250        FDRE                                         r  design_1_i/axi_mem_intercon/s00_couplers/auto_ds/inst/gen_downsizer.gen_cascaded_downsizer.gen_axi3_conv.axi3_conv_inst/gen_axi4_axi3.axi3_conv_inst/USE_WRITE.write_addr_inst/USE_BURSTS.cmd_queue/inst/fifo_gen_inst/inst_fifo_gen/gconvfifo.rf/grf.rf/gntv_or_sync_fifo.mem/gdm.dm_gen.dm/gpr1.dout_i_reg[1]/CE
  -------------------------------------------------------------------    -------------------

                         (clock clk_fpga_0 rise edge)
                                                      0.000     0.000 r  
    PS7_X0Y0             PS7                          0.000     0.000 r  design_1_i/processing_system7_0/inst/PS7_i/FCLKCLK[0]
                         net (fo=1, routed)           0.808     0.808    design_1_i/processing_system7_0/inst/FCLK_CLK_unbuffered[0]
    BUFGCTRL_X0Y16       BUFG (Prop_bufg_I_O)         0.030     0.838 r  design_1_i/processing_system7_0/inst/buffer_fclk_clk_0.FCLK_CLK_0_BUFG/O
                         net (fo=3740, routed)        1.016     1.854    design_1_i/axi_mem_intercon/s00_couplers/auto_ds/inst/gen_downsizer.gen_cascaded_downsizer.gen_axi3_conv.axi3_conv_inst/gen_axi4_axi3.axi3_conv_inst/USE_WRITE.write_addr_inst/USE_BURSTS.cmd_queue/inst/fifo_gen_inst/inst_fifo_gen/gconvfifo.rf/grf.rf/gntv_or_sync_fifo.mem/gdm.dm_gen.dm/clk
    SLICE_X26Y250        FDRE                                         r  design_1_i/axi_mem_intercon/s00_couplers/auto_ds/inst/gen_downsizer.gen_cascaded_downsizer.gen_axi3_conv.axi3_conv_inst/gen_axi4_axi3.axi3_conv_inst/USE_WRITE.write_addr_inst/USE_BURSTS.cmd_queue/inst/fifo_gen_inst/inst_fifo_gen/gconvfifo.rf/grf.rf/gntv_or_sync_fifo.mem/gdm.dm_gen.dm/gpr1.dout_i_reg[1]/C
                         clock pessimism             -0.077     1.777    
    SLICE_X26Y250        FDRE (Hold_fdre_C_CE)        0.030     1.807    design_1_i/axi_mem_intercon/s00_couplers/auto_ds/inst/gen_downsizer.gen_cascaded_downsizer.gen_axi3_conv.axi3_conv_inst/gen_axi4_axi3.axi3_conv_inst/USE_WRITE.write_addr_inst/USE_BURSTS.cmd_queue/inst/fifo_gen_inst/inst_fifo_gen/gconvfifo.rf/grf.rf/gntv_or_sync_fifo.mem/gdm.dm_gen.dm/gpr1.dout_i_reg[1]
  -------------------------------------------------------------------
                         required time                         -1.807    
                         arrival time                           1.874    
  -------------------------------------------------------------------
                         slack                                  0.067    

Slack (MET) :             0.067ns  (arrival time - required time)
  Source:                 design_1_i/axi_mem_intercon/s00_couplers/auto_ds/inst/gen_downsizer.gen_cascaded_downsizer.gen_axi3_conv.axi3_conv_inst/gen_axi4_axi3.axi3_conv_inst/USE_WRITE.write_addr_inst/USE_BURSTS.cmd_queue/inst/fifo_gen_inst/inst_fifo_gen/gconvfifo.rf/grf.rf/gntv_or_sync_fifo.gl0.rd/grss.rsts/ram_empty_fb_i_reg/C
                            (rising edge-triggered cell FDPE clocked by clk_fpga_0  {rise@0.000ns fall@5.000ns period=10.000ns})
  Destination:            design_1_i/axi_mem_intercon/s00_couplers/auto_ds/inst/gen_downsizer.gen_cascaded_downsizer.gen_axi3_conv.axi3_conv_inst/gen_axi4_axi3.axi3_conv_inst/USE_WRITE.write_addr_inst/USE_BURSTS.cmd_queue/inst/fifo_gen_inst/inst_fifo_gen/gconvfifo.rf/grf.rf/gntv_or_sync_fifo.mem/gdm.dm_gen.dm/gpr1.dout_i_reg[2]/CE
                            (rising edge-triggered cell FDRE clocked by clk_fpga_0  {rise@0.000ns fall@5.000ns period=10.000ns})
  Path Group:             clk_fpga_0
  Path Type:              Hold (Min at Fast Process Corner)
  Requirement:            0.000ns  (clk_fpga_0 rise@0.000ns - clk_fpga_0 rise@0.000ns)
  Data Path Delay:        0.384ns  (logic 0.146ns (38.013%)  route 0.238ns (61.986%))
  Logic Levels:           1  (LUT4=1)
  Clock Path Skew:        0.287ns (DCD - SCD - CPR)
    Destination Clock Delay (DCD):    1.854ns
    Source Clock Delay      (SCD):    1.490ns
    Clock Pessimism Removal (CPR):    0.077ns

    Location             Delay type                Incr(ns)  Path(ns)    Netlist Resource(s)
  -------------------------------------------------------------------    -------------------
                         (clock clk_fpga_0 rise edge)
                                                      0.000     0.000 r  
    PS7_X0Y0             PS7                          0.000     0.000 r  design_1_i/processing_system7_0/inst/PS7_i/FCLKCLK[0]
                         net (fo=1, routed)           0.763     0.763    design_1_i/processing_system7_0/inst/FCLK_CLK_unbuffered[0]
    BUFGCTRL_X0Y16       BUFG (Prop_bufg_I_O)         0.026     0.789 r  design_1_i/processing_system7_0/inst/buffer_fclk_clk_0.FCLK_CLK_0_BUFG/O
                         net (fo=3740, routed)        0.701     1.490    design_1_i/axi_mem_intercon/s00_couplers/auto_ds/inst/gen_downsizer.gen_cascaded_downsizer.gen_axi3_conv.axi3_conv_inst/gen_axi4_axi3.axi3_conv_inst/USE_WRITE.write_addr_inst/USE_BURSTS.cmd_queue/inst/fifo_gen_inst/inst_fifo_gen/gconvfifo.rf/grf.rf/gntv_or_sync_fifo.gl0.rd/grss.rsts/clk
    SLICE_X26Y249        FDPE                                         r  design_1_i/axi_mem_intercon/s00_couplers/auto_ds/inst/gen_downsizer.gen_cascaded_downsizer.gen_axi3_conv.axi3_conv_inst/gen_axi4_axi3.axi3_conv_inst/USE_WRITE.write_addr_inst/USE_BURSTS.cmd_queue/inst/fifo_gen_inst/inst_fifo_gen/gconvfifo.rf/grf.rf/gntv_or_sync_fifo.gl0.rd/grss.rsts/ram_empty_fb_i_reg/C
  -------------------------------------------------------------------    -------------------
    SLICE_X26Y249        FDPE (Prop_fdpe_C_Q)         0.118     1.608 f  design_1_i/axi_mem_intercon/s00_couplers/auto_ds/inst/gen_downsizer.gen_cascaded_downsizer.gen_axi3_conv.axi3_conv_inst/gen_axi4_axi3.axi3_conv_inst/USE_WRITE.write_addr_inst/USE_BURSTS.cmd_queue/inst/fifo_gen_inst/inst_fifo_gen/gconvfifo.rf/grf.rf/gntv_or_sync_fifo.gl0.rd/grss.rsts/ram_empty_fb_i_reg/Q
                         net (fo=5, routed)           0.085     1.693    design_1_i/axi_mem_intercon/s00_couplers/auto_ds/inst/gen_downsizer.gen_cascaded_downsizer.gen_axi3_conv.axi3_conv_inst/gen_axi4_axi3.axi3_conv_inst/USE_WRITE.write_addr_inst/USE_BURSTS.cmd_queue/inst/fifo_gen_inst/inst_fifo_gen/gconvfifo.rf/grf.rf/gntv_or_sync_fifo.gl0.rd/gr1.gr1_int.rfwft/gc0.count_reg[4]
    SLICE_X27Y249        LUT4 (Prop_lut4_I3_O)        0.028     1.721 r  design_1_i/axi_mem_intercon/s00_couplers/auto_ds/inst/gen_downsizer.gen_cascaded_downsizer.gen_axi3_conv.axi3_conv_inst/gen_axi4_axi3.axi3_conv_inst/USE_WRITE.write_addr_inst/USE_BURSTS.cmd_queue/inst/fifo_gen_inst/inst_fifo_gen/gconvfifo.rf/grf.rf/gntv_or_sync_fifo.gl0.rd/gr1.gr1_int.rfwft/gpr1.dout_i[3]_i_1/O
                         net (fo=4, routed)           0.153     1.874    design_1_i/axi_mem_intercon/s00_couplers/auto_ds/inst/gen_downsizer.gen_cascaded_downsizer.gen_axi3_conv.axi3_conv_inst/gen_axi4_axi3.axi3_conv_inst/USE_WRITE.write_addr_inst/USE_BURSTS.cmd_queue/inst/fifo_gen_inst/inst_fifo_gen/gconvfifo.rf/grf.rf/gntv_or_sync_fifo.mem/gdm.dm_gen.dm/gpr1.dout_i_reg[0]_0[0]
    SLICE_X26Y250        FDRE                                         r  design_1_i/axi_mem_intercon/s00_couplers/auto_ds/inst/gen_downsizer.gen_cascaded_downsizer.gen_axi3_conv.axi3_conv_inst/gen_axi4_axi3.axi3_conv_inst/USE_WRITE.write_addr_inst/USE_BURSTS.cmd_queue/inst/fifo_gen_inst/inst_fifo_gen/gconvfifo.rf/grf.rf/gntv_or_sync_fifo.mem/gdm.dm_gen.dm/gpr1.dout_i_reg[2]/CE
  -------------------------------------------------------------------    -------------------

                         (clock clk_fpga_0 rise edge)
                                                      0.000     0.000 r  
    PS7_X0Y0             PS7                          0.000     0.000 r  design_1_i/processing_system7_0/inst/PS7_i/FCLKCLK[0]
                         net (fo=1, routed)           0.808     0.808    design_1_i/processing_system7_0/inst/FCLK_CLK_unbuffered[0]
    BUFGCTRL_X0Y16       BUFG (Prop_bufg_I_O)         0.030     0.838 r  design_1_i/processing_system7_0/inst/buffer_fclk_clk_0.FCLK_CLK_0_BUFG/O
                         net (fo=3740, routed)        1.016     1.854    design_1_i/axi_mem_intercon/s00_couplers/auto_ds/inst/gen_downsizer.gen_cascaded_downsizer.gen_axi3_conv.axi3_conv_inst/gen_axi4_axi3.axi3_conv_inst/USE_WRITE.write_addr_inst/USE_BURSTS.cmd_queue/inst/fifo_gen_inst/inst_fifo_gen/gconvfifo.rf/grf.rf/gntv_or_sync_fifo.mem/gdm.dm_gen.dm/clk
    SLICE_X26Y250        FDRE                                         r  design_1_i/axi_mem_intercon/s00_couplers/auto_ds/inst/gen_downsizer.gen_cascaded_downsizer.gen_axi3_conv.axi3_conv_inst/gen_axi4_axi3.axi3_conv_inst/USE_WRITE.write_addr_inst/USE_BURSTS.cmd_queue/inst/fifo_gen_inst/inst_fifo_gen/gconvfifo.rf/grf.rf/gntv_or_sync_fifo.mem/gdm.dm_gen.dm/gpr1.dout_i_reg[2]/C
                         clock pessimism             -0.077     1.777    
    SLICE_X26Y250        FDRE (Hold_fdre_C_CE)        0.030     1.807    design_1_i/axi_mem_intercon/s00_couplers/auto_ds/inst/gen_downsizer.gen_cascaded_downsizer.gen_axi3_conv.axi3_conv_inst/gen_axi4_axi3.axi3_conv_inst/USE_WRITE.write_addr_inst/USE_BURSTS.cmd_queue/inst/fifo_gen_inst/inst_fifo_gen/gconvfifo.rf/grf.rf/gntv_or_sync_fifo.mem/gdm.dm_gen.dm/gpr1.dout_i_reg[2]
  -------------------------------------------------------------------
                         required time                         -1.807    
                         arrival time                           1.874    
  -------------------------------------------------------------------
                         slack                                  0.067    

Slack (MET) :             0.067ns  (arrival time - required time)
  Source:                 design_1_i/axi_mem_intercon/s00_couplers/auto_ds/inst/gen_downsizer.gen_cascaded_downsizer.gen_axi3_conv.axi3_conv_inst/gen_axi4_axi3.axi3_conv_inst/USE_WRITE.write_addr_inst/USE_BURSTS.cmd_queue/inst/fifo_gen_inst/inst_fifo_gen/gconvfifo.rf/grf.rf/gntv_or_sync_fifo.gl0.rd/grss.rsts/ram_empty_fb_i_reg/C
                            (rising edge-triggered cell FDPE clocked by clk_fpga_0  {rise@0.000ns fall@5.000ns period=10.000ns})
  Destination:            design_1_i/axi_mem_intercon/s00_couplers/auto_ds/inst/gen_downsizer.gen_cascaded_downsizer.gen_axi3_conv.axi3_conv_inst/gen_axi4_axi3.axi3_conv_inst/USE_WRITE.write_addr_inst/USE_BURSTS.cmd_queue/inst/fifo_gen_inst/inst_fifo_gen/gconvfifo.rf/grf.rf/gntv_or_sync_fifo.mem/gdm.dm_gen.dm/gpr1.dout_i_reg[3]/CE
                            (rising edge-triggered cell FDRE clocked by clk_fpga_0  {rise@0.000ns fall@5.000ns period=10.000ns})
  Path Group:             clk_fpga_0
  Path Type:              Hold (Min at Fast Process Corner)
  Requirement:            0.000ns  (clk_fpga_0 rise@0.000ns - clk_fpga_0 rise@0.000ns)
  Data Path Delay:        0.384ns  (logic 0.146ns (38.013%)  route 0.238ns (61.986%))
  Logic Levels:           1  (LUT4=1)
  Clock Path Skew:        0.287ns (DCD - SCD - CPR)
    Destination Clock Delay (DCD):    1.854ns
    Source Clock Delay      (SCD):    1.490ns
    Clock Pessimism Removal (CPR):    0.077ns

    Location             Delay type                Incr(ns)  Path(ns)    Netlist Resource(s)
  -------------------------------------------------------------------    -------------------
                         (clock clk_fpga_0 rise edge)
                                                      0.000     0.000 r  
    PS7_X0Y0             PS7                          0.000     0.000 r  design_1_i/processing_system7_0/inst/PS7_i/FCLKCLK[0]
                         net (fo=1, routed)           0.763     0.763    design_1_i/processing_system7_0/inst/FCLK_CLK_unbuffered[0]
    BUFGCTRL_X0Y16       BUFG (Prop_bufg_I_O)         0.026     0.789 r  design_1_i/processing_system7_0/inst/buffer_fclk_clk_0.FCLK_CLK_0_BUFG/O
                         net (fo=3740, routed)        0.701     1.490    design_1_i/axi_mem_intercon/s00_couplers/auto_ds/inst/gen_downsizer.gen_cascaded_downsizer.gen_axi3_conv.axi3_conv_inst/gen_axi4_axi3.axi3_conv_inst/USE_WRITE.write_addr_inst/USE_BURSTS.cmd_queue/inst/fifo_gen_inst/inst_fifo_gen/gconvfifo.rf/grf.rf/gntv_or_sync_fifo.gl0.rd/grss.rsts/clk
    SLICE_X26Y249        FDPE                                         r  design_1_i/axi_mem_intercon/s00_couplers/auto_ds/inst/gen_downsizer.gen_cascaded_downsizer.gen_axi3_conv.axi3_conv_inst/gen_axi4_axi3.axi3_conv_inst/USE_WRITE.write_addr_inst/USE_BURSTS.cmd_queue/inst/fifo_gen_inst/inst_fifo_gen/gconvfifo.rf/grf.rf/gntv_or_sync_fifo.gl0.rd/grss.rsts/ram_empty_fb_i_reg/C
  -------------------------------------------------------------------    -------------------
    SLICE_X26Y249        FDPE (Prop_fdpe_C_Q)         0.118     1.608 f  design_1_i/axi_mem_intercon/s00_couplers/auto_ds/inst/gen_downsizer.gen_cascaded_downsizer.gen_axi3_conv.axi3_conv_inst/gen_axi4_axi3.axi3_conv_inst/USE_WRITE.write_addr_inst/USE_BURSTS.cmd_queue/inst/fifo_gen_inst/inst_fifo_gen/gconvfifo.rf/grf.rf/gntv_or_sync_fifo.gl0.rd/grss.rsts/ram_empty_fb_i_reg/Q
                         net (fo=5, routed)           0.085     1.693    design_1_i/axi_mem_intercon/s00_couplers/auto_ds/inst/gen_downsizer.gen_cascaded_downsizer.gen_axi3_conv.axi3_conv_inst/gen_axi4_axi3.axi3_conv_inst/USE_WRITE.write_addr_inst/USE_BURSTS.cmd_queue/inst/fifo_gen_inst/inst_fifo_gen/gconvfifo.rf/grf.rf/gntv_or_sync_fifo.gl0.rd/gr1.gr1_int.rfwft/gc0.count_reg[4]
    SLICE_X27Y249        LUT4 (Prop_lut4_I3_O)        0.028     1.721 r  design_1_i/axi_mem_intercon/s00_couplers/auto_ds/inst/gen_downsizer.gen_cascaded_downsizer.gen_axi3_conv.axi3_conv_inst/gen_axi4_axi3.axi3_conv_inst/USE_WRITE.write_addr_inst/USE_BURSTS.cmd_queue/inst/fifo_gen_inst/inst_fifo_gen/gconvfifo.rf/grf.rf/gntv_or_sync_fifo.gl0.rd/gr1.gr1_int.rfwft/gpr1.dout_i[3]_i_1/O
                         net (fo=4, routed)           0.153     1.874    design_1_i/axi_mem_intercon/s00_couplers/auto_ds/inst/gen_downsizer.gen_cascaded_downsizer.gen_axi3_conv.axi3_conv_inst/gen_axi4_axi3.axi3_conv_inst/USE_WRITE.write_addr_inst/USE_BURSTS.cmd_queue/inst/fifo_gen_inst/inst_fifo_gen/gconvfifo.rf/grf.rf/gntv_or_sync_fifo.mem/gdm.dm_gen.dm/gpr1.dout_i_reg[0]_0[0]
    SLICE_X26Y250        FDRE                                         r  design_1_i/axi_mem_intercon/s00_couplers/auto_ds/inst/gen_downsizer.gen_cascaded_downsizer.gen_axi3_conv.axi3_conv_inst/gen_axi4_axi3.axi3_conv_inst/USE_WRITE.write_addr_inst/USE_BURSTS.cmd_queue/inst/fifo_gen_inst/inst_fifo_gen/gconvfifo.rf/grf.rf/gntv_or_sync_fifo.mem/gdm.dm_gen.dm/gpr1.dout_i_reg[3]/CE
  -------------------------------------------------------------------    -------------------

                         (clock clk_fpga_0 rise edge)
                                                      0.000     0.000 r  
    PS7_X0Y0             PS7                          0.000     0.000 r  design_1_i/processing_system7_0/inst/PS7_i/FCLKCLK[0]
                         net (fo=1, routed)           0.808     0.808    design_1_i/processing_system7_0/inst/FCLK_CLK_unbuffered[0]
    BUFGCTRL_X0Y16       BUFG (Prop_bufg_I_O)         0.030     0.838 r  design_1_i/processing_system7_0/inst/buffer_fclk_clk_0.FCLK_CLK_0_BUFG/O
                         net (fo=3740, routed)        1.016     1.854    design_1_i/axi_mem_intercon/s00_couplers/auto_ds/inst/gen_downsizer.gen_cascaded_downsizer.gen_axi3_conv.axi3_conv_inst/gen_axi4_axi3.axi3_conv_inst/USE_WRITE.write_addr_inst/USE_BURSTS.cmd_queue/inst/fifo_gen_inst/inst_fifo_gen/gconvfifo.rf/grf.rf/gntv_or_sync_fifo.mem/gdm.dm_gen.dm/clk
    SLICE_X26Y250        FDRE                                         r  design_1_i/axi_mem_intercon/s00_couplers/auto_ds/inst/gen_downsizer.gen_cascaded_downsizer.gen_axi3_conv.axi3_conv_inst/gen_axi4_axi3.axi3_conv_inst/USE_WRITE.write_addr_inst/USE_BURSTS.cmd_queue/inst/fifo_gen_inst/inst_fifo_gen/gconvfifo.rf/grf.rf/gntv_or_sync_fifo.mem/gdm.dm_gen.dm/gpr1.dout_i_reg[3]/C
                         clock pessimism             -0.077     1.777    
    SLICE_X26Y250        FDRE (Hold_fdre_C_CE)        0.030     1.807    design_1_i/axi_mem_intercon/s00_couplers/auto_ds/inst/gen_downsizer.gen_cascaded_downsizer.gen_axi3_conv.axi3_conv_inst/gen_axi4_axi3.axi3_conv_inst/USE_WRITE.write_addr_inst/USE_BURSTS.cmd_queue/inst/fifo_gen_inst/inst_fifo_gen/gconvfifo.rf/grf.rf/gntv_or_sync_fifo.mem/gdm.dm_gen.dm/gpr1.dout_i_reg[3]
  -------------------------------------------------------------------
                         required time                         -1.807    
                         arrival time                           1.874    
  -------------------------------------------------------------------
                         slack                                  0.067    

Slack (MET) :             0.068ns  (arrival time - required time)
  Source:                 design_1_i/axi_dma_0/U0/I_PRMRY_DATAMOVER/GEN_S2MM_FULL.I_S2MM_FULL_WRAPPER/ENABLE_AXIS_SKID.I_S2MM_STRM_SKID_BUF/sig_data_reg_out_reg[105]/C
                            (rising edge-triggered cell FDRE clocked by clk_fpga_0  {rise@0.000ns fall@5.000ns period=10.000ns})
  Destination:            design_1_i/axi_dma_0/U0/I_PRMRY_DATAMOVER/GEN_S2MM_FULL.I_S2MM_FULL_WRAPPER/GEN_INCLUDE_REALIGNER.I_S2MM_REALIGNER/GEN_INCLUDE_SCATTER.I_S2MM_SCATTER/I_MSSAI_SKID_BUF/sig_data_reg_out_reg[105]/D
                            (rising edge-triggered cell FDRE clocked by clk_fpga_0  {rise@0.000ns fall@5.000ns period=10.000ns})
  Path Group:             clk_fpga_0
  Path Type:              Hold (Min at Fast Process Corner)
  Requirement:            0.000ns  (clk_fpga_0 rise@0.000ns - clk_fpga_0 rise@0.000ns)
  Data Path Delay:        0.450ns  (logic 0.128ns (28.455%)  route 0.322ns (71.545%))
  Logic Levels:           1  (LUT3=1)
  Clock Path Skew:        0.295ns (DCD - SCD - CPR)
    Destination Clock Delay (DCD):    1.767ns
    Source Clock Delay      (SCD):    1.415ns
    Clock Pessimism Removal (CPR):    0.057ns

    Location             Delay type                Incr(ns)  Path(ns)    Netlist Resource(s)
  -------------------------------------------------------------------    -------------------
                         (clock clk_fpga_0 rise edge)
                                                      0.000     0.000 r  
    PS7_X0Y0             PS7                          0.000     0.000 r  design_1_i/processing_system7_0/inst/PS7_i/FCLKCLK[0]
                         net (fo=1, routed)           0.763     0.763    design_1_i/processing_system7_0/inst/FCLK_CLK_unbuffered[0]
    BUFGCTRL_X0Y16       BUFG (Prop_bufg_I_O)         0.026     0.789 r  design_1_i/processing_system7_0/inst/buffer_fclk_clk_0.FCLK_CLK_0_BUFG/O
                         net (fo=3740, routed)        0.626     1.415    design_1_i/axi_dma_0/U0/I_PRMRY_DATAMOVER/GEN_S2MM_FULL.I_S2MM_FULL_WRAPPER/ENABLE_AXIS_SKID.I_S2MM_STRM_SKID_BUF/m_axi_s2mm_aclk
    SLICE_X9Y195         FDRE                                         r  design_1_i/axi_dma_0/U0/I_PRMRY_DATAMOVER/GEN_S2MM_FULL.I_S2MM_FULL_WRAPPER/ENABLE_AXIS_SKID.I_S2MM_STRM_SKID_BUF/sig_data_reg_out_reg[105]/C
  -------------------------------------------------------------------    -------------------
    SLICE_X9Y195         FDRE (Prop_fdre_C_Q)         0.100     1.515 r  design_1_i/axi_dma_0/U0/I_PRMRY_DATAMOVER/GEN_S2MM_FULL.I_S2MM_FULL_WRAPPER/ENABLE_AXIS_SKID.I_S2MM_STRM_SKID_BUF/sig_data_reg_out_reg[105]/Q
                         net (fo=2, routed)           0.322     1.837    design_1_i/axi_dma_0/U0/I_PRMRY_DATAMOVER/GEN_S2MM_FULL.I_S2MM_FULL_WRAPPER/GEN_INCLUDE_REALIGNER.I_S2MM_REALIGNER/GEN_INCLUDE_SCATTER.I_S2MM_SCATTER/I_MSSAI_SKID_BUF/sig_data_skid_reg_reg[127]_0[105]
    SLICE_X8Y214         LUT3 (Prop_lut3_I1_O)        0.028     1.865 r  design_1_i/axi_dma_0/U0/I_PRMRY_DATAMOVER/GEN_S2MM_FULL.I_S2MM_FULL_WRAPPER/GEN_INCLUDE_REALIGNER.I_S2MM_REALIGNER/GEN_INCLUDE_SCATTER.I_S2MM_SCATTER/I_MSSAI_SKID_BUF/sig_data_reg_out[105]_i_1/O
                         net (fo=1, routed)           0.000     1.865    design_1_i/axi_dma_0/U0/I_PRMRY_DATAMOVER/GEN_S2MM_FULL.I_S2MM_FULL_WRAPPER/GEN_INCLUDE_REALIGNER.I_S2MM_REALIGNER/GEN_INCLUDE_SCATTER.I_S2MM_SCATTER/I_MSSAI_SKID_BUF/sig_data_skid_mux_out[105]
    SLICE_X8Y214         FDRE                                         r  design_1_i/axi_dma_0/U0/I_PRMRY_DATAMOVER/GEN_S2MM_FULL.I_S2MM_FULL_WRAPPER/GEN_INCLUDE_REALIGNER.I_S2MM_REALIGNER/GEN_INCLUDE_SCATTER.I_S2MM_SCATTER/I_MSSAI_SKID_BUF/sig_data_reg_out_reg[105]/D
  -------------------------------------------------------------------    -------------------

                         (clock clk_fpga_0 rise edge)
                                                      0.000     0.000 r  
    PS7_X0Y0             PS7                          0.000     0.000 r  design_1_i/processing_system7_0/inst/PS7_i/FCLKCLK[0]
                         net (fo=1, routed)           0.808     0.808    design_1_i/processing_system7_0/inst/FCLK_CLK_unbuffered[0]
    BUFGCTRL_X0Y16       BUFG (Prop_bufg_I_O)         0.030     0.838 r  design_1_i/processing_system7_0/inst/buffer_fclk_clk_0.FCLK_CLK_0_BUFG/O
                         net (fo=3740, routed)        0.929     1.767    design_1_i/axi_dma_0/U0/I_PRMRY_DATAMOVER/GEN_S2MM_FULL.I_S2MM_FULL_WRAPPER/GEN_INCLUDE_REALIGNER.I_S2MM_REALIGNER/GEN_INCLUDE_SCATTER.I_S2MM_SCATTER/I_MSSAI_SKID_BUF/m_axi_s2mm_aclk
    SLICE_X8Y214         FDRE                                         r  design_1_i/axi_dma_0/U0/I_PRMRY_DATAMOVER/GEN_S2MM_FULL.I_S2MM_FULL_WRAPPER/GEN_INCLUDE_REALIGNER.I_S2MM_REALIGNER/GEN_INCLUDE_SCATTER.I_S2MM_SCATTER/I_MSSAI_SKID_BUF/sig_data_reg_out_reg[105]/C
                         clock pessimism             -0.057     1.710    
    SLICE_X8Y214         FDRE (Hold_fdre_C_D)         0.087     1.797    design_1_i/axi_dma_0/U0/I_PRMRY_DATAMOVER/GEN_S2MM_FULL.I_S2MM_FULL_WRAPPER/GEN_INCLUDE_REALIGNER.I_S2MM_REALIGNER/GEN_INCLUDE_SCATTER.I_S2MM_SCATTER/I_MSSAI_SKID_BUF/sig_data_reg_out_reg[105]
  -------------------------------------------------------------------
                         required time                         -1.797    
                         arrival time                           1.865    
  -------------------------------------------------------------------
                         slack                                  0.068    

Slack (MET) :             0.068ns  (arrival time - required time)
  Source:                 design_1_i/axi_dma_0/U0/I_PRMRY_DATAMOVER/GEN_S2MM_FULL.I_S2MM_FULL_WRAPPER/GEN_INCLUDE_REALIGNER.I_S2MM_REALIGNER/GEN_INCLUDE_SCATTER.I_S2MM_SCATTER/SLICE_INSERTION/storage_data_reg[14]/C
                            (rising edge-triggered cell FDRE clocked by clk_fpga_0  {rise@0.000ns fall@5.000ns period=10.000ns})
  Destination:            design_1_i/axi_dma_0/U0/I_PRMRY_DATAMOVER/GEN_S2MM_FULL.I_S2MM_FULL_WRAPPER/GEN_INCLUDE_REALIGNER.I_S2MM_REALIGNER/GEN_INCLUDE_SCATTER.I_S2MM_SCATTER/I_TSTRB_FIFO/USE_SYNC_FIFO.I_SYNC_FIFO/NON_BLK_MEM.I_SYNC_FIFOGEN_FIFO/xpm_fifo_instance.xpm_fifo_sync_inst/xpm_fifo_base_inst/gen_sdpram.xpm_memory_base_inst/gen_wr_a.gen_word_narrow.mem_reg_0_15_12_17/RAMB/I
                            (rising edge-triggered cell RAMD32 clocked by clk_fpga_0  {rise@0.000ns fall@5.000ns period=10.000ns})
  Path Group:             clk_fpga_0
  Path Type:              Hold (Min at Fast Process Corner)
  Requirement:            0.000ns  (clk_fpga_0 rise@0.000ns - clk_fpga_0 rise@0.000ns)
  Data Path Delay:        0.214ns  (logic 0.118ns (55.173%)  route 0.096ns (44.827%))
  Logic Levels:           0  
  Clock Path Skew:        0.014ns (DCD - SCD - CPR)
    Destination Clock Delay (DCD):    1.768ns
    Source Clock Delay      (SCD):    1.491ns
    Clock Pessimism Removal (CPR):    0.263ns

    Location             Delay type                Incr(ns)  Path(ns)    Netlist Resource(s)
  -------------------------------------------------------------------    -------------------
                         (clock clk_fpga_0 rise edge)
                                                      0.000     0.000 r  
    PS7_X0Y0             PS7                          0.000     0.000 r  design_1_i/processing_system7_0/inst/PS7_i/FCLKCLK[0]
                         net (fo=1, routed)           0.763     0.763    design_1_i/processing_system7_0/inst/FCLK_CLK_unbuffered[0]
    BUFGCTRL_X0Y16       BUFG (Prop_bufg_I_O)         0.026     0.789 r  design_1_i/processing_system7_0/inst/buffer_fclk_clk_0.FCLK_CLK_0_BUFG/O
                         net (fo=3740, routed)        0.702     1.491    design_1_i/axi_dma_0/U0/I_PRMRY_DATAMOVER/GEN_S2MM_FULL.I_S2MM_FULL_WRAPPER/GEN_INCLUDE_REALIGNER.I_S2MM_REALIGNER/GEN_INCLUDE_SCATTER.I_S2MM_SCATTER/SLICE_INSERTION/m_axi_s2mm_aclk
    SLICE_X14Y236        FDRE                                         r  design_1_i/axi_dma_0/U0/I_PRMRY_DATAMOVER/GEN_S2MM_FULL.I_S2MM_FULL_WRAPPER/GEN_INCLUDE_REALIGNER.I_S2MM_REALIGNER/GEN_INCLUDE_SCATTER.I_S2MM_SCATTER/SLICE_INSERTION/storage_data_reg[14]/C
  -------------------------------------------------------------------    -------------------
    SLICE_X14Y236        FDRE (Prop_fdre_C_Q)         0.118     1.609 r  design_1_i/axi_dma_0/U0/I_PRMRY_DATAMOVER/GEN_S2MM_FULL.I_S2MM_FULL_WRAPPER/GEN_INCLUDE_REALIGNER.I_S2MM_REALIGNER/GEN_INCLUDE_SCATTER.I_S2MM_SCATTER/SLICE_INSERTION/storage_data_reg[14]/Q
                         net (fo=1, routed)           0.096     1.705    design_1_i/axi_dma_0/U0/I_PRMRY_DATAMOVER/GEN_S2MM_FULL.I_S2MM_FULL_WRAPPER/GEN_INCLUDE_REALIGNER.I_S2MM_REALIGNER/GEN_INCLUDE_SCATTER.I_S2MM_SCATTER/I_TSTRB_FIFO/USE_SYNC_FIFO.I_SYNC_FIFO/NON_BLK_MEM.I_SYNC_FIFOGEN_FIFO/xpm_fifo_instance.xpm_fifo_sync_inst/xpm_fifo_base_inst/gen_sdpram.xpm_memory_base_inst/gen_wr_a.gen_word_narrow.mem_reg_0_15_12_17/DIB0
    SLICE_X14Y237        RAMD32                                       r  design_1_i/axi_dma_0/U0/I_PRMRY_DATAMOVER/GEN_S2MM_FULL.I_S2MM_FULL_WRAPPER/GEN_INCLUDE_REALIGNER.I_S2MM_REALIGNER/GEN_INCLUDE_SCATTER.I_S2MM_SCATTER/I_TSTRB_FIFO/USE_SYNC_FIFO.I_SYNC_FIFO/NON_BLK_MEM.I_SYNC_FIFOGEN_FIFO/xpm_fifo_instance.xpm_fifo_sync_inst/xpm_fifo_base_inst/gen_sdpram.xpm_memory_base_inst/gen_wr_a.gen_word_narrow.mem_reg_0_15_12_17/RAMB/I
  -------------------------------------------------------------------    -------------------

                         (clock clk_fpga_0 rise edge)
                                                      0.000     0.000 r  
    PS7_X0Y0             PS7                          0.000     0.000 r  design_1_i/processing_system7_0/inst/PS7_i/FCLKCLK[0]
                         net (fo=1, routed)           0.808     0.808    design_1_i/processing_system7_0/inst/FCLK_CLK_unbuffered[0]
    BUFGCTRL_X0Y16       BUFG (Prop_bufg_I_O)         0.030     0.838 r  design_1_i/processing_system7_0/inst/buffer_fclk_clk_0.FCLK_CLK_0_BUFG/O
                         net (fo=3740, routed)        0.930     1.768    design_1_i/axi_dma_0/U0/I_PRMRY_DATAMOVER/GEN_S2MM_FULL.I_S2MM_FULL_WRAPPER/GEN_INCLUDE_REALIGNER.I_S2MM_REALIGNER/GEN_INCLUDE_SCATTER.I_S2MM_SCATTER/I_TSTRB_FIFO/USE_SYNC_FIFO.I_SYNC_FIFO/NON_BLK_MEM.I_SYNC_FIFOGEN_FIFO/xpm_fifo_instance.xpm_fifo_sync_inst/xpm_fifo_base_inst/gen_sdpram.xpm_memory_base_inst/gen_wr_a.gen_word_narrow.mem_reg_0_15_12_17/WCLK
    SLICE_X14Y237        RAMD32                                       r  design_1_i/axi_dma_0/U0/I_PRMRY_DATAMOVER/GEN_S2MM_FULL.I_S2MM_FULL_WRAPPER/GEN_INCLUDE_REALIGNER.I_S2MM_REALIGNER/GEN_INCLUDE_SCATTER.I_S2MM_SCATTER/I_TSTRB_FIFO/USE_SYNC_FIFO.I_SYNC_FIFO/NON_BLK_MEM.I_SYNC_FIFOGEN_FIFO/xpm_fifo_instance.xpm_fifo_sync_inst/xpm_fifo_base_inst/gen_sdpram.xpm_memory_base_inst/gen_wr_a.gen_word_narrow.mem_reg_0_15_12_17/RAMB/CLK
                         clock pessimism             -0.263     1.505    
    SLICE_X14Y237        RAMD32 (Hold_ramd32_CLK_I)
                                                      0.132     1.637    design_1_i/axi_dma_0/U0/I_PRMRY_DATAMOVER/GEN_S2MM_FULL.I_S2MM_FULL_WRAPPER/GEN_INCLUDE_REALIGNER.I_S2MM_REALIGNER/GEN_INCLUDE_SCATTER.I_S2MM_SCATTER/I_TSTRB_FIFO/USE_SYNC_FIFO.I_SYNC_FIFO/NON_BLK_MEM.I_SYNC_FIFOGEN_FIFO/xpm_fifo_instance.xpm_fifo_sync_inst/xpm_fifo_base_inst/gen_sdpram.xpm_memory_base_inst/gen_wr_a.gen_word_narrow.mem_reg_0_15_12_17/RAMB
  -------------------------------------------------------------------
                         required time                         -1.637    
                         arrival time                           1.705    
  -------------------------------------------------------------------
                         slack                                  0.068    





Pulse Width Checks
--------------------------------------------------------------------------------------
Clock Name:         clk_fpga_0
Waveform(ns):       { 0.000 5.000 }
Period(ns):         10.000
Sources:            { design_1_i/processing_system7_0/inst/PS7_i/FCLKCLK[0] }

Check Type        Corner  Lib Pin             Reference Pin  Required(ns)  Actual(ns)  Slack(ns)  Location       Pin
Min Period        n/a     RAMB36E1/CLKARDCLK  n/a            1.839         10.000      8.161      RAMB36_X0Y45   design_1_i/axi_dma_0/U0/I_PRMRY_DATAMOVER/GEN_S2MM_FULL.I_S2MM_FULL_WRAPPER/GEN_ENABLE_INDET_BTT_SF.I_INDET_BTT/I_DATA_FIFO/BLK_MEM.I_SYNC_FIFOGEN_FIFO/xpm_fifo_instance.xpm_fifo_sync_inst/xpm_fifo_base_inst/gen_sdpram.xpm_memory_base_inst/gen_wr_a.gen_word_narrow.mem_reg_1/CLKARDCLK
Min Period        n/a     RAMB36E1/CLKBWRCLK  n/a            1.839         10.000      8.161      RAMB36_X0Y45   design_1_i/axi_dma_0/U0/I_PRMRY_DATAMOVER/GEN_S2MM_FULL.I_S2MM_FULL_WRAPPER/GEN_ENABLE_INDET_BTT_SF.I_INDET_BTT/I_DATA_FIFO/BLK_MEM.I_SYNC_FIFOGEN_FIFO/xpm_fifo_instance.xpm_fifo_sync_inst/xpm_fifo_base_inst/gen_sdpram.xpm_memory_base_inst/gen_wr_a.gen_word_narrow.mem_reg_1/CLKBWRCLK
Min Period        n/a     RAMB36E1/CLKARDCLK  n/a            1.839         10.000      8.161      RAMB36_X0Y47   design_1_i/axi_dma_0/U0/I_PRMRY_DATAMOVER/GEN_S2MM_FULL.I_S2MM_FULL_WRAPPER/GEN_ENABLE_INDET_BTT_SF.I_INDET_BTT/I_DATA_FIFO/BLK_MEM.I_SYNC_FIFOGEN_FIFO/xpm_fifo_instance.xpm_fifo_sync_inst/xpm_fifo_base_inst/gen_sdpram.xpm_memory_base_inst/gen_wr_a.gen_word_narrow.mem_reg_3/CLKARDCLK
Min Period        n/a     RAMB36E1/CLKBWRCLK  n/a            1.839         10.000      8.161      RAMB36_X0Y47   design_1_i/axi_dma_0/U0/I_PRMRY_DATAMOVER/GEN_S2MM_FULL.I_S2MM_FULL_WRAPPER/GEN_ENABLE_INDET_BTT_SF.I_INDET_BTT/I_DATA_FIFO/BLK_MEM.I_SYNC_FIFOGEN_FIFO/xpm_fifo_instance.xpm_fifo_sync_inst/xpm_fifo_base_inst/gen_sdpram.xpm_memory_base_inst/gen_wr_a.gen_word_narrow.mem_reg_3/CLKBWRCLK
Min Period        n/a     RAMB18E1/CLKARDCLK  n/a            1.839         10.000      8.161      RAMB18_X0Y92   design_1_i/axi_dma_0/U0/I_PRMRY_DATAMOVER/GEN_S2MM_FULL.I_S2MM_FULL_WRAPPER/GEN_ENABLE_INDET_BTT_SF.I_INDET_BTT/I_DATA_FIFO/BLK_MEM.I_SYNC_FIFOGEN_FIFO/xpm_fifo_instance.xpm_fifo_sync_inst/xpm_fifo_base_inst/gen_sdpram.xpm_memory_base_inst/gen_wr_a.gen_word_narrow.mem_reg_4/CLKARDCLK
Min Period        n/a     RAMB18E1/CLKBWRCLK  n/a            1.839         10.000      8.161      RAMB18_X0Y92   design_1_i/axi_dma_0/U0/I_PRMRY_DATAMOVER/GEN_S2MM_FULL.I_S2MM_FULL_WRAPPER/GEN_ENABLE_INDET_BTT_SF.I_INDET_BTT/I_DATA_FIFO/BLK_MEM.I_SYNC_FIFOGEN_FIFO/xpm_fifo_instance.xpm_fifo_sync_inst/xpm_fifo_base_inst/gen_sdpram.xpm_memory_base_inst/gen_wr_a.gen_word_narrow.mem_reg_4/CLKBWRCLK
Min Period        n/a     RAMB36E1/CLKARDCLK  n/a            1.839         10.000      8.161      RAMB36_X0Y43   design_1_i/axi_dma_0/U0/I_PRMRY_DATAMOVER/GEN_S2MM_FULL.I_S2MM_FULL_WRAPPER/GEN_ENABLE_INDET_BTT_SF.I_INDET_BTT/I_DATA_FIFO/BLK_MEM.I_SYNC_FIFOGEN_FIFO/xpm_fifo_instance.xpm_fifo_sync_inst/xpm_fifo_base_inst/gen_sdpram.xpm_memory_base_inst/gen_wr_a.gen_word_narrow.mem_reg_2/CLKARDCLK
Min Period        n/a     RAMB36E1/CLKBWRCLK  n/a            1.839         10.000      8.161      RAMB36_X0Y43   design_1_i/axi_dma_0/U0/I_PRMRY_DATAMOVER/GEN_S2MM_FULL.I_S2MM_FULL_WRAPPER/GEN_ENABLE_INDET_BTT_SF.I_INDET_BTT/I_DATA_FIFO/BLK_MEM.I_SYNC_FIFOGEN_FIFO/xpm_fifo_instance.xpm_fifo_sync_inst/xpm_fifo_base_inst/gen_sdpram.xpm_memory_base_inst/gen_wr_a.gen_word_narrow.mem_reg_2/CLKBWRCLK
Min Period        n/a     RAMB36E1/CLKARDCLK  n/a            1.839         10.000      8.161      RAMB36_X0Y44   design_1_i/axi_dma_0/U0/I_PRMRY_DATAMOVER/GEN_S2MM_FULL.I_S2MM_FULL_WRAPPER/GEN_ENABLE_INDET_BTT_SF.I_INDET_BTT/I_DATA_FIFO/BLK_MEM.I_SYNC_FIFOGEN_FIFO/xpm_fifo_instance.xpm_fifo_sync_inst/xpm_fifo_base_inst/gen_sdpram.xpm_memory_base_inst/gen_wr_a.gen_word_narrow.mem_reg_0/CLKARDCLK
Min Period        n/a     RAMB36E1/CLKBWRCLK  n/a            1.839         10.000      8.161      RAMB36_X0Y44   design_1_i/axi_dma_0/U0/I_PRMRY_DATAMOVER/GEN_S2MM_FULL.I_S2MM_FULL_WRAPPER/GEN_ENABLE_INDET_BTT_SF.I_INDET_BTT/I_DATA_FIFO/BLK_MEM.I_SYNC_FIFOGEN_FIFO/xpm_fifo_instance.xpm_fifo_sync_inst/xpm_fifo_base_inst/gen_sdpram.xpm_memory_base_inst/gen_wr_a.gen_word_narrow.mem_reg_0/CLKBWRCLK
Low Pulse Width   Fast    RAMD32/CLK          n/a            0.768         5.000       4.232      SLICE_X34Y258  design_1_i/axi_mem_intercon/s00_couplers/auto_pc/inst/gen_axi4_axi3.axi3_conv_inst/USE_WRITE.write_addr_inst/USE_BURSTS.cmd_queue/inst/fifo_gen_inst/inst_fifo_gen/gconvfifo.rf/grf.rf/gntv_or_sync_fifo.mem/gdm.dm_gen.dm/RAM_reg_0_31_0_4/RAMA/CLK
Low Pulse Width   Fast    RAMD32/CLK          n/a            0.768         5.000       4.232      SLICE_X34Y258  design_1_i/axi_mem_intercon/s00_couplers/auto_pc/inst/gen_axi4_axi3.axi3_conv_inst/USE_WRITE.write_addr_inst/USE_BURSTS.cmd_queue/inst/fifo_gen_inst/inst_fifo_gen/gconvfifo.rf/grf.rf/gntv_or_sync_fifo.mem/gdm.dm_gen.dm/RAM_reg_0_31_0_4/RAMA_D1/CLK
Low Pulse Width   Fast    RAMD32/CLK          n/a            0.768         5.000       4.232      SLICE_X34Y258  design_1_i/axi_mem_intercon/s00_couplers/auto_pc/inst/gen_axi4_axi3.axi3_conv_inst/USE_WRITE.write_addr_inst/USE_BURSTS.cmd_queue/inst/fifo_gen_inst/inst_fifo_gen/gconvfifo.rf/grf.rf/gntv_or_sync_fifo.mem/gdm.dm_gen.dm/RAM_reg_0_31_0_4/RAMB/CLK
Low Pulse Width   Fast    RAMD32/CLK          n/a            0.768         5.000       4.232      SLICE_X34Y258  design_1_i/axi_mem_intercon/s00_couplers/auto_pc/inst/gen_axi4_axi3.axi3_conv_inst/USE_WRITE.write_addr_inst/USE_BURSTS.cmd_queue/inst/fifo_gen_inst/inst_fifo_gen/gconvfifo.rf/grf.rf/gntv_or_sync_fifo.mem/gdm.dm_gen.dm/RAM_reg_0_31_0_4/RAMB_D1/CLK
Low Pulse Width   Fast    RAMD32/CLK          n/a            0.768         5.000       4.232      SLICE_X36Y246  design_1_i/axi_mem_intercon/s00_couplers/auto_ds/inst/gen_downsizer.gen_cascaded_downsizer.first_downsizer_inst/USE_WRITE.write_addr_inst/USE_B_CHANNEL.cmd_b_queue/inst/fifo_gen_inst/inst_fifo_gen/gconvfifo.rf/grf.rf/gntv_or_sync_fifo.mem/gdm.dm_gen.dm/RAM_reg_0_31_0_5/RAMA/CLK
Low Pulse Width   Fast    RAMD32/CLK          n/a            0.768         5.000       4.232      SLICE_X36Y246  design_1_i/axi_mem_intercon/s00_couplers/auto_ds/inst/gen_downsizer.gen_cascaded_downsizer.first_downsizer_inst/USE_WRITE.write_addr_inst/USE_B_CHANNEL.cmd_b_queue/inst/fifo_gen_inst/inst_fifo_gen/gconvfifo.rf/grf.rf/gntv_or_sync_fifo.mem/gdm.dm_gen.dm/RAM_reg_0_31_0_5/RAMA_D1/CLK
Low Pulse Width   Fast    RAMD32/CLK          n/a            0.768         5.000       4.232      SLICE_X36Y246  design_1_i/axi_mem_intercon/s00_couplers/auto_ds/inst/gen_downsizer.gen_cascaded_downsizer.first_downsizer_inst/USE_WRITE.write_addr_inst/USE_B_CHANNEL.cmd_b_queue/inst/fifo_gen_inst/inst_fifo_gen/gconvfifo.rf/grf.rf/gntv_or_sync_fifo.mem/gdm.dm_gen.dm/RAM_reg_0_31_0_5/RAMB/CLK
Low Pulse Width   Fast    RAMD32/CLK          n/a            0.768         5.000       4.232      SLICE_X36Y246  design_1_i/axi_mem_intercon/s00_couplers/auto_ds/inst/gen_downsizer.gen_cascaded_downsizer.first_downsizer_inst/USE_WRITE.write_addr_inst/USE_B_CHANNEL.cmd_b_queue/inst/fifo_gen_inst/inst_fifo_gen/gconvfifo.rf/grf.rf/gntv_or_sync_fifo.mem/gdm.dm_gen.dm/RAM_reg_0_31_0_5/RAMB_D1/CLK
Low Pulse Width   Fast    RAMD32/CLK          n/a            0.768         5.000       4.232      SLICE_X36Y246  design_1_i/axi_mem_intercon/s00_couplers/auto_ds/inst/gen_downsizer.gen_cascaded_downsizer.first_downsizer_inst/USE_WRITE.write_addr_inst/USE_B_CHANNEL.cmd_b_queue/inst/fifo_gen_inst/inst_fifo_gen/gconvfifo.rf/grf.rf/gntv_or_sync_fifo.mem/gdm.dm_gen.dm/RAM_reg_0_31_0_5/RAMC/CLK
Low Pulse Width   Fast    RAMD32/CLK          n/a            0.768         5.000       4.232      SLICE_X36Y246  design_1_i/axi_mem_intercon/s00_couplers/auto_ds/inst/gen_downsizer.gen_cascaded_downsizer.first_downsizer_inst/USE_WRITE.write_addr_inst/USE_B_CHANNEL.cmd_b_queue/inst/fifo_gen_inst/inst_fifo_gen/gconvfifo.rf/grf.rf/gntv_or_sync_fifo.mem/gdm.dm_gen.dm/RAM_reg_0_31_0_5/RAMC_D1/CLK
High Pulse Width  Slow    RAMD32/CLK          n/a            0.768         5.000       4.232      SLICE_X34Y258  design_1_i/axi_mem_intercon/s00_couplers/auto_pc/inst/gen_axi4_axi3.axi3_conv_inst/USE_WRITE.write_addr_inst/USE_BURSTS.cmd_queue/inst/fifo_gen_inst/inst_fifo_gen/gconvfifo.rf/grf.rf/gntv_or_sync_fifo.mem/gdm.dm_gen.dm/RAM_reg_0_31_0_4/RAMA/CLK
High Pulse Width  Fast    RAMD32/CLK          n/a            0.768         5.000       4.232      SLICE_X34Y258  design_1_i/axi_mem_intercon/s00_couplers/auto_pc/inst/gen_axi4_axi3.axi3_conv_inst/USE_WRITE.write_addr_inst/USE_BURSTS.cmd_queue/inst/fifo_gen_inst/inst_fifo_gen/gconvfifo.rf/grf.rf/gntv_or_sync_fifo.mem/gdm.dm_gen.dm/RAM_reg_0_31_0_4/RAMA/CLK
High Pulse Width  Slow    RAMD32/CLK          n/a            0.768         5.000       4.232      SLICE_X34Y258  design_1_i/axi_mem_intercon/s00_couplers/auto_pc/inst/gen_axi4_axi3.axi3_conv_inst/USE_WRITE.write_addr_inst/USE_BURSTS.cmd_queue/inst/fifo_gen_inst/inst_fifo_gen/gconvfifo.rf/grf.rf/gntv_or_sync_fifo.mem/gdm.dm_gen.dm/RAM_reg_0_31_0_4/RAMA_D1/CLK
High Pulse Width  Fast    RAMD32/CLK          n/a            0.768         5.000       4.232      SLICE_X34Y258  design_1_i/axi_mem_intercon/s00_couplers/auto_pc/inst/gen_axi4_axi3.axi3_conv_inst/USE_WRITE.write_addr_inst/USE_BURSTS.cmd_queue/inst/fifo_gen_inst/inst_fifo_gen/gconvfifo.rf/grf.rf/gntv_or_sync_fifo.mem/gdm.dm_gen.dm/RAM_reg_0_31_0_4/RAMA_D1/CLK
High Pulse Width  Slow    RAMD32/CLK          n/a            0.768         5.000       4.232      SLICE_X34Y258  design_1_i/axi_mem_intercon/s00_couplers/auto_pc/inst/gen_axi4_axi3.axi3_conv_inst/USE_WRITE.write_addr_inst/USE_BURSTS.cmd_queue/inst/fifo_gen_inst/inst_fifo_gen/gconvfifo.rf/grf.rf/gntv_or_sync_fifo.mem/gdm.dm_gen.dm/RAM_reg_0_31_0_4/RAMB/CLK
High Pulse Width  Fast    RAMD32/CLK          n/a            0.768         5.000       4.232      SLICE_X34Y258  design_1_i/axi_mem_intercon/s00_couplers/auto_pc/inst/gen_axi4_axi3.axi3_conv_inst/USE_WRITE.write_addr_inst/USE_BURSTS.cmd_queue/inst/fifo_gen_inst/inst_fifo_gen/gconvfifo.rf/grf.rf/gntv_or_sync_fifo.mem/gdm.dm_gen.dm/RAM_reg_0_31_0_4/RAMB/CLK
High Pulse Width  Slow    RAMD32/CLK          n/a            0.768         5.000       4.232      SLICE_X34Y258  design_1_i/axi_mem_intercon/s00_couplers/auto_pc/inst/gen_axi4_axi3.axi3_conv_inst/USE_WRITE.write_addr_inst/USE_BURSTS.cmd_queue/inst/fifo_gen_inst/inst_fifo_gen/gconvfifo.rf/grf.rf/gntv_or_sync_fifo.mem/gdm.dm_gen.dm/RAM_reg_0_31_0_4/RAMB_D1/CLK
High Pulse Width  Fast    RAMD32/CLK          n/a            0.768         5.000       4.232      SLICE_X34Y258  design_1_i/axi_mem_intercon/s00_couplers/auto_pc/inst/gen_axi4_axi3.axi3_conv_inst/USE_WRITE.write_addr_inst/USE_BURSTS.cmd_queue/inst/fifo_gen_inst/inst_fifo_gen/gconvfifo.rf/grf.rf/gntv_or_sync_fifo.mem/gdm.dm_gen.dm/RAM_reg_0_31_0_4/RAMB_D1/CLK
High Pulse Width  Slow    RAMD32/CLK          n/a            0.768         5.000       4.232      SLICE_X36Y246  design_1_i/axi_mem_intercon/s00_couplers/auto_ds/inst/gen_downsizer.gen_cascaded_downsizer.first_downsizer_inst/USE_WRITE.write_addr_inst/USE_B_CHANNEL.cmd_b_queue/inst/fifo_gen_inst/inst_fifo_gen/gconvfifo.rf/grf.rf/gntv_or_sync_fifo.mem/gdm.dm_gen.dm/RAM_reg_0_31_0_5/RAMA/CLK
High Pulse Width  Slow    RAMD32/CLK          n/a            0.768         5.000       4.232      SLICE_X36Y246  design_1_i/axi_mem_intercon/s00_couplers/auto_ds/inst/gen_downsizer.gen_cascaded_downsizer.first_downsizer_inst/USE_WRITE.write_addr_inst/USE_B_CHANNEL.cmd_b_queue/inst/fifo_gen_inst/inst_fifo_gen/gconvfifo.rf/grf.rf/gntv_or_sync_fifo.mem/gdm.dm_gen.dm/RAM_reg_0_31_0_5/RAMA_D1/CLK



---------------------------------------------------------------------------------------------------
From Clock:  lvds_dco_clk
  To Clock:  lvds_dco_clk

Setup :           NA  Failing Endpoints,  Worst Slack           NA  ,  Total Violation           NA
Hold  :           NA  Failing Endpoints,  Worst Slack           NA  ,  Total Violation           NA
PW    :            0  Failing Endpoints,  Worst Slack       11.250ns,  Total Violation        0.000ns
---------------------------------------------------------------------------------------------------


Pulse Width Checks
--------------------------------------------------------------------------------------
Clock Name:         lvds_dco_clk
Waveform(ns):       { 0.000 6.250 }
Period(ns):         12.500
Sources:            { lvds_dco_0_clk_p }

Check Type  Corner  Lib Pin         Reference Pin  Required(ns)  Actual(ns)  Slack(ns)  Location       Pin
Min Period  n/a     BUFMR/I         n/a            1.250         12.500      11.250     BUFMRCE_X0Y9   design_1_i/AdcLVDS_Top_0/inst/u_clock/i_bufmr/I
Min Period  n/a     BUFIO/I         n/a            1.249         12.500      11.251     BUFIO_X0Y13    design_1_i/AdcLVDS_Top_0/inst/u_clock/i_bufio/I
Min Period  n/a     BUFR/I          n/a            1.249         12.500      11.251     BUFR_X0Y13     design_1_i/AdcLVDS_Top_0/inst/u_clock/i_bufr/I
Min Period  n/a     ISERDESE2/CLK   n/a            1.070         12.500      11.430     ILOGIC_X0Y156  design_1_i/AdcLVDS_Top_0/inst/lane_gen[0].u_lane/inst_Serdes_1x14_DDR_Data_Line/ISERDESE2_inst_master/CLK
Min Period  n/a     ISERDESE2/CLKB  n/a            1.070         12.500      11.430     ILOGIC_X0Y156  design_1_i/AdcLVDS_Top_0/inst/lane_gen[0].u_lane/inst_Serdes_1x14_DDR_Data_Line/ISERDESE2_inst_master/CLKB
Min Period  n/a     ISERDESE2/CLK   n/a            1.070         12.500      11.430     ILOGIC_X0Y155  design_1_i/AdcLVDS_Top_0/inst/lane_gen[0].u_lane/inst_Serdes_1x14_DDR_Data_Line/ISERDESE2_inst_slave/CLK
Min Period  n/a     ISERDESE2/CLKB  n/a            1.070         12.500      11.430     ILOGIC_X0Y155  design_1_i/AdcLVDS_Top_0/inst/lane_gen[0].u_lane/inst_Serdes_1x14_DDR_Data_Line/ISERDESE2_inst_slave/CLKB
Min Period  n/a     ISERDESE2/CLK   n/a            1.070         12.500      11.430     ILOGIC_X0Y158  design_1_i/AdcLVDS_Top_0/inst/lane_gen[1].u_lane/inst_Serdes_1x14_DDR_Data_Line/ISERDESE2_inst_master/CLK
Min Period  n/a     ISERDESE2/CLKB  n/a            1.070         12.500      11.430     ILOGIC_X0Y158  design_1_i/AdcLVDS_Top_0/inst/lane_gen[1].u_lane/inst_Serdes_1x14_DDR_Data_Line/ISERDESE2_inst_master/CLKB
Min Period  n/a     ISERDESE2/CLK   n/a            1.070         12.500      11.430     ILOGIC_X0Y157  design_1_i/AdcLVDS_Top_0/inst/lane_gen[1].u_lane/inst_Serdes_1x14_DDR_Data_Line/ISERDESE2_inst_slave/CLK



---------------------------------------------------------------------------------------------------
From Clock:  clk_s
  To Clock:  clk_s

Setup :            0  Failing Endpoints,  Worst Slack       85.136ns,  Total Violation        0.000ns
Hold  :            0  Failing Endpoints,  Worst Slack        0.205ns,  Total Violation        0.000ns
PW    :            0  Failing Endpoints,  Worst Slack       37.150ns,  Total Violation        0.000ns
---------------------------------------------------------------------------------------------------


Max Delay Paths
--------------------------------------------------------------------------------------
Slack (MET) :             85.136ns  (required time - arrival time)
  Source:                 design_1_i/AdcLVDS_Top_0/inst/u_frame/inst_Serdes_1x14_DDR_Data_Line/ISERDESE2_inst_master/CLKDIV
                            (rising edge-triggered cell ISERDESE2 clocked by clk_s  {rise@0.000ns fall@37.500ns period=87.500ns})
  Destination:            design_1_i/AdcLVDS_Top_0/inst/u_frame/rFrmAlignDone_reg/D
                            (rising edge-triggered cell FDRE clocked by clk_s  {rise@0.000ns fall@37.500ns period=87.500ns})
  Path Group:             clk_s
  Path Type:              Setup (Max at Slow Process Corner)
  Requirement:            87.500ns  (clk_s rise@87.500ns - clk_s rise@0.000ns)
  Data Path Delay:        2.317ns  (logic 0.554ns (23.906%)  route 1.763ns (76.094%))
  Logic Levels:           2  (LUT4=1 LUT5=1)
  Clock Path Skew:        -0.045ns (DCD - SCD + CPR)
    Destination Clock Delay (DCD):    3.881ns = ( 91.381 - 87.500 ) 
    Source Clock Delay      (SCD):    4.366ns
    Clock Pessimism Removal (CPR):    0.440ns
  Clock Uncertainty:      0.035ns  ((TSJ^2 + TIJ^2)^1/2 + DJ) / 2 + PE
    Total System Jitter     (TSJ):    0.071ns
    Total Input Jitter      (TIJ):    0.000ns
    Discrete Jitter          (DJ):    0.000ns
    Phase Error              (PE):    0.000ns

    Location             Delay type                Incr(ns)  Path(ns)    Netlist Resource(s)
  -------------------------------------------------------------------    -------------------
                         (clock clk_s rise edge)      0.000     0.000 r  
    U26                                               0.000     0.000 r  lvds_dco_0_clk_p (IN)
                         net (fo=0)                   0.000     0.000    design_1_i/AdcLVDS_Top_0/inst/u_clock/lvds_dco_p
    U26                  IBUFDS (Prop_ibufds_I_O)     0.791     0.791 r  design_1_i/AdcLVDS_Top_0/inst/u_clock/i_ibufgds_dco/O
                         net (fo=1, routed)           1.040     1.831    design_1_i/AdcLVDS_Top_0/inst/u_clock/dco_out
    BUFMRCE_X0Y9         BUFMR (Prop_bufmr_I_O)       0.085     1.916 r  design_1_i/AdcLVDS_Top_0/inst/u_clock/i_bufmr/O
                         net (fo=2, routed)           1.239     3.155    design_1_i/AdcLVDS_Top_0/inst/u_clock/dco_mr_out
    BUFR_X0Y13           BUFR (Prop_bufr_I_O)         0.650     3.805 r  design_1_i/AdcLVDS_Top_0/inst/u_clock/i_bufr/O
                         net (fo=122, routed)         0.561     4.366    design_1_i/AdcLVDS_Top_0/inst/u_frame/inst_Serdes_1x14_DDR_Data_Line/clk_word
    ILOGIC_X0Y178        ISERDESE2                                    r  design_1_i/AdcLVDS_Top_0/inst/u_frame/inst_Serdes_1x14_DDR_Data_Line/ISERDESE2_inst_master/CLKDIV
  -------------------------------------------------------------------    -------------------
    ILOGIC_X0Y178        ISERDESE2 (Prop_iserdese2_CLKDIV_Q7)
                                                      0.468     4.834 f  design_1_i/AdcLVDS_Top_0/inst/u_frame/inst_Serdes_1x14_DDR_Data_Line/ISERDESE2_inst_master/Q7
                         net (fo=1, routed)           0.710     5.544    design_1_i/AdcLVDS_Top_0/inst/u_frame/inst_Serdes_1x14_DDR_Data_Line/ISERDESE2_inst_master_n_7
    SLICE_X0Y177         LUT4 (Prop_lut4_I1_O)        0.043     5.587 f  design_1_i/AdcLVDS_Top_0/inst/u_frame/inst_Serdes_1x14_DDR_Data_Line/rFrmAlignDone_i_4/O
                         net (fo=2, routed)           1.053     6.640    design_1_i/AdcLVDS_Top_0/inst/u_frame/inst_Serdes_1x14_DDR_Data_Line/rFrmAlignDone_i_4_n_0
    SLICE_X1Y164         LUT5 (Prop_lut5_I2_O)        0.043     6.683 r  design_1_i/AdcLVDS_Top_0/inst/u_frame/inst_Serdes_1x14_DDR_Data_Line/rFrmAlignDone_i_1/O
                         net (fo=1, routed)           0.000     6.683    design_1_i/AdcLVDS_Top_0/inst/u_frame/inst_Serdes_1x14_DDR_Data_Line_n_0
    SLICE_X1Y164         FDRE                                         r  design_1_i/AdcLVDS_Top_0/inst/u_frame/rFrmAlignDone_reg/D
  -------------------------------------------------------------------    -------------------

                         (clock clk_s rise edge)     87.500    87.500 r  
    U26                                               0.000    87.500 r  lvds_dco_0_clk_p (IN)
                         net (fo=0)                   0.000    87.500    design_1_i/AdcLVDS_Top_0/inst/u_clock/lvds_dco_p
    U26                  IBUFDS (Prop_ibufds_I_O)     0.714    88.214 r  design_1_i/AdcLVDS_Top_0/inst/u_clock/i_ibufgds_dco/O
                         net (fo=1, routed)           0.859    89.073    design_1_i/AdcLVDS_Top_0/inst/u_clock/dco_out
    BUFMRCE_X0Y9         BUFMR (Prop_bufmr_I_O)       0.076    89.149 r  design_1_i/AdcLVDS_Top_0/inst/u_clock/i_bufmr/O
                         net (fo=2, routed)           1.102    90.251    design_1_i/AdcLVDS_Top_0/inst/u_clock/dco_mr_out
    BUFR_X0Y13           BUFR (Prop_bufr_I_O)         0.614    90.865 r  design_1_i/AdcLVDS_Top_0/inst/u_clock/i_bufr/O
                         net (fo=122, routed)         0.516    91.381    design_1_i/AdcLVDS_Top_0/inst/u_frame/clk_word
    SLICE_X1Y164         FDRE                                         r  design_1_i/AdcLVDS_Top_0/inst/u_frame/rFrmAlignDone_reg/C
                         clock pessimism              0.440    91.821    
                         clock uncertainty           -0.035    91.786    
    SLICE_X1Y164         FDRE (Setup_fdre_C_D)        0.034    91.820    design_1_i/AdcLVDS_Top_0/inst/u_frame/rFrmAlignDone_reg
  -------------------------------------------------------------------
                         required time                         91.820    
                         arrival time                          -6.683    
  -------------------------------------------------------------------
                         slack                                 85.136    

Slack (MET) :             85.236ns  (required time - arrival time)
  Source:                 design_1_i/AdcLVDS_Top_0/inst/u_frame/inst_Serdes_1x14_DDR_Data_Line/ISERDESE2_inst_master/CLKDIV
                            (rising edge-triggered cell ISERDESE2 clocked by clk_s  {rise@0.000ns fall@37.500ns period=87.500ns})
  Destination:            design_1_i/AdcLVDS_Top_0/inst/u_frame/rFrmBitslip_reg/D
                            (rising edge-triggered cell FDRE clocked by clk_s  {rise@0.000ns fall@37.500ns period=87.500ns})
  Path Group:             clk_s
  Path Type:              Setup (Max at Slow Process Corner)
  Requirement:            87.500ns  (clk_s rise@87.500ns - clk_s rise@0.000ns)
  Data Path Delay:        2.246ns  (logic 0.554ns (24.662%)  route 1.692ns (75.338%))
  Logic Levels:           2  (LUT4=1 LUT5=1)
  Clock Path Skew:        -0.046ns (DCD - SCD + CPR)
    Destination Clock Delay (DCD):    3.880ns = ( 91.380 - 87.500 ) 
    Source Clock Delay      (SCD):    4.366ns
    Clock Pessimism Removal (CPR):    0.440ns
  Clock Uncertainty:      0.035ns  ((TSJ^2 + TIJ^2)^1/2 + DJ) / 2 + PE
    Total System Jitter     (TSJ):    0.071ns
    Total Input Jitter      (TIJ):    0.000ns
    Discrete Jitter          (DJ):    0.000ns
    Phase Error              (PE):    0.000ns

    Location             Delay type                Incr(ns)  Path(ns)    Netlist Resource(s)
  -------------------------------------------------------------------    -------------------
                         (clock clk_s rise edge)      0.000     0.000 r  
    U26                                               0.000     0.000 r  lvds_dco_0_clk_p (IN)
                         net (fo=0)                   0.000     0.000    design_1_i/AdcLVDS_Top_0/inst/u_clock/lvds_dco_p
    U26                  IBUFDS (Prop_ibufds_I_O)     0.791     0.791 r  design_1_i/AdcLVDS_Top_0/inst/u_clock/i_ibufgds_dco/O
                         net (fo=1, routed)           1.040     1.831    design_1_i/AdcLVDS_Top_0/inst/u_clock/dco_out
    BUFMRCE_X0Y9         BUFMR (Prop_bufmr_I_O)       0.085     1.916 r  design_1_i/AdcLVDS_Top_0/inst/u_clock/i_bufmr/O
                         net (fo=2, routed)           1.239     3.155    design_1_i/AdcLVDS_Top_0/inst/u_clock/dco_mr_out
    BUFR_X0Y13           BUFR (Prop_bufr_I_O)         0.650     3.805 r  design_1_i/AdcLVDS_Top_0/inst/u_clock/i_bufr/O
                         net (fo=122, routed)         0.561     4.366    design_1_i/AdcLVDS_Top_0/inst/u_frame/inst_Serdes_1x14_DDR_Data_Line/clk_word
    ILOGIC_X0Y178        ISERDESE2                                    r  design_1_i/AdcLVDS_Top_0/inst/u_frame/inst_Serdes_1x14_DDR_Data_Line/ISERDESE2_inst_master/CLKDIV
  -------------------------------------------------------------------    -------------------
    ILOGIC_X0Y178        ISERDESE2 (Prop_iserdese2_CLKDIV_Q7)
                                                      0.468     4.834 r  design_1_i/AdcLVDS_Top_0/inst/u_frame/inst_Serdes_1x14_DDR_Data_Line/ISERDESE2_inst_master/Q7
                         net (fo=1, routed)           0.710     5.544    design_1_i/AdcLVDS_Top_0/inst/u_frame/inst_Serdes_1x14_DDR_Data_Line/ISERDESE2_inst_master_n_7
    SLICE_X0Y177         LUT4 (Prop_lut4_I1_O)        0.043     5.587 r  design_1_i/AdcLVDS_Top_0/inst/u_frame/inst_Serdes_1x14_DDR_Data_Line/rFrmAlignDone_i_4/O
                         net (fo=2, routed)           0.982     6.569    design_1_i/AdcLVDS_Top_0/inst/u_frame/inst_Serdes_1x14_DDR_Data_Line/rFrmAlignDone_i_4_n_0
    SLICE_X0Y165         LUT5 (Prop_lut5_I2_O)        0.043     6.612 r  design_1_i/AdcLVDS_Top_0/inst/u_frame/inst_Serdes_1x14_DDR_Data_Line/rFrmBitslip_i_1/O
                         net (fo=1, routed)           0.000     6.612    design_1_i/AdcLVDS_Top_0/inst/u_frame/inst_Serdes_1x14_DDR_Data_Line_n_1
    SLICE_X0Y165         FDRE                                         r  design_1_i/AdcLVDS_Top_0/inst/u_frame/rFrmBitslip_reg/D
  -------------------------------------------------------------------    -------------------

                         (clock clk_s rise edge)     87.500    87.500 r  
    U26                                               0.000    87.500 r  lvds_dco_0_clk_p (IN)
                         net (fo=0)                   0.000    87.500    design_1_i/AdcLVDS_Top_0/inst/u_clock/lvds_dco_p
    U26                  IBUFDS (Prop_ibufds_I_O)     0.714    88.214 r  design_1_i/AdcLVDS_Top_0/inst/u_clock/i_ibufgds_dco/O
                         net (fo=1, routed)           0.859    89.073    design_1_i/AdcLVDS_Top_0/inst/u_clock/dco_out
    BUFMRCE_X0Y9         BUFMR (Prop_bufmr_I_O)       0.076    89.149 r  design_1_i/AdcLVDS_Top_0/inst/u_clock/i_bufmr/O
                         net (fo=2, routed)           1.102    90.251    design_1_i/AdcLVDS_Top_0/inst/u_clock/dco_mr_out
    BUFR_X0Y13           BUFR (Prop_bufr_I_O)         0.614    90.865 r  design_1_i/AdcLVDS_Top_0/inst/u_clock/i_bufr/O
                         net (fo=122, routed)         0.515    91.380    design_1_i/AdcLVDS_Top_0/inst/u_frame/clk_word
    SLICE_X0Y165         FDRE                                         r  design_1_i/AdcLVDS_Top_0/inst/u_frame/rFrmBitslip_reg/C
                         clock pessimism              0.440    91.820    
                         clock uncertainty           -0.035    91.785    
    SLICE_X0Y165         FDRE (Setup_fdre_C_D)        0.064    91.849    design_1_i/AdcLVDS_Top_0/inst/u_frame/rFrmBitslip_reg
  -------------------------------------------------------------------
                         required time                         91.849    
                         arrival time                          -6.612    
  -------------------------------------------------------------------
                         slack                                 85.236    

Slack (MET) :             85.244ns  (required time - arrival time)
  Source:                 design_1_i/AdcLVDS_Top_0/inst/lane_gen[0].u_lane/inst_Serdes_1x14_DDR_Data_Line/ISERDESE2_inst_slave/CLKDIV
                            (rising edge-triggered cell ISERDESE2 clocked by clk_s  {rise@0.000ns fall@37.500ns period=87.500ns})
  Destination:            design_1_i/AdcLVDS_Top_0/inst/lane_gen[0].u_lane/ADCData_reg[9]/D
                            (rising edge-triggered cell FDRE clocked by clk_s  {rise@0.000ns fall@37.500ns period=87.500ns})
  Path Group:             clk_s
  Path Type:              Setup (Max at Slow Process Corner)
  Requirement:            87.500ns  (clk_s rise@87.500ns - clk_s rise@0.000ns)
  Data Path Delay:        2.166ns  (logic 0.468ns (21.608%)  route 1.698ns (78.392%))
  Logic Levels:           0  
  Clock Path Skew:        -0.055ns (DCD - SCD + CPR)
    Destination Clock Delay (DCD):    3.886ns = ( 91.386 - 87.500 ) 
    Source Clock Delay      (SCD):    4.381ns
    Clock Pessimism Removal (CPR):    0.440ns
  Clock Uncertainty:      0.035ns  ((TSJ^2 + TIJ^2)^1/2 + DJ) / 2 + PE
    Total System Jitter     (TSJ):    0.071ns
    Total Input Jitter      (TIJ):    0.000ns
    Discrete Jitter          (DJ):    0.000ns
    Phase Error              (PE):    0.000ns

    Location             Delay type                Incr(ns)  Path(ns)    Netlist Resource(s)
  -------------------------------------------------------------------    -------------------
                         (clock clk_s rise edge)      0.000     0.000 r  
    U26                                               0.000     0.000 r  lvds_dco_0_clk_p (IN)
                         net (fo=0)                   0.000     0.000    design_1_i/AdcLVDS_Top_0/inst/u_clock/lvds_dco_p
    U26                  IBUFDS (Prop_ibufds_I_O)     0.791     0.791 r  design_1_i/AdcLVDS_Top_0/inst/u_clock/i_ibufgds_dco/O
                         net (fo=1, routed)           1.040     1.831    design_1_i/AdcLVDS_Top_0/inst/u_clock/dco_out
    BUFMRCE_X0Y9         BUFMR (Prop_bufmr_I_O)       0.085     1.916 r  design_1_i/AdcLVDS_Top_0/inst/u_clock/i_bufmr/O
                         net (fo=2, routed)           1.239     3.155    design_1_i/AdcLVDS_Top_0/inst/u_clock/dco_mr_out
    BUFR_X0Y13           BUFR (Prop_bufr_I_O)         0.650     3.805 r  design_1_i/AdcLVDS_Top_0/inst/u_clock/i_bufr/O
                         net (fo=122, routed)         0.576     4.381    design_1_i/AdcLVDS_Top_0/inst/lane_gen[0].u_lane/inst_Serdes_1x14_DDR_Data_Line/clk_word
    ILOGIC_X0Y155        ISERDESE2                                    r  design_1_i/AdcLVDS_Top_0/inst/lane_gen[0].u_lane/inst_Serdes_1x14_DDR_Data_Line/ISERDESE2_inst_slave/CLKDIV
  -------------------------------------------------------------------    -------------------
    ILOGIC_X0Y155        ISERDESE2 (Prop_iserdese2_CLKDIV_Q4)
                                                      0.468     4.849 r  design_1_i/AdcLVDS_Top_0/inst/lane_gen[0].u_lane/inst_Serdes_1x14_DDR_Data_Line/ISERDESE2_inst_slave/Q4
                         net (fo=1, routed)           1.698     6.547    design_1_i/AdcLVDS_Top_0/inst/lane_gen[0].u_lane/ADCDataLine[9]
    SLICE_X4Y198         FDRE                                         r  design_1_i/AdcLVDS_Top_0/inst/lane_gen[0].u_lane/ADCData_reg[9]/D
  -------------------------------------------------------------------    -------------------

                         (clock clk_s rise edge)     87.500    87.500 r  
    U26                                               0.000    87.500 r  lvds_dco_0_clk_p (IN)
                         net (fo=0)                   0.000    87.500    design_1_i/AdcLVDS_Top_0/inst/u_clock/lvds_dco_p
    U26                  IBUFDS (Prop_ibufds_I_O)     0.714    88.214 r  design_1_i/AdcLVDS_Top_0/inst/u_clock/i_ibufgds_dco/O
                         net (fo=1, routed)           0.859    89.073    design_1_i/AdcLVDS_Top_0/inst/u_clock/dco_out
    BUFMRCE_X0Y9         BUFMR (Prop_bufmr_I_O)       0.076    89.149 r  design_1_i/AdcLVDS_Top_0/inst/u_clock/i_bufmr/O
                         net (fo=2, routed)           1.102    90.251    design_1_i/AdcLVDS_Top_0/inst/u_clock/dco_mr_out
    BUFR_X0Y13           BUFR (Prop_bufr_I_O)         0.614    90.865 r  design_1_i/AdcLVDS_Top_0/inst/u_clock/i_bufr/O
                         net (fo=122, routed)         0.521    91.386    design_1_i/AdcLVDS_Top_0/inst/lane_gen[0].u_lane/clk_word
    SLICE_X4Y198         FDRE                                         r  design_1_i/AdcLVDS_Top_0/inst/lane_gen[0].u_lane/ADCData_reg[9]/C
                         clock pessimism              0.440    91.826    
                         clock uncertainty           -0.035    91.791    
    SLICE_X4Y198         FDRE (Setup_fdre_C_D)        0.000    91.791    design_1_i/AdcLVDS_Top_0/inst/lane_gen[0].u_lane/ADCData_reg[9]
  -------------------------------------------------------------------
                         required time                         91.791    
                         arrival time                          -6.547    
  -------------------------------------------------------------------
                         slack                                 85.244    

Slack (MET) :             85.263ns  (required time - arrival time)
  Source:                 design_1_i/AdcLVDS_Top_0/inst/lane_gen[2].u_lane/inst_Serdes_1x14_DDR_Data_Line/ISERDESE2_inst_slave/CLKDIV
                            (rising edge-triggered cell ISERDESE2 clocked by clk_s  {rise@0.000ns fall@37.500ns period=87.500ns})
  Destination:            design_1_i/AdcLVDS_Top_0/inst/lane_gen[2].u_lane/ADCData_reg[10]/D
                            (rising edge-triggered cell FDRE clocked by clk_s  {rise@0.000ns fall@37.500ns period=87.500ns})
  Path Group:             clk_s
  Path Type:              Setup (Max at Slow Process Corner)
  Requirement:            87.500ns  (clk_s rise@87.500ns - clk_s rise@0.000ns)
  Data Path Delay:        2.136ns  (logic 0.468ns (21.907%)  route 1.668ns (78.093%))
  Logic Levels:           0  
  Clock Path Skew:        -0.055ns (DCD - SCD + CPR)
    Destination Clock Delay (DCD):    3.886ns = ( 91.386 - 87.500 ) 
    Source Clock Delay      (SCD):    4.381ns
    Clock Pessimism Removal (CPR):    0.440ns
  Clock Uncertainty:      0.035ns  ((TSJ^2 + TIJ^2)^1/2 + DJ) / 2 + PE
    Total System Jitter     (TSJ):    0.071ns
    Total Input Jitter      (TIJ):    0.000ns
    Discrete Jitter          (DJ):    0.000ns
    Phase Error              (PE):    0.000ns

    Location             Delay type                Incr(ns)  Path(ns)    Netlist Resource(s)
  -------------------------------------------------------------------    -------------------
                         (clock clk_s rise edge)      0.000     0.000 r  
    U26                                               0.000     0.000 r  lvds_dco_0_clk_p (IN)
                         net (fo=0)                   0.000     0.000    design_1_i/AdcLVDS_Top_0/inst/u_clock/lvds_dco_p
    U26                  IBUFDS (Prop_ibufds_I_O)     0.791     0.791 r  design_1_i/AdcLVDS_Top_0/inst/u_clock/i_ibufgds_dco/O
                         net (fo=1, routed)           1.040     1.831    design_1_i/AdcLVDS_Top_0/inst/u_clock/dco_out
    BUFMRCE_X0Y9         BUFMR (Prop_bufmr_I_O)       0.085     1.916 r  design_1_i/AdcLVDS_Top_0/inst/u_clock/i_bufmr/O
                         net (fo=2, routed)           1.239     3.155    design_1_i/AdcLVDS_Top_0/inst/u_clock/dco_mr_out
    BUFR_X0Y13           BUFR (Prop_bufr_I_O)         0.650     3.805 r  design_1_i/AdcLVDS_Top_0/inst/u_clock/i_bufr/O
                         net (fo=122, routed)         0.576     4.381    design_1_i/AdcLVDS_Top_0/inst/lane_gen[2].u_lane/inst_Serdes_1x14_DDR_Data_Line/clk_word
    ILOGIC_X0Y153        ISERDESE2                                    r  design_1_i/AdcLVDS_Top_0/inst/lane_gen[2].u_lane/inst_Serdes_1x14_DDR_Data_Line/ISERDESE2_inst_slave/CLKDIV
  -------------------------------------------------------------------    -------------------
    ILOGIC_X0Y153        ISERDESE2 (Prop_iserdese2_CLKDIV_Q5)
                                                      0.468     4.849 r  design_1_i/AdcLVDS_Top_0/inst/lane_gen[2].u_lane/inst_Serdes_1x14_DDR_Data_Line/ISERDESE2_inst_slave/Q5
                         net (fo=1, routed)           1.668     6.517    design_1_i/AdcLVDS_Top_0/inst/lane_gen[2].u_lane/ADCDataLine[10]
    SLICE_X2Y199         FDRE                                         r  design_1_i/AdcLVDS_Top_0/inst/lane_gen[2].u_lane/ADCData_reg[10]/D
  -------------------------------------------------------------------    -------------------

                         (clock clk_s rise edge)     87.500    87.500 r  
    U26                                               0.000    87.500 r  lvds_dco_0_clk_p (IN)
                         net (fo=0)                   0.000    87.500    design_1_i/AdcLVDS_Top_0/inst/u_clock/lvds_dco_p
    U26                  IBUFDS (Prop_ibufds_I_O)     0.714    88.214 r  design_1_i/AdcLVDS_Top_0/inst/u_clock/i_ibufgds_dco/O
                         net (fo=1, routed)           0.859    89.073    design_1_i/AdcLVDS_Top_0/inst/u_clock/dco_out
    BUFMRCE_X0Y9         BUFMR (Prop_bufmr_I_O)       0.076    89.149 r  design_1_i/AdcLVDS_Top_0/inst/u_clock/i_bufmr/O
                         net (fo=2, routed)           1.102    90.251    design_1_i/AdcLVDS_Top_0/inst/u_clock/dco_mr_out
    BUFR_X0Y13           BUFR (Prop_bufr_I_O)         0.614    90.865 r  design_1_i/AdcLVDS_Top_0/inst/u_clock/i_bufr/O
                         net (fo=122, routed)         0.521    91.386    design_1_i/AdcLVDS_Top_0/inst/lane_gen[2].u_lane/clk_word
    SLICE_X2Y199         FDRE                                         r  design_1_i/AdcLVDS_Top_0/inst/lane_gen[2].u_lane/ADCData_reg[10]/C
                         clock pessimism              0.440    91.826    
                         clock uncertainty           -0.035    91.791    
    SLICE_X2Y199         FDRE (Setup_fdre_C_D)       -0.010    91.781    design_1_i/AdcLVDS_Top_0/inst/lane_gen[2].u_lane/ADCData_reg[10]
  -------------------------------------------------------------------
                         required time                         91.781    
                         arrival time                          -6.517    
  -------------------------------------------------------------------
                         slack                                 85.263    

Slack (MET) :             85.284ns  (required time - arrival time)
  Source:                 design_1_i/AdcLVDS_Top_0/inst/lane_gen[0].u_lane/inst_Serdes_1x14_DDR_Data_Line/ISERDESE2_inst_slave/CLKDIV
                            (rising edge-triggered cell ISERDESE2 clocked by clk_s  {rise@0.000ns fall@37.500ns period=87.500ns})
  Destination:            design_1_i/AdcLVDS_Top_0/inst/lane_gen[0].u_lane/ADCData_reg[12]/D
                            (rising edge-triggered cell FDRE clocked by clk_s  {rise@0.000ns fall@37.500ns period=87.500ns})
  Path Group:             clk_s
  Path Type:              Setup (Max at Slow Process Corner)
  Requirement:            87.500ns  (clk_s rise@87.500ns - clk_s rise@0.000ns)
  Data Path Delay:        2.174ns  (logic 0.468ns (21.531%)  route 1.706ns (78.469%))
  Logic Levels:           0  
  Clock Path Skew:        -0.005ns (DCD - SCD + CPR)
    Destination Clock Delay (DCD):    3.936ns = ( 91.436 - 87.500 ) 
    Source Clock Delay      (SCD):    4.381ns
    Clock Pessimism Removal (CPR):    0.440ns
  Clock Uncertainty:      0.035ns  ((TSJ^2 + TIJ^2)^1/2 + DJ) / 2 + PE
    Total System Jitter     (TSJ):    0.071ns
    Total Input Jitter      (TIJ):    0.000ns
    Discrete Jitter          (DJ):    0.000ns
    Phase Error              (PE):    0.000ns

    Location             Delay type                Incr(ns)  Path(ns)    Netlist Resource(s)
  -------------------------------------------------------------------    -------------------
                         (clock clk_s rise edge)      0.000     0.000 r  
    U26                                               0.000     0.000 r  lvds_dco_0_clk_p (IN)
                         net (fo=0)                   0.000     0.000    design_1_i/AdcLVDS_Top_0/inst/u_clock/lvds_dco_p
    U26                  IBUFDS (Prop_ibufds_I_O)     0.791     0.791 r  design_1_i/AdcLVDS_Top_0/inst/u_clock/i_ibufgds_dco/O
                         net (fo=1, routed)           1.040     1.831    design_1_i/AdcLVDS_Top_0/inst/u_clock/dco_out
    BUFMRCE_X0Y9         BUFMR (Prop_bufmr_I_O)       0.085     1.916 r  design_1_i/AdcLVDS_Top_0/inst/u_clock/i_bufmr/O
                         net (fo=2, routed)           1.239     3.155    design_1_i/AdcLVDS_Top_0/inst/u_clock/dco_mr_out
    BUFR_X0Y13           BUFR (Prop_bufr_I_O)         0.650     3.805 r  design_1_i/AdcLVDS_Top_0/inst/u_clock/i_bufr/O
                         net (fo=122, routed)         0.576     4.381    design_1_i/AdcLVDS_Top_0/inst/lane_gen[0].u_lane/inst_Serdes_1x14_DDR_Data_Line/clk_word
    ILOGIC_X0Y155        ISERDESE2                                    r  design_1_i/AdcLVDS_Top_0/inst/lane_gen[0].u_lane/inst_Serdes_1x14_DDR_Data_Line/ISERDESE2_inst_slave/CLKDIV
  -------------------------------------------------------------------    -------------------
    ILOGIC_X0Y155        ISERDESE2 (Prop_iserdese2_CLKDIV_Q7)
                                                      0.468     4.849 r  design_1_i/AdcLVDS_Top_0/inst/lane_gen[0].u_lane/inst_Serdes_1x14_DDR_Data_Line/ISERDESE2_inst_slave/Q7
                         net (fo=1, routed)           1.706     6.555    design_1_i/AdcLVDS_Top_0/inst/lane_gen[0].u_lane/ADCDataLine[12]
    SLICE_X10Y199        FDRE                                         r  design_1_i/AdcLVDS_Top_0/inst/lane_gen[0].u_lane/ADCData_reg[12]/D
  -------------------------------------------------------------------    -------------------

                         (clock clk_s rise edge)     87.500    87.500 r  
    U26                                               0.000    87.500 r  lvds_dco_0_clk_p (IN)
                         net (fo=0)                   0.000    87.500    design_1_i/AdcLVDS_Top_0/inst/u_clock/lvds_dco_p
    U26                  IBUFDS (Prop_ibufds_I_O)     0.714    88.214 r  design_1_i/AdcLVDS_Top_0/inst/u_clock/i_ibufgds_dco/O
                         net (fo=1, routed)           0.859    89.073    design_1_i/AdcLVDS_Top_0/inst/u_clock/dco_out
    BUFMRCE_X0Y9         BUFMR (Prop_bufmr_I_O)       0.076    89.149 r  design_1_i/AdcLVDS_Top_0/inst/u_clock/i_bufmr/O
                         net (fo=2, routed)           1.102    90.251    design_1_i/AdcLVDS_Top_0/inst/u_clock/dco_mr_out
    BUFR_X0Y13           BUFR (Prop_bufr_I_O)         0.614    90.865 r  design_1_i/AdcLVDS_Top_0/inst/u_clock/i_bufr/O
                         net (fo=122, routed)         0.571    91.436    design_1_i/AdcLVDS_Top_0/inst/lane_gen[0].u_lane/clk_word
    SLICE_X10Y199        FDRE                                         r  design_1_i/AdcLVDS_Top_0/inst/lane_gen[0].u_lane/ADCData_reg[12]/C
                         clock pessimism              0.440    91.876    
                         clock uncertainty           -0.035    91.841    
    SLICE_X10Y199        FDRE (Setup_fdre_C_D)       -0.002    91.839    design_1_i/AdcLVDS_Top_0/inst/lane_gen[0].u_lane/ADCData_reg[12]
  -------------------------------------------------------------------
                         required time                         91.839    
                         arrival time                          -6.555    
  -------------------------------------------------------------------
                         slack                                 85.284    

Slack (MET) :             85.291ns  (required time - arrival time)
  Source:                 design_1_i/AdcLVDS_Top_0/inst/lane_gen[0].u_lane/inst_Serdes_1x14_DDR_Data_Line/ISERDESE2_inst_master/CLKDIV
                            (rising edge-triggered cell ISERDESE2 clocked by clk_s  {rise@0.000ns fall@37.500ns period=87.500ns})
  Destination:            design_1_i/AdcLVDS_Top_0/inst/lane_gen[0].u_lane/ADCData_reg[4]/D
                            (rising edge-triggered cell FDRE clocked by clk_s  {rise@0.000ns fall@37.500ns period=87.500ns})
  Path Group:             clk_s
  Path Type:              Setup (Max at Slow Process Corner)
  Requirement:            87.500ns  (clk_s rise@87.500ns - clk_s rise@0.000ns)
  Data Path Delay:        2.143ns  (logic 0.468ns (21.843%)  route 1.675ns (78.157%))
  Logic Levels:           0  
  Clock Path Skew:        -0.054ns (DCD - SCD + CPR)
    Destination Clock Delay (DCD):    3.886ns = ( 91.386 - 87.500 ) 
    Source Clock Delay      (SCD):    4.380ns
    Clock Pessimism Removal (CPR):    0.440ns
  Clock Uncertainty:      0.035ns  ((TSJ^2 + TIJ^2)^1/2 + DJ) / 2 + PE
    Total System Jitter     (TSJ):    0.071ns
    Total Input Jitter      (TIJ):    0.000ns
    Discrete Jitter          (DJ):    0.000ns
    Phase Error              (PE):    0.000ns

    Location             Delay type                Incr(ns)  Path(ns)    Netlist Resource(s)
  -------------------------------------------------------------------    -------------------
                         (clock clk_s rise edge)      0.000     0.000 r  
    U26                                               0.000     0.000 r  lvds_dco_0_clk_p (IN)
                         net (fo=0)                   0.000     0.000    design_1_i/AdcLVDS_Top_0/inst/u_clock/lvds_dco_p
    U26                  IBUFDS (Prop_ibufds_I_O)     0.791     0.791 r  design_1_i/AdcLVDS_Top_0/inst/u_clock/i_ibufgds_dco/O
                         net (fo=1, routed)           1.040     1.831    design_1_i/AdcLVDS_Top_0/inst/u_clock/dco_out
    BUFMRCE_X0Y9         BUFMR (Prop_bufmr_I_O)       0.085     1.916 r  design_1_i/AdcLVDS_Top_0/inst/u_clock/i_bufmr/O
                         net (fo=2, routed)           1.239     3.155    design_1_i/AdcLVDS_Top_0/inst/u_clock/dco_mr_out
    BUFR_X0Y13           BUFR (Prop_bufr_I_O)         0.650     3.805 r  design_1_i/AdcLVDS_Top_0/inst/u_clock/i_bufr/O
                         net (fo=122, routed)         0.575     4.380    design_1_i/AdcLVDS_Top_0/inst/lane_gen[0].u_lane/inst_Serdes_1x14_DDR_Data_Line/clk_word
    ILOGIC_X0Y156        ISERDESE2                                    r  design_1_i/AdcLVDS_Top_0/inst/lane_gen[0].u_lane/inst_Serdes_1x14_DDR_Data_Line/ISERDESE2_inst_master/CLKDIV
  -------------------------------------------------------------------    -------------------
    ILOGIC_X0Y156        ISERDESE2 (Prop_iserdese2_CLKDIV_Q5)
                                                      0.468     4.848 r  design_1_i/AdcLVDS_Top_0/inst/lane_gen[0].u_lane/inst_Serdes_1x14_DDR_Data_Line/ISERDESE2_inst_master/Q5
                         net (fo=1, routed)           1.675     6.523    design_1_i/AdcLVDS_Top_0/inst/lane_gen[0].u_lane/ADCDataLine[4]
    SLICE_X6Y199         FDRE                                         r  design_1_i/AdcLVDS_Top_0/inst/lane_gen[0].u_lane/ADCData_reg[4]/D
  -------------------------------------------------------------------    -------------------

                         (clock clk_s rise edge)     87.500    87.500 r  
    U26                                               0.000    87.500 r  lvds_dco_0_clk_p (IN)
                         net (fo=0)                   0.000    87.500    design_1_i/AdcLVDS_Top_0/inst/u_clock/lvds_dco_p
    U26                  IBUFDS (Prop_ibufds_I_O)     0.714    88.214 r  design_1_i/AdcLVDS_Top_0/inst/u_clock/i_ibufgds_dco/O
                         net (fo=1, routed)           0.859    89.073    design_1_i/AdcLVDS_Top_0/inst/u_clock/dco_out
    BUFMRCE_X0Y9         BUFMR (Prop_bufmr_I_O)       0.076    89.149 r  design_1_i/AdcLVDS_Top_0/inst/u_clock/i_bufmr/O
                         net (fo=2, routed)           1.102    90.251    design_1_i/AdcLVDS_Top_0/inst/u_clock/dco_mr_out
    BUFR_X0Y13           BUFR (Prop_bufr_I_O)         0.614    90.865 r  design_1_i/AdcLVDS_Top_0/inst/u_clock/i_bufr/O
                         net (fo=122, routed)         0.521    91.386    design_1_i/AdcLVDS_Top_0/inst/lane_gen[0].u_lane/clk_word
    SLICE_X6Y199         FDRE                                         r  design_1_i/AdcLVDS_Top_0/inst/lane_gen[0].u_lane/ADCData_reg[4]/C
                         clock pessimism              0.440    91.826    
                         clock uncertainty           -0.035    91.791    
    SLICE_X6Y199         FDRE (Setup_fdre_C_D)        0.023    91.814    design_1_i/AdcLVDS_Top_0/inst/lane_gen[0].u_lane/ADCData_reg[4]
  -------------------------------------------------------------------
                         required time                         91.814    
                         arrival time                          -6.523    
  -------------------------------------------------------------------
                         slack                                 85.291    

Slack (MET) :             85.311ns  (required time - arrival time)
  Source:                 design_1_i/AdcLVDS_Top_0/inst/lane_gen[0].u_lane/inst_Serdes_1x14_DDR_Data_Line/ISERDESE2_inst_slave/CLKDIV
                            (rising edge-triggered cell ISERDESE2 clocked by clk_s  {rise@0.000ns fall@37.500ns period=87.500ns})
  Destination:            design_1_i/AdcLVDS_Top_0/inst/lane_gen[0].u_lane/ADCData_reg[8]/D
                            (rising edge-triggered cell FDRE clocked by clk_s  {rise@0.000ns fall@37.500ns period=87.500ns})
  Path Group:             clk_s
  Path Type:              Setup (Max at Slow Process Corner)
  Requirement:            87.500ns  (clk_s rise@87.500ns - clk_s rise@0.000ns)
  Data Path Delay:        2.097ns  (logic 0.468ns (22.318%)  route 1.629ns (77.682%))
  Logic Levels:           0  
  Clock Path Skew:        -0.055ns (DCD - SCD + CPR)
    Destination Clock Delay (DCD):    3.886ns = ( 91.386 - 87.500 ) 
    Source Clock Delay      (SCD):    4.381ns
    Clock Pessimism Removal (CPR):    0.440ns
  Clock Uncertainty:      0.035ns  ((TSJ^2 + TIJ^2)^1/2 + DJ) / 2 + PE
    Total System Jitter     (TSJ):    0.071ns
    Total Input Jitter      (TIJ):    0.000ns
    Discrete Jitter          (DJ):    0.000ns
    Phase Error              (PE):    0.000ns

    Location             Delay type                Incr(ns)  Path(ns)    Netlist Resource(s)
  -------------------------------------------------------------------    -------------------
                         (clock clk_s rise edge)      0.000     0.000 r  
    U26                                               0.000     0.000 r  lvds_dco_0_clk_p (IN)
                         net (fo=0)                   0.000     0.000    design_1_i/AdcLVDS_Top_0/inst/u_clock/lvds_dco_p
    U26                  IBUFDS (Prop_ibufds_I_O)     0.791     0.791 r  design_1_i/AdcLVDS_Top_0/inst/u_clock/i_ibufgds_dco/O
                         net (fo=1, routed)           1.040     1.831    design_1_i/AdcLVDS_Top_0/inst/u_clock/dco_out
    BUFMRCE_X0Y9         BUFMR (Prop_bufmr_I_O)       0.085     1.916 r  design_1_i/AdcLVDS_Top_0/inst/u_clock/i_bufmr/O
                         net (fo=2, routed)           1.239     3.155    design_1_i/AdcLVDS_Top_0/inst/u_clock/dco_mr_out
    BUFR_X0Y13           BUFR (Prop_bufr_I_O)         0.650     3.805 r  design_1_i/AdcLVDS_Top_0/inst/u_clock/i_bufr/O
                         net (fo=122, routed)         0.576     4.381    design_1_i/AdcLVDS_Top_0/inst/lane_gen[0].u_lane/inst_Serdes_1x14_DDR_Data_Line/clk_word
    ILOGIC_X0Y155        ISERDESE2                                    r  design_1_i/AdcLVDS_Top_0/inst/lane_gen[0].u_lane/inst_Serdes_1x14_DDR_Data_Line/ISERDESE2_inst_slave/CLKDIV
  -------------------------------------------------------------------    -------------------
    ILOGIC_X0Y155        ISERDESE2 (Prop_iserdese2_CLKDIV_Q3)
                                                      0.468     4.849 r  design_1_i/AdcLVDS_Top_0/inst/lane_gen[0].u_lane/inst_Serdes_1x14_DDR_Data_Line/ISERDESE2_inst_slave/Q3
                         net (fo=1, routed)           1.629     6.478    design_1_i/AdcLVDS_Top_0/inst/lane_gen[0].u_lane/ADCDataLine[8]
    SLICE_X6Y197         FDRE                                         r  design_1_i/AdcLVDS_Top_0/inst/lane_gen[0].u_lane/ADCData_reg[8]/D
  -------------------------------------------------------------------    -------------------

                         (clock clk_s rise edge)     87.500    87.500 r  
    U26                                               0.000    87.500 r  lvds_dco_0_clk_p (IN)
                         net (fo=0)                   0.000    87.500    design_1_i/AdcLVDS_Top_0/inst/u_clock/lvds_dco_p
    U26                  IBUFDS (Prop_ibufds_I_O)     0.714    88.214 r  design_1_i/AdcLVDS_Top_0/inst/u_clock/i_ibufgds_dco/O
                         net (fo=1, routed)           0.859    89.073    design_1_i/AdcLVDS_Top_0/inst/u_clock/dco_out
    BUFMRCE_X0Y9         BUFMR (Prop_bufmr_I_O)       0.076    89.149 r  design_1_i/AdcLVDS_Top_0/inst/u_clock/i_bufmr/O
                         net (fo=2, routed)           1.102    90.251    design_1_i/AdcLVDS_Top_0/inst/u_clock/dco_mr_out
    BUFR_X0Y13           BUFR (Prop_bufr_I_O)         0.614    90.865 r  design_1_i/AdcLVDS_Top_0/inst/u_clock/i_bufr/O
                         net (fo=122, routed)         0.521    91.386    design_1_i/AdcLVDS_Top_0/inst/lane_gen[0].u_lane/clk_word
    SLICE_X6Y197         FDRE                                         r  design_1_i/AdcLVDS_Top_0/inst/lane_gen[0].u_lane/ADCData_reg[8]/C
                         clock pessimism              0.440    91.826    
                         clock uncertainty           -0.035    91.791    
    SLICE_X6Y197         FDRE (Setup_fdre_C_D)       -0.002    91.789    design_1_i/AdcLVDS_Top_0/inst/lane_gen[0].u_lane/ADCData_reg[8]
  -------------------------------------------------------------------
                         required time                         91.789    
                         arrival time                          -6.478    
  -------------------------------------------------------------------
                         slack                                 85.311    

Slack (MET) :             85.313ns  (required time - arrival time)
  Source:                 design_1_i/AdcLVDS_Top_0/inst/lane_gen[1].u_lane/inst_Serdes_1x14_DDR_Data_Line/ISERDESE2_inst_slave/CLKDIV
                            (rising edge-triggered cell ISERDESE2 clocked by clk_s  {rise@0.000ns fall@37.500ns period=87.500ns})
  Destination:            design_1_i/AdcLVDS_Top_0/inst/lane_gen[1].u_lane/ADCData_reg[9]/D
                            (rising edge-triggered cell FDRE clocked by clk_s  {rise@0.000ns fall@37.500ns period=87.500ns})
  Path Group:             clk_s
  Path Type:              Setup (Max at Slow Process Corner)
  Requirement:            87.500ns  (clk_s rise@87.500ns - clk_s rise@0.000ns)
  Data Path Delay:        2.111ns  (logic 0.468ns (22.170%)  route 1.643ns (77.830%))
  Logic Levels:           0  
  Clock Path Skew:        -0.054ns (DCD - SCD + CPR)
    Destination Clock Delay (DCD):    3.886ns = ( 91.386 - 87.500 ) 
    Source Clock Delay      (SCD):    4.380ns
    Clock Pessimism Removal (CPR):    0.440ns
  Clock Uncertainty:      0.035ns  ((TSJ^2 + TIJ^2)^1/2 + DJ) / 2 + PE
    Total System Jitter     (TSJ):    0.071ns
    Total Input Jitter      (TIJ):    0.000ns
    Discrete Jitter          (DJ):    0.000ns
    Phase Error              (PE):    0.000ns

    Location             Delay type                Incr(ns)  Path(ns)    Netlist Resource(s)
  -------------------------------------------------------------------    -------------------
                         (clock clk_s rise edge)      0.000     0.000 r  
    U26                                               0.000     0.000 r  lvds_dco_0_clk_p (IN)
                         net (fo=0)                   0.000     0.000    design_1_i/AdcLVDS_Top_0/inst/u_clock/lvds_dco_p
    U26                  IBUFDS (Prop_ibufds_I_O)     0.791     0.791 r  design_1_i/AdcLVDS_Top_0/inst/u_clock/i_ibufgds_dco/O
                         net (fo=1, routed)           1.040     1.831    design_1_i/AdcLVDS_Top_0/inst/u_clock/dco_out
    BUFMRCE_X0Y9         BUFMR (Prop_bufmr_I_O)       0.085     1.916 r  design_1_i/AdcLVDS_Top_0/inst/u_clock/i_bufmr/O
                         net (fo=2, routed)           1.239     3.155    design_1_i/AdcLVDS_Top_0/inst/u_clock/dco_mr_out
    BUFR_X0Y13           BUFR (Prop_bufr_I_O)         0.650     3.805 r  design_1_i/AdcLVDS_Top_0/inst/u_clock/i_bufr/O
                         net (fo=122, routed)         0.575     4.380    design_1_i/AdcLVDS_Top_0/inst/lane_gen[1].u_lane/inst_Serdes_1x14_DDR_Data_Line/clk_word
    ILOGIC_X0Y157        ISERDESE2                                    r  design_1_i/AdcLVDS_Top_0/inst/lane_gen[1].u_lane/inst_Serdes_1x14_DDR_Data_Line/ISERDESE2_inst_slave/CLKDIV
  -------------------------------------------------------------------    -------------------
    ILOGIC_X0Y157        ISERDESE2 (Prop_iserdese2_CLKDIV_Q4)
                                                      0.468     4.848 r  design_1_i/AdcLVDS_Top_0/inst/lane_gen[1].u_lane/inst_Serdes_1x14_DDR_Data_Line/ISERDESE2_inst_slave/Q4
                         net (fo=1, routed)           1.643     6.491    design_1_i/AdcLVDS_Top_0/inst/lane_gen[1].u_lane/ADCDataLine[9]
    SLICE_X6Y199         FDRE                                         r  design_1_i/AdcLVDS_Top_0/inst/lane_gen[1].u_lane/ADCData_reg[9]/D
  -------------------------------------------------------------------    -------------------

                         (clock clk_s rise edge)     87.500    87.500 r  
    U26                                               0.000    87.500 r  lvds_dco_0_clk_p (IN)
                         net (fo=0)                   0.000    87.500    design_1_i/AdcLVDS_Top_0/inst/u_clock/lvds_dco_p
    U26                  IBUFDS (Prop_ibufds_I_O)     0.714    88.214 r  design_1_i/AdcLVDS_Top_0/inst/u_clock/i_ibufgds_dco/O
                         net (fo=1, routed)           0.859    89.073    design_1_i/AdcLVDS_Top_0/inst/u_clock/dco_out
    BUFMRCE_X0Y9         BUFMR (Prop_bufmr_I_O)       0.076    89.149 r  design_1_i/AdcLVDS_Top_0/inst/u_clock/i_bufmr/O
                         net (fo=2, routed)           1.102    90.251    design_1_i/AdcLVDS_Top_0/inst/u_clock/dco_mr_out
    BUFR_X0Y13           BUFR (Prop_bufr_I_O)         0.614    90.865 r  design_1_i/AdcLVDS_Top_0/inst/u_clock/i_bufr/O
                         net (fo=122, routed)         0.521    91.386    design_1_i/AdcLVDS_Top_0/inst/lane_gen[1].u_lane/clk_word
    SLICE_X6Y199         FDRE                                         r  design_1_i/AdcLVDS_Top_0/inst/lane_gen[1].u_lane/ADCData_reg[9]/C
                         clock pessimism              0.440    91.826    
                         clock uncertainty           -0.035    91.791    
    SLICE_X6Y199         FDRE (Setup_fdre_C_D)        0.013    91.804    design_1_i/AdcLVDS_Top_0/inst/lane_gen[1].u_lane/ADCData_reg[9]
  -------------------------------------------------------------------
                         required time                         91.804    
                         arrival time                          -6.491    
  -------------------------------------------------------------------
                         slack                                 85.313    

Slack (MET) :             85.315ns  (required time - arrival time)
  Source:                 design_1_i/AdcLVDS_Top_0/inst/lane_gen[2].u_lane/inst_Serdes_1x14_DDR_Data_Line/ISERDESE2_inst_slave/CLKDIV
                            (rising edge-triggered cell ISERDESE2 clocked by clk_s  {rise@0.000ns fall@37.500ns period=87.500ns})
  Destination:            design_1_i/AdcLVDS_Top_0/inst/lane_gen[2].u_lane/ADCData_reg[13]/D
                            (rising edge-triggered cell FDRE clocked by clk_s  {rise@0.000ns fall@37.500ns period=87.500ns})
  Path Group:             clk_s
  Path Type:              Setup (Max at Slow Process Corner)
  Requirement:            87.500ns  (clk_s rise@87.500ns - clk_s rise@0.000ns)
  Data Path Delay:        2.147ns  (logic 0.468ns (21.802%)  route 1.679ns (78.198%))
  Logic Levels:           0  
  Clock Path Skew:        -0.007ns (DCD - SCD + CPR)
    Destination Clock Delay (DCD):    3.934ns = ( 91.434 - 87.500 ) 
    Source Clock Delay      (SCD):    4.381ns
    Clock Pessimism Removal (CPR):    0.440ns
  Clock Uncertainty:      0.035ns  ((TSJ^2 + TIJ^2)^1/2 + DJ) / 2 + PE
    Total System Jitter     (TSJ):    0.071ns
    Total Input Jitter      (TIJ):    0.000ns
    Discrete Jitter          (DJ):    0.000ns
    Phase Error              (PE):    0.000ns

    Location             Delay type                Incr(ns)  Path(ns)    Netlist Resource(s)
  -------------------------------------------------------------------    -------------------
                         (clock clk_s rise edge)      0.000     0.000 r  
    U26                                               0.000     0.000 r  lvds_dco_0_clk_p (IN)
                         net (fo=0)                   0.000     0.000    design_1_i/AdcLVDS_Top_0/inst/u_clock/lvds_dco_p
    U26                  IBUFDS (Prop_ibufds_I_O)     0.791     0.791 r  design_1_i/AdcLVDS_Top_0/inst/u_clock/i_ibufgds_dco/O
                         net (fo=1, routed)           1.040     1.831    design_1_i/AdcLVDS_Top_0/inst/u_clock/dco_out
    BUFMRCE_X0Y9         BUFMR (Prop_bufmr_I_O)       0.085     1.916 r  design_1_i/AdcLVDS_Top_0/inst/u_clock/i_bufmr/O
                         net (fo=2, routed)           1.239     3.155    design_1_i/AdcLVDS_Top_0/inst/u_clock/dco_mr_out
    BUFR_X0Y13           BUFR (Prop_bufr_I_O)         0.650     3.805 r  design_1_i/AdcLVDS_Top_0/inst/u_clock/i_bufr/O
                         net (fo=122, routed)         0.576     4.381    design_1_i/AdcLVDS_Top_0/inst/lane_gen[2].u_lane/inst_Serdes_1x14_DDR_Data_Line/clk_word
    ILOGIC_X0Y153        ISERDESE2                                    r  design_1_i/AdcLVDS_Top_0/inst/lane_gen[2].u_lane/inst_Serdes_1x14_DDR_Data_Line/ISERDESE2_inst_slave/CLKDIV
  -------------------------------------------------------------------    -------------------
    ILOGIC_X0Y153        ISERDESE2 (Prop_iserdese2_CLKDIV_Q8)
                                                      0.468     4.849 r  design_1_i/AdcLVDS_Top_0/inst/lane_gen[2].u_lane/inst_Serdes_1x14_DDR_Data_Line/ISERDESE2_inst_slave/Q8
                         net (fo=1, routed)           1.679     6.528    design_1_i/AdcLVDS_Top_0/inst/lane_gen[2].u_lane/ADCDataLine[13]
    SLICE_X8Y198         FDRE                                         r  design_1_i/AdcLVDS_Top_0/inst/lane_gen[2].u_lane/ADCData_reg[13]/D
  -------------------------------------------------------------------    -------------------

                         (clock clk_s rise edge)     87.500    87.500 r  
    U26                                               0.000    87.500 r  lvds_dco_0_clk_p (IN)
                         net (fo=0)                   0.000    87.500    design_1_i/AdcLVDS_Top_0/inst/u_clock/lvds_dco_p
    U26                  IBUFDS (Prop_ibufds_I_O)     0.714    88.214 r  design_1_i/AdcLVDS_Top_0/inst/u_clock/i_ibufgds_dco/O
                         net (fo=1, routed)           0.859    89.073    design_1_i/AdcLVDS_Top_0/inst/u_clock/dco_out
    BUFMRCE_X0Y9         BUFMR (Prop_bufmr_I_O)       0.076    89.149 r  design_1_i/AdcLVDS_Top_0/inst/u_clock/i_bufmr/O
                         net (fo=2, routed)           1.102    90.251    design_1_i/AdcLVDS_Top_0/inst/u_clock/dco_mr_out
    BUFR_X0Y13           BUFR (Prop_bufr_I_O)         0.614    90.865 r  design_1_i/AdcLVDS_Top_0/inst/u_clock/i_bufr/O
                         net (fo=122, routed)         0.569    91.434    design_1_i/AdcLVDS_Top_0/inst/lane_gen[2].u_lane/clk_word
    SLICE_X8Y198         FDRE                                         r  design_1_i/AdcLVDS_Top_0/inst/lane_gen[2].u_lane/ADCData_reg[13]/C
                         clock pessimism              0.440    91.874    
                         clock uncertainty           -0.035    91.839    
    SLICE_X8Y198         FDRE (Setup_fdre_C_D)        0.004    91.843    design_1_i/AdcLVDS_Top_0/inst/lane_gen[2].u_lane/ADCData_reg[13]
  -------------------------------------------------------------------
                         required time                         91.843    
                         arrival time                          -6.528    
  -------------------------------------------------------------------
                         slack                                 85.315    

Slack (MET) :             85.324ns  (required time - arrival time)
  Source:                 design_1_i/AdcLVDS_Top_0/inst/lane_gen[0].u_lane/inst_Serdes_1x14_DDR_Data_Line/ISERDESE2_inst_master/CLKDIV
                            (rising edge-triggered cell ISERDESE2 clocked by clk_s  {rise@0.000ns fall@37.500ns period=87.500ns})
  Destination:            design_1_i/AdcLVDS_Top_0/inst/lane_gen[0].u_lane/ADCData_reg[1]/D
                            (rising edge-triggered cell FDRE clocked by clk_s  {rise@0.000ns fall@37.500ns period=87.500ns})
  Path Group:             clk_s
  Path Type:              Setup (Max at Slow Process Corner)
  Requirement:            87.500ns  (clk_s rise@87.500ns - clk_s rise@0.000ns)
  Data Path Delay:        2.109ns  (logic 0.468ns (22.193%)  route 1.641ns (77.807%))
  Logic Levels:           0  
  Clock Path Skew:        -0.054ns (DCD - SCD + CPR)
    Destination Clock Delay (DCD):    3.886ns = ( 91.386 - 87.500 ) 
    Source Clock Delay      (SCD):    4.380ns
    Clock Pessimism Removal (CPR):    0.440ns
  Clock Uncertainty:      0.035ns  ((TSJ^2 + TIJ^2)^1/2 + DJ) / 2 + PE
    Total System Jitter     (TSJ):    0.071ns
    Total Input Jitter      (TIJ):    0.000ns
    Discrete Jitter          (DJ):    0.000ns
    Phase Error              (PE):    0.000ns

    Location             Delay type                Incr(ns)  Path(ns)    Netlist Resource(s)
  -------------------------------------------------------------------    -------------------
                         (clock clk_s rise edge)      0.000     0.000 r  
    U26                                               0.000     0.000 r  lvds_dco_0_clk_p (IN)
                         net (fo=0)                   0.000     0.000    design_1_i/AdcLVDS_Top_0/inst/u_clock/lvds_dco_p
    U26                  IBUFDS (Prop_ibufds_I_O)     0.791     0.791 r  design_1_i/AdcLVDS_Top_0/inst/u_clock/i_ibufgds_dco/O
                         net (fo=1, routed)           1.040     1.831    design_1_i/AdcLVDS_Top_0/inst/u_clock/dco_out
    BUFMRCE_X0Y9         BUFMR (Prop_bufmr_I_O)       0.085     1.916 r  design_1_i/AdcLVDS_Top_0/inst/u_clock/i_bufmr/O
                         net (fo=2, routed)           1.239     3.155    design_1_i/AdcLVDS_Top_0/inst/u_clock/dco_mr_out
    BUFR_X0Y13           BUFR (Prop_bufr_I_O)         0.650     3.805 r  design_1_i/AdcLVDS_Top_0/inst/u_clock/i_bufr/O
                         net (fo=122, routed)         0.575     4.380    design_1_i/AdcLVDS_Top_0/inst/lane_gen[0].u_lane/inst_Serdes_1x14_DDR_Data_Line/clk_word
    ILOGIC_X0Y156        ISERDESE2                                    r  design_1_i/AdcLVDS_Top_0/inst/lane_gen[0].u_lane/inst_Serdes_1x14_DDR_Data_Line/ISERDESE2_inst_master/CLKDIV
  -------------------------------------------------------------------    -------------------
    ILOGIC_X0Y156        ISERDESE2 (Prop_iserdese2_CLKDIV_Q2)
                                                      0.468     4.848 r  design_1_i/AdcLVDS_Top_0/inst/lane_gen[0].u_lane/inst_Serdes_1x14_DDR_Data_Line/ISERDESE2_inst_master/Q2
                         net (fo=1, routed)           1.641     6.489    design_1_i/AdcLVDS_Top_0/inst/lane_gen[0].u_lane/ADCDataLine[1]
    SLICE_X6Y199         FDRE                                         r  design_1_i/AdcLVDS_Top_0/inst/lane_gen[0].u_lane/ADCData_reg[1]/D
  -------------------------------------------------------------------    -------------------

                         (clock clk_s rise edge)     87.500    87.500 r  
    U26                                               0.000    87.500 r  lvds_dco_0_clk_p (IN)
                         net (fo=0)                   0.000    87.500    design_1_i/AdcLVDS_Top_0/inst/u_clock/lvds_dco_p
    U26                  IBUFDS (Prop_ibufds_I_O)     0.714    88.214 r  design_1_i/AdcLVDS_Top_0/inst/u_clock/i_ibufgds_dco/O
                         net (fo=1, routed)           0.859    89.073    design_1_i/AdcLVDS_Top_0/inst/u_clock/dco_out
    BUFMRCE_X0Y9         BUFMR (Prop_bufmr_I_O)       0.076    89.149 r  design_1_i/AdcLVDS_Top_0/inst/u_clock/i_bufmr/O
                         net (fo=2, routed)           1.102    90.251    design_1_i/AdcLVDS_Top_0/inst/u_clock/dco_mr_out
    BUFR_X0Y13           BUFR (Prop_bufr_I_O)         0.614    90.865 r  design_1_i/AdcLVDS_Top_0/inst/u_clock/i_bufr/O
                         net (fo=122, routed)         0.521    91.386    design_1_i/AdcLVDS_Top_0/inst/lane_gen[0].u_lane/clk_word
    SLICE_X6Y199         FDRE                                         r  design_1_i/AdcLVDS_Top_0/inst/lane_gen[0].u_lane/ADCData_reg[1]/C
                         clock pessimism              0.440    91.826    
                         clock uncertainty           -0.035    91.791    
    SLICE_X6Y199         FDRE (Setup_fdre_C_D)        0.022    91.813    design_1_i/AdcLVDS_Top_0/inst/lane_gen[0].u_lane/ADCData_reg[1]
  -------------------------------------------------------------------
                         required time                         91.813    
                         arrival time                          -6.489    
  -------------------------------------------------------------------
                         slack                                 85.324    





Min Delay Paths
--------------------------------------------------------------------------------------
Slack (MET) :             0.205ns  (arrival time - required time)
  Source:                 design_1_i/AdcLVDS_Top_0/inst/u_frame/rBitslipCnt_reg[0]/C
                            (rising edge-triggered cell FDRE clocked by clk_s  {rise@0.000ns fall@37.500ns period=87.500ns})
  Destination:            design_1_i/AdcLVDS_Top_0/inst/u_frame/rBitslipCnt_reg[1]/D
                            (rising edge-triggered cell FDRE clocked by clk_s  {rise@0.000ns fall@37.500ns period=87.500ns})
  Path Group:             clk_s
  Path Type:              Hold (Min at Fast Process Corner)
  Requirement:            0.000ns  (clk_s rise@0.000ns - clk_s rise@0.000ns)
  Data Path Delay:        0.301ns  (logic 0.145ns (48.227%)  route 0.156ns (51.773%))
  Logic Levels:           1  (LUT2=1)
  Clock Path Skew:        0.000ns (DCD - SCD - CPR)
    Destination Clock Delay (DCD):    2.282ns
    Source Clock Delay      (SCD):    1.962ns
    Clock Pessimism Removal (CPR):    0.320ns

    Location             Delay type                Incr(ns)  Path(ns)    Netlist Resource(s)
  -------------------------------------------------------------------    -------------------
                         (clock clk_s rise edge)      0.000     0.000 r  
    U26                                               0.000     0.000 r  lvds_dco_0_clk_p (IN)
                         net (fo=0)                   0.000     0.000    design_1_i/AdcLVDS_Top_0/inst/u_clock/lvds_dco_p
    U26                  IBUFDS (Prop_ibufds_I_O)     0.415     0.415 r  design_1_i/AdcLVDS_Top_0/inst/u_clock/i_ibufgds_dco/O
                         net (fo=1, routed)           0.492     0.907    design_1_i/AdcLVDS_Top_0/inst/u_clock/dco_out
    BUFMRCE_X0Y9         BUFMR (Prop_bufmr_I_O)       0.030     0.937 r  design_1_i/AdcLVDS_Top_0/inst/u_clock/i_bufmr/O
                         net (fo=2, routed)           0.532     1.469    design_1_i/AdcLVDS_Top_0/inst/u_clock/dco_mr_out
    BUFR_X0Y13           BUFR (Prop_bufr_I_O)         0.223     1.692 r  design_1_i/AdcLVDS_Top_0/inst/u_clock/i_bufr/O
                         net (fo=122, routed)         0.270     1.962    design_1_i/AdcLVDS_Top_0/inst/u_frame/clk_word
    SLICE_X0Y163         FDRE                                         r  design_1_i/AdcLVDS_Top_0/inst/u_frame/rBitslipCnt_reg[0]/C
  -------------------------------------------------------------------    -------------------
    SLICE_X0Y163         FDRE (Prop_fdre_C_Q)         0.118     2.080 r  design_1_i/AdcLVDS_Top_0/inst/u_frame/rBitslipCnt_reg[0]/Q
                         net (fo=6, routed)           0.156     2.236    design_1_i/AdcLVDS_Top_0/inst/u_frame/rBitslipCnt_reg_n_0_[0]
    SLICE_X0Y163         LUT2 (Prop_lut2_I0_O)        0.027     2.263 r  design_1_i/AdcLVDS_Top_0/inst/u_frame/rBitslipCnt[1]_i_1/O
                         net (fo=1, routed)           0.000     2.263    design_1_i/AdcLVDS_Top_0/inst/u_frame/p_1_in[1]
    SLICE_X0Y163         FDRE                                         r  design_1_i/AdcLVDS_Top_0/inst/u_frame/rBitslipCnt_reg[1]/D
  -------------------------------------------------------------------    -------------------

                         (clock clk_s rise edge)      0.000     0.000 r  
    U26                                               0.000     0.000 r  lvds_dco_0_clk_p (IN)
                         net (fo=0)                   0.000     0.000    design_1_i/AdcLVDS_Top_0/inst/u_clock/lvds_dco_p
    U26                  IBUFDS (Prop_ibufds_I_O)     0.488     0.488 r  design_1_i/AdcLVDS_Top_0/inst/u_clock/i_ibufgds_dco/O
                         net (fo=1, routed)           0.595     1.083    design_1_i/AdcLVDS_Top_0/inst/u_clock/dco_out
    BUFMRCE_X0Y9         BUFMR (Prop_bufmr_I_O)       0.034     1.117 r  design_1_i/AdcLVDS_Top_0/inst/u_clock/i_bufmr/O
                         net (fo=2, routed)           0.604     1.721    design_1_i/AdcLVDS_Top_0/inst/u_clock/dco_mr_out
    BUFR_X0Y13           BUFR (Prop_bufr_I_O)         0.251     1.972 r  design_1_i/AdcLVDS_Top_0/inst/u_clock/i_bufr/O
                         net (fo=122, routed)         0.310     2.282    design_1_i/AdcLVDS_Top_0/inst/u_frame/clk_word
    SLICE_X0Y163         FDRE                                         r  design_1_i/AdcLVDS_Top_0/inst/u_frame/rBitslipCnt_reg[1]/C
                         clock pessimism             -0.320     1.962    
    SLICE_X0Y163         FDRE (Hold_fdre_C_D)         0.096     2.058    design_1_i/AdcLVDS_Top_0/inst/u_frame/rBitslipCnt_reg[1]
  -------------------------------------------------------------------
                         required time                         -2.058    
                         arrival time                           2.263    
  -------------------------------------------------------------------
                         slack                                  0.205    

Slack (MET) :             0.208ns  (arrival time - required time)
  Source:                 design_1_i/AdcLVDS_Top_0/inst/u_frame/rBitslipCnt_reg[0]/C
                            (rising edge-triggered cell FDRE clocked by clk_s  {rise@0.000ns fall@37.500ns period=87.500ns})
  Destination:            design_1_i/AdcLVDS_Top_0/inst/u_frame/rBitslipCnt_reg[3]/D
                            (rising edge-triggered cell FDRE clocked by clk_s  {rise@0.000ns fall@37.500ns period=87.500ns})
  Path Group:             clk_s
  Path Type:              Hold (Min at Fast Process Corner)
  Requirement:            0.000ns  (clk_s rise@0.000ns - clk_s rise@0.000ns)
  Data Path Delay:        0.304ns  (logic 0.148ns (48.739%)  route 0.156ns (51.261%))
  Logic Levels:           1  (LUT4=1)
  Clock Path Skew:        0.000ns (DCD - SCD - CPR)
    Destination Clock Delay (DCD):    2.282ns
    Source Clock Delay      (SCD):    1.962ns
    Clock Pessimism Removal (CPR):    0.320ns

    Location             Delay type                Incr(ns)  Path(ns)    Netlist Resource(s)
  -------------------------------------------------------------------    -------------------
                         (clock clk_s rise edge)      0.000     0.000 r  
    U26                                               0.000     0.000 r  lvds_dco_0_clk_p (IN)
                         net (fo=0)                   0.000     0.000    design_1_i/AdcLVDS_Top_0/inst/u_clock/lvds_dco_p
    U26                  IBUFDS (Prop_ibufds_I_O)     0.415     0.415 r  design_1_i/AdcLVDS_Top_0/inst/u_clock/i_ibufgds_dco/O
                         net (fo=1, routed)           0.492     0.907    design_1_i/AdcLVDS_Top_0/inst/u_clock/dco_out
    BUFMRCE_X0Y9         BUFMR (Prop_bufmr_I_O)       0.030     0.937 r  design_1_i/AdcLVDS_Top_0/inst/u_clock/i_bufmr/O
                         net (fo=2, routed)           0.532     1.469    design_1_i/AdcLVDS_Top_0/inst/u_clock/dco_mr_out
    BUFR_X0Y13           BUFR (Prop_bufr_I_O)         0.223     1.692 r  design_1_i/AdcLVDS_Top_0/inst/u_clock/i_bufr/O
                         net (fo=122, routed)         0.270     1.962    design_1_i/AdcLVDS_Top_0/inst/u_frame/clk_word
    SLICE_X0Y163         FDRE                                         r  design_1_i/AdcLVDS_Top_0/inst/u_frame/rBitslipCnt_reg[0]/C
  -------------------------------------------------------------------    -------------------
    SLICE_X0Y163         FDRE (Prop_fdre_C_Q)         0.118     2.080 r  design_1_i/AdcLVDS_Top_0/inst/u_frame/rBitslipCnt_reg[0]/Q
                         net (fo=6, routed)           0.156     2.236    design_1_i/AdcLVDS_Top_0/inst/u_frame/rBitslipCnt_reg_n_0_[0]
    SLICE_X0Y163         LUT4 (Prop_lut4_I1_O)        0.030     2.266 r  design_1_i/AdcLVDS_Top_0/inst/u_frame/rBitslipCnt[3]_i_1/O
                         net (fo=1, routed)           0.000     2.266    design_1_i/AdcLVDS_Top_0/inst/u_frame/p_1_in[3]
    SLICE_X0Y163         FDRE                                         r  design_1_i/AdcLVDS_Top_0/inst/u_frame/rBitslipCnt_reg[3]/D
  -------------------------------------------------------------------    -------------------

                         (clock clk_s rise edge)      0.000     0.000 r  
    U26                                               0.000     0.000 r  lvds_dco_0_clk_p (IN)
                         net (fo=0)                   0.000     0.000    design_1_i/AdcLVDS_Top_0/inst/u_clock/lvds_dco_p
    U26                  IBUFDS (Prop_ibufds_I_O)     0.488     0.488 r  design_1_i/AdcLVDS_Top_0/inst/u_clock/i_ibufgds_dco/O
                         net (fo=1, routed)           0.595     1.083    design_1_i/AdcLVDS_Top_0/inst/u_clock/dco_out
    BUFMRCE_X0Y9         BUFMR (Prop_bufmr_I_O)       0.034     1.117 r  design_1_i/AdcLVDS_Top_0/inst/u_clock/i_bufmr/O
                         net (fo=2, routed)           0.604     1.721    design_1_i/AdcLVDS_Top_0/inst/u_clock/dco_mr_out
    BUFR_X0Y13           BUFR (Prop_bufr_I_O)         0.251     1.972 r  design_1_i/AdcLVDS_Top_0/inst/u_clock/i_bufr/O
                         net (fo=122, routed)         0.310     2.282    design_1_i/AdcLVDS_Top_0/inst/u_frame/clk_word
    SLICE_X0Y163         FDRE                                         r  design_1_i/AdcLVDS_Top_0/inst/u_frame/rBitslipCnt_reg[3]/C
                         clock pessimism             -0.320     1.962    
    SLICE_X0Y163         FDRE (Hold_fdre_C_D)         0.096     2.058    design_1_i/AdcLVDS_Top_0/inst/u_frame/rBitslipCnt_reg[3]
  -------------------------------------------------------------------
                         required time                         -2.058    
                         arrival time                           2.266    
  -------------------------------------------------------------------
                         slack                                  0.208    

Slack (MET) :             0.212ns  (arrival time - required time)
  Source:                 design_1_i/AdcLVDS_Top_0/inst/u_frame/rFrmAlignDone_reg/C
                            (rising edge-triggered cell FDRE clocked by clk_s  {rise@0.000ns fall@37.500ns period=87.500ns})
  Destination:            design_1_i/AdcLVDS_Top_0/inst/u_frame/rFrmAlignDone_reg/D
                            (rising edge-triggered cell FDRE clocked by clk_s  {rise@0.000ns fall@37.500ns period=87.500ns})
  Path Group:             clk_s
  Path Type:              Hold (Min at Fast Process Corner)
  Requirement:            0.000ns  (clk_s rise@0.000ns - clk_s rise@0.000ns)
  Data Path Delay:        0.272ns  (logic 0.128ns (47.137%)  route 0.144ns (52.863%))
  Logic Levels:           1  (LUT5=1)
  Clock Path Skew:        0.000ns (DCD - SCD - CPR)
    Destination Clock Delay (DCD):    2.282ns
    Source Clock Delay      (SCD):    1.962ns
    Clock Pessimism Removal (CPR):    0.320ns

    Location             Delay type                Incr(ns)  Path(ns)    Netlist Resource(s)
  -------------------------------------------------------------------    -------------------
                         (clock clk_s rise edge)      0.000     0.000 r  
    U26                                               0.000     0.000 r  lvds_dco_0_clk_p (IN)
                         net (fo=0)                   0.000     0.000    design_1_i/AdcLVDS_Top_0/inst/u_clock/lvds_dco_p
    U26                  IBUFDS (Prop_ibufds_I_O)     0.415     0.415 r  design_1_i/AdcLVDS_Top_0/inst/u_clock/i_ibufgds_dco/O
                         net (fo=1, routed)           0.492     0.907    design_1_i/AdcLVDS_Top_0/inst/u_clock/dco_out
    BUFMRCE_X0Y9         BUFMR (Prop_bufmr_I_O)       0.030     0.937 r  design_1_i/AdcLVDS_Top_0/inst/u_clock/i_bufmr/O
                         net (fo=2, routed)           0.532     1.469    design_1_i/AdcLVDS_Top_0/inst/u_clock/dco_mr_out
    BUFR_X0Y13           BUFR (Prop_bufr_I_O)         0.223     1.692 r  design_1_i/AdcLVDS_Top_0/inst/u_clock/i_bufr/O
                         net (fo=122, routed)         0.270     1.962    design_1_i/AdcLVDS_Top_0/inst/u_frame/clk_word
    SLICE_X1Y164         FDRE                                         r  design_1_i/AdcLVDS_Top_0/inst/u_frame/rFrmAlignDone_reg/C
  -------------------------------------------------------------------    -------------------
    SLICE_X1Y164         FDRE (Prop_fdre_C_Q)         0.100     2.062 r  design_1_i/AdcLVDS_Top_0/inst/u_frame/rFrmAlignDone_reg/Q
                         net (fo=3, routed)           0.144     2.205    design_1_i/AdcLVDS_Top_0/inst/u_frame/inst_Serdes_1x14_DDR_Data_Line/m_axis_tvalid
    SLICE_X1Y164         LUT5 (Prop_lut5_I4_O)        0.028     2.233 r  design_1_i/AdcLVDS_Top_0/inst/u_frame/inst_Serdes_1x14_DDR_Data_Line/rFrmAlignDone_i_1/O
                         net (fo=1, routed)           0.000     2.233    design_1_i/AdcLVDS_Top_0/inst/u_frame/inst_Serdes_1x14_DDR_Data_Line_n_0
    SLICE_X1Y164         FDRE                                         r  design_1_i/AdcLVDS_Top_0/inst/u_frame/rFrmAlignDone_reg/D
  -------------------------------------------------------------------    -------------------

                         (clock clk_s rise edge)      0.000     0.000 r  
    U26                                               0.000     0.000 r  lvds_dco_0_clk_p (IN)
                         net (fo=0)                   0.000     0.000    design_1_i/AdcLVDS_Top_0/inst/u_clock/lvds_dco_p
    U26                  IBUFDS (Prop_ibufds_I_O)     0.488     0.488 r  design_1_i/AdcLVDS_Top_0/inst/u_clock/i_ibufgds_dco/O
                         net (fo=1, routed)           0.595     1.083    design_1_i/AdcLVDS_Top_0/inst/u_clock/dco_out
    BUFMRCE_X0Y9         BUFMR (Prop_bufmr_I_O)       0.034     1.117 r  design_1_i/AdcLVDS_Top_0/inst/u_clock/i_bufmr/O
                         net (fo=2, routed)           0.604     1.721    design_1_i/AdcLVDS_Top_0/inst/u_clock/dco_mr_out
    BUFR_X0Y13           BUFR (Prop_bufr_I_O)         0.251     1.972 r  design_1_i/AdcLVDS_Top_0/inst/u_clock/i_bufr/O
                         net (fo=122, routed)         0.310     2.282    design_1_i/AdcLVDS_Top_0/inst/u_frame/clk_word
    SLICE_X1Y164         FDRE                                         r  design_1_i/AdcLVDS_Top_0/inst/u_frame/rFrmAlignDone_reg/C
                         clock pessimism             -0.320     1.962    
    SLICE_X1Y164         FDRE (Hold_fdre_C_D)         0.060     2.022    design_1_i/AdcLVDS_Top_0/inst/u_frame/rFrmAlignDone_reg
  -------------------------------------------------------------------
                         required time                         -2.022    
                         arrival time                           2.233    
  -------------------------------------------------------------------
                         slack                                  0.212    

Slack (MET) :             0.215ns  (arrival time - required time)
  Source:                 design_1_i/AdcLVDS_Top_0/inst/u_frame/rBitslipCnt_reg[0]/C
                            (rising edge-triggered cell FDRE clocked by clk_s  {rise@0.000ns fall@37.500ns period=87.500ns})
  Destination:            design_1_i/AdcLVDS_Top_0/inst/u_frame/rBitslipCnt_reg[0]/D
                            (rising edge-triggered cell FDRE clocked by clk_s  {rise@0.000ns fall@37.500ns period=87.500ns})
  Path Group:             clk_s
  Path Type:              Hold (Min at Fast Process Corner)
  Requirement:            0.000ns  (clk_s rise@0.000ns - clk_s rise@0.000ns)
  Data Path Delay:        0.302ns  (logic 0.146ns (48.399%)  route 0.156ns (51.601%))
  Logic Levels:           1  (LUT1=1)
  Clock Path Skew:        0.000ns (DCD - SCD - CPR)
    Destination Clock Delay (DCD):    2.282ns
    Source Clock Delay      (SCD):    1.962ns
    Clock Pessimism Removal (CPR):    0.320ns

    Location             Delay type                Incr(ns)  Path(ns)    Netlist Resource(s)
  -------------------------------------------------------------------    -------------------
                         (clock clk_s rise edge)      0.000     0.000 r  
    U26                                               0.000     0.000 r  lvds_dco_0_clk_p (IN)
                         net (fo=0)                   0.000     0.000    design_1_i/AdcLVDS_Top_0/inst/u_clock/lvds_dco_p
    U26                  IBUFDS (Prop_ibufds_I_O)     0.415     0.415 r  design_1_i/AdcLVDS_Top_0/inst/u_clock/i_ibufgds_dco/O
                         net (fo=1, routed)           0.492     0.907    design_1_i/AdcLVDS_Top_0/inst/u_clock/dco_out
    BUFMRCE_X0Y9         BUFMR (Prop_bufmr_I_O)       0.030     0.937 r  design_1_i/AdcLVDS_Top_0/inst/u_clock/i_bufmr/O
                         net (fo=2, routed)           0.532     1.469    design_1_i/AdcLVDS_Top_0/inst/u_clock/dco_mr_out
    BUFR_X0Y13           BUFR (Prop_bufr_I_O)         0.223     1.692 r  design_1_i/AdcLVDS_Top_0/inst/u_clock/i_bufr/O
                         net (fo=122, routed)         0.270     1.962    design_1_i/AdcLVDS_Top_0/inst/u_frame/clk_word
    SLICE_X0Y163         FDRE                                         r  design_1_i/AdcLVDS_Top_0/inst/u_frame/rBitslipCnt_reg[0]/C
  -------------------------------------------------------------------    -------------------
    SLICE_X0Y163         FDRE (Prop_fdre_C_Q)         0.118     2.080 f  design_1_i/AdcLVDS_Top_0/inst/u_frame/rBitslipCnt_reg[0]/Q
                         net (fo=6, routed)           0.156     2.236    design_1_i/AdcLVDS_Top_0/inst/u_frame/rBitslipCnt_reg_n_0_[0]
    SLICE_X0Y163         LUT1 (Prop_lut1_I0_O)        0.028     2.264 r  design_1_i/AdcLVDS_Top_0/inst/u_frame/rBitslipCnt[0]_i_1/O
                         net (fo=1, routed)           0.000     2.264    design_1_i/AdcLVDS_Top_0/inst/u_frame/p_1_in[0]
    SLICE_X0Y163         FDRE                                         r  design_1_i/AdcLVDS_Top_0/inst/u_frame/rBitslipCnt_reg[0]/D
  -------------------------------------------------------------------    -------------------

                         (clock clk_s rise edge)      0.000     0.000 r  
    U26                                               0.000     0.000 r  lvds_dco_0_clk_p (IN)
                         net (fo=0)                   0.000     0.000    design_1_i/AdcLVDS_Top_0/inst/u_clock/lvds_dco_p
    U26                  IBUFDS (Prop_ibufds_I_O)     0.488     0.488 r  design_1_i/AdcLVDS_Top_0/inst/u_clock/i_ibufgds_dco/O
                         net (fo=1, routed)           0.595     1.083    design_1_i/AdcLVDS_Top_0/inst/u_clock/dco_out
    BUFMRCE_X0Y9         BUFMR (Prop_bufmr_I_O)       0.034     1.117 r  design_1_i/AdcLVDS_Top_0/inst/u_clock/i_bufmr/O
                         net (fo=2, routed)           0.604     1.721    design_1_i/AdcLVDS_Top_0/inst/u_clock/dco_mr_out
    BUFR_X0Y13           BUFR (Prop_bufr_I_O)         0.251     1.972 r  design_1_i/AdcLVDS_Top_0/inst/u_clock/i_bufr/O
                         net (fo=122, routed)         0.310     2.282    design_1_i/AdcLVDS_Top_0/inst/u_frame/clk_word
    SLICE_X0Y163         FDRE                                         r  design_1_i/AdcLVDS_Top_0/inst/u_frame/rBitslipCnt_reg[0]/C
                         clock pessimism             -0.320     1.962    
    SLICE_X0Y163         FDRE (Hold_fdre_C_D)         0.087     2.049    design_1_i/AdcLVDS_Top_0/inst/u_frame/rBitslipCnt_reg[0]
  -------------------------------------------------------------------
                         required time                         -2.049    
                         arrival time                           2.264    
  -------------------------------------------------------------------
                         slack                                  0.215    

Slack (MET) :             0.215ns  (arrival time - required time)
  Source:                 design_1_i/AdcLVDS_Top_0/inst/u_frame/rBitslipCnt_reg[0]/C
                            (rising edge-triggered cell FDRE clocked by clk_s  {rise@0.000ns fall@37.500ns period=87.500ns})
  Destination:            design_1_i/AdcLVDS_Top_0/inst/u_frame/rBitslipCnt_reg[2]/D
                            (rising edge-triggered cell FDRE clocked by clk_s  {rise@0.000ns fall@37.500ns period=87.500ns})
  Path Group:             clk_s
  Path Type:              Hold (Min at Fast Process Corner)
  Requirement:            0.000ns  (clk_s rise@0.000ns - clk_s rise@0.000ns)
  Data Path Delay:        0.302ns  (logic 0.146ns (48.399%)  route 0.156ns (51.601%))
  Logic Levels:           1  (LUT3=1)
  Clock Path Skew:        0.000ns (DCD - SCD - CPR)
    Destination Clock Delay (DCD):    2.282ns
    Source Clock Delay      (SCD):    1.962ns
    Clock Pessimism Removal (CPR):    0.320ns

    Location             Delay type                Incr(ns)  Path(ns)    Netlist Resource(s)
  -------------------------------------------------------------------    -------------------
                         (clock clk_s rise edge)      0.000     0.000 r  
    U26                                               0.000     0.000 r  lvds_dco_0_clk_p (IN)
                         net (fo=0)                   0.000     0.000    design_1_i/AdcLVDS_Top_0/inst/u_clock/lvds_dco_p
    U26                  IBUFDS (Prop_ibufds_I_O)     0.415     0.415 r  design_1_i/AdcLVDS_Top_0/inst/u_clock/i_ibufgds_dco/O
                         net (fo=1, routed)           0.492     0.907    design_1_i/AdcLVDS_Top_0/inst/u_clock/dco_out
    BUFMRCE_X0Y9         BUFMR (Prop_bufmr_I_O)       0.030     0.937 r  design_1_i/AdcLVDS_Top_0/inst/u_clock/i_bufmr/O
                         net (fo=2, routed)           0.532     1.469    design_1_i/AdcLVDS_Top_0/inst/u_clock/dco_mr_out
    BUFR_X0Y13           BUFR (Prop_bufr_I_O)         0.223     1.692 r  design_1_i/AdcLVDS_Top_0/inst/u_clock/i_bufr/O
                         net (fo=122, routed)         0.270     1.962    design_1_i/AdcLVDS_Top_0/inst/u_frame/clk_word
    SLICE_X0Y163         FDRE                                         r  design_1_i/AdcLVDS_Top_0/inst/u_frame/rBitslipCnt_reg[0]/C
  -------------------------------------------------------------------    -------------------
    SLICE_X0Y163         FDRE (Prop_fdre_C_Q)         0.118     2.080 r  design_1_i/AdcLVDS_Top_0/inst/u_frame/rBitslipCnt_reg[0]/Q
                         net (fo=6, routed)           0.156     2.236    design_1_i/AdcLVDS_Top_0/inst/u_frame/rBitslipCnt_reg_n_0_[0]
    SLICE_X0Y163         LUT3 (Prop_lut3_I1_O)        0.028     2.264 r  design_1_i/AdcLVDS_Top_0/inst/u_frame/rBitslipCnt[2]_i_1/O
                         net (fo=1, routed)           0.000     2.264    design_1_i/AdcLVDS_Top_0/inst/u_frame/p_1_in[2]
    SLICE_X0Y163         FDRE                                         r  design_1_i/AdcLVDS_Top_0/inst/u_frame/rBitslipCnt_reg[2]/D
  -------------------------------------------------------------------    -------------------

                         (clock clk_s rise edge)      0.000     0.000 r  
    U26                                               0.000     0.000 r  lvds_dco_0_clk_p (IN)
                         net (fo=0)                   0.000     0.000    design_1_i/AdcLVDS_Top_0/inst/u_clock/lvds_dco_p
    U26                  IBUFDS (Prop_ibufds_I_O)     0.488     0.488 r  design_1_i/AdcLVDS_Top_0/inst/u_clock/i_ibufgds_dco/O
                         net (fo=1, routed)           0.595     1.083    design_1_i/AdcLVDS_Top_0/inst/u_clock/dco_out
    BUFMRCE_X0Y9         BUFMR (Prop_bufmr_I_O)       0.034     1.117 r  design_1_i/AdcLVDS_Top_0/inst/u_clock/i_bufmr/O
                         net (fo=2, routed)           0.604     1.721    design_1_i/AdcLVDS_Top_0/inst/u_clock/dco_mr_out
    BUFR_X0Y13           BUFR (Prop_bufr_I_O)         0.251     1.972 r  design_1_i/AdcLVDS_Top_0/inst/u_clock/i_bufr/O
                         net (fo=122, routed)         0.310     2.282    design_1_i/AdcLVDS_Top_0/inst/u_frame/clk_word
    SLICE_X0Y163         FDRE                                         r  design_1_i/AdcLVDS_Top_0/inst/u_frame/rBitslipCnt_reg[2]/C
                         clock pessimism             -0.320     1.962    
    SLICE_X0Y163         FDRE (Hold_fdre_C_D)         0.087     2.049    design_1_i/AdcLVDS_Top_0/inst/u_frame/rBitslipCnt_reg[2]
  -------------------------------------------------------------------
                         required time                         -2.049    
                         arrival time                           2.264    
  -------------------------------------------------------------------
                         slack                                  0.215    

Slack (MET) :             0.234ns  (arrival time - required time)
  Source:                 design_1_i/AdcLVDS_Top_0/inst/u_frame/rFrmBitslip_reg/C
                            (rising edge-triggered cell FDRE clocked by clk_s  {rise@0.000ns fall@37.500ns period=87.500ns})
  Destination:            design_1_i/AdcLVDS_Top_0/inst/lane_gen[3].u_lane/inst_Serdes_1x14_DDR_Data_Line/ISERDESE2_inst_slave/BITSLIP
                            (rising edge-triggered cell ISERDESE2 clocked by clk_s  {rise@0.000ns fall@37.500ns period=87.500ns})
  Path Group:             clk_s
  Path Type:              Hold (Min at Fast Process Corner)
  Requirement:            0.000ns  (clk_s rise@0.000ns - clk_s rise@0.000ns)
  Data Path Delay:        0.336ns  (logic 0.118ns (35.129%)  route 0.218ns (64.871%))
  Logic Levels:           0  
  Clock Path Skew:        0.035ns (DCD - SCD - CPR)
    Destination Clock Delay (DCD):    2.277ns
    Source Clock Delay      (SCD):    1.962ns
    Clock Pessimism Removal (CPR):    0.280ns

    Location             Delay type                Incr(ns)  Path(ns)    Netlist Resource(s)
  -------------------------------------------------------------------    -------------------
                         (clock clk_s rise edge)      0.000     0.000 r  
    U26                                               0.000     0.000 r  lvds_dco_0_clk_p (IN)
                         net (fo=0)                   0.000     0.000    design_1_i/AdcLVDS_Top_0/inst/u_clock/lvds_dco_p
    U26                  IBUFDS (Prop_ibufds_I_O)     0.415     0.415 r  design_1_i/AdcLVDS_Top_0/inst/u_clock/i_ibufgds_dco/O
                         net (fo=1, routed)           0.492     0.907    design_1_i/AdcLVDS_Top_0/inst/u_clock/dco_out
    BUFMRCE_X0Y9         BUFMR (Prop_bufmr_I_O)       0.030     0.937 r  design_1_i/AdcLVDS_Top_0/inst/u_clock/i_bufmr/O
                         net (fo=2, routed)           0.532     1.469    design_1_i/AdcLVDS_Top_0/inst/u_clock/dco_mr_out
    BUFR_X0Y13           BUFR (Prop_bufr_I_O)         0.223     1.692 r  design_1_i/AdcLVDS_Top_0/inst/u_clock/i_bufr/O
                         net (fo=122, routed)         0.270     1.962    design_1_i/AdcLVDS_Top_0/inst/u_frame/clk_word
    SLICE_X0Y165         FDRE                                         r  design_1_i/AdcLVDS_Top_0/inst/u_frame/rFrmBitslip_reg/C
  -------------------------------------------------------------------    -------------------
    SLICE_X0Y165         FDRE (Prop_fdre_C_Q)         0.118     2.080 r  design_1_i/AdcLVDS_Top_0/inst/u_frame/rFrmBitslip_reg/Q
                         net (fo=16, routed)          0.218     2.298    design_1_i/AdcLVDS_Top_0/inst/lane_gen[3].u_lane/inst_Serdes_1x14_DDR_Data_Line/bitslip_cmd
    ILOGIC_X0Y165        ISERDESE2                                    r  design_1_i/AdcLVDS_Top_0/inst/lane_gen[3].u_lane/inst_Serdes_1x14_DDR_Data_Line/ISERDESE2_inst_slave/BITSLIP
  -------------------------------------------------------------------    -------------------

                         (clock clk_s rise edge)      0.000     0.000 r  
    U26                                               0.000     0.000 r  lvds_dco_0_clk_p (IN)
                         net (fo=0)                   0.000     0.000    design_1_i/AdcLVDS_Top_0/inst/u_clock/lvds_dco_p
    U26                  IBUFDS (Prop_ibufds_I_O)     0.488     0.488 r  design_1_i/AdcLVDS_Top_0/inst/u_clock/i_ibufgds_dco/O
                         net (fo=1, routed)           0.595     1.083    design_1_i/AdcLVDS_Top_0/inst/u_clock/dco_out
    BUFMRCE_X0Y9         BUFMR (Prop_bufmr_I_O)       0.034     1.117 r  design_1_i/AdcLVDS_Top_0/inst/u_clock/i_bufmr/O
                         net (fo=2, routed)           0.604     1.721    design_1_i/AdcLVDS_Top_0/inst/u_clock/dco_mr_out
    BUFR_X0Y13           BUFR (Prop_bufr_I_O)         0.251     1.972 r  design_1_i/AdcLVDS_Top_0/inst/u_clock/i_bufr/O
                         net (fo=122, routed)         0.305     2.277    design_1_i/AdcLVDS_Top_0/inst/lane_gen[3].u_lane/inst_Serdes_1x14_DDR_Data_Line/clk_word
    ILOGIC_X0Y165        ISERDESE2                                    r  design_1_i/AdcLVDS_Top_0/inst/lane_gen[3].u_lane/inst_Serdes_1x14_DDR_Data_Line/ISERDESE2_inst_slave/CLKDIV
                         clock pessimism             -0.280     1.997    
    ILOGIC_X0Y165        ISERDESE2 (Hold_iserdese2_CLKDIV_BITSLIP)
                                                      0.067     2.064    design_1_i/AdcLVDS_Top_0/inst/lane_gen[3].u_lane/inst_Serdes_1x14_DDR_Data_Line/ISERDESE2_inst_slave
  -------------------------------------------------------------------
                         required time                         -2.064    
                         arrival time                           2.298    
  -------------------------------------------------------------------
                         slack                                  0.234    

Slack (MET) :             0.282ns  (arrival time - required time)
  Source:                 design_1_i/AdcLVDS_Top_0/inst/u_frame/rFrmBitslip_reg/C
                            (rising edge-triggered cell FDRE clocked by clk_s  {rise@0.000ns fall@37.500ns period=87.500ns})
  Destination:            design_1_i/AdcLVDS_Top_0/inst/lane_gen[3].u_lane/inst_Serdes_1x14_DDR_Data_Line/ISERDESE2_inst_master/BITSLIP
                            (rising edge-triggered cell ISERDESE2 clocked by clk_s  {rise@0.000ns fall@37.500ns period=87.500ns})
  Path Group:             clk_s
  Path Type:              Hold (Min at Fast Process Corner)
  Requirement:            0.000ns  (clk_s rise@0.000ns - clk_s rise@0.000ns)
  Data Path Delay:        0.383ns  (logic 0.118ns (30.806%)  route 0.265ns (69.194%))
  Logic Levels:           0  
  Clock Path Skew:        0.034ns (DCD - SCD - CPR)
    Destination Clock Delay (DCD):    2.276ns
    Source Clock Delay      (SCD):    1.962ns
    Clock Pessimism Removal (CPR):    0.280ns

    Location             Delay type                Incr(ns)  Path(ns)    Netlist Resource(s)
  -------------------------------------------------------------------    -------------------
                         (clock clk_s rise edge)      0.000     0.000 r  
    U26                                               0.000     0.000 r  lvds_dco_0_clk_p (IN)
                         net (fo=0)                   0.000     0.000    design_1_i/AdcLVDS_Top_0/inst/u_clock/lvds_dco_p
    U26                  IBUFDS (Prop_ibufds_I_O)     0.415     0.415 r  design_1_i/AdcLVDS_Top_0/inst/u_clock/i_ibufgds_dco/O
                         net (fo=1, routed)           0.492     0.907    design_1_i/AdcLVDS_Top_0/inst/u_clock/dco_out
    BUFMRCE_X0Y9         BUFMR (Prop_bufmr_I_O)       0.030     0.937 r  design_1_i/AdcLVDS_Top_0/inst/u_clock/i_bufmr/O
                         net (fo=2, routed)           0.532     1.469    design_1_i/AdcLVDS_Top_0/inst/u_clock/dco_mr_out
    BUFR_X0Y13           BUFR (Prop_bufr_I_O)         0.223     1.692 r  design_1_i/AdcLVDS_Top_0/inst/u_clock/i_bufr/O
                         net (fo=122, routed)         0.270     1.962    design_1_i/AdcLVDS_Top_0/inst/u_frame/clk_word
    SLICE_X0Y165         FDRE                                         r  design_1_i/AdcLVDS_Top_0/inst/u_frame/rFrmBitslip_reg/C
  -------------------------------------------------------------------    -------------------
    SLICE_X0Y165         FDRE (Prop_fdre_C_Q)         0.118     2.080 r  design_1_i/AdcLVDS_Top_0/inst/u_frame/rFrmBitslip_reg/Q
                         net (fo=16, routed)          0.265     2.345    design_1_i/AdcLVDS_Top_0/inst/lane_gen[3].u_lane/inst_Serdes_1x14_DDR_Data_Line/bitslip_cmd
    ILOGIC_X0Y166        ISERDESE2                                    r  design_1_i/AdcLVDS_Top_0/inst/lane_gen[3].u_lane/inst_Serdes_1x14_DDR_Data_Line/ISERDESE2_inst_master/BITSLIP
  -------------------------------------------------------------------    -------------------

                         (clock clk_s rise edge)      0.000     0.000 r  
    U26                                               0.000     0.000 r  lvds_dco_0_clk_p (IN)
                         net (fo=0)                   0.000     0.000    design_1_i/AdcLVDS_Top_0/inst/u_clock/lvds_dco_p
    U26                  IBUFDS (Prop_ibufds_I_O)     0.488     0.488 r  design_1_i/AdcLVDS_Top_0/inst/u_clock/i_ibufgds_dco/O
                         net (fo=1, routed)           0.595     1.083    design_1_i/AdcLVDS_Top_0/inst/u_clock/dco_out
    BUFMRCE_X0Y9         BUFMR (Prop_bufmr_I_O)       0.034     1.117 r  design_1_i/AdcLVDS_Top_0/inst/u_clock/i_bufmr/O
                         net (fo=2, routed)           0.604     1.721    design_1_i/AdcLVDS_Top_0/inst/u_clock/dco_mr_out
    BUFR_X0Y13           BUFR (Prop_bufr_I_O)         0.251     1.972 r  design_1_i/AdcLVDS_Top_0/inst/u_clock/i_bufr/O
                         net (fo=122, routed)         0.304     2.276    design_1_i/AdcLVDS_Top_0/inst/lane_gen[3].u_lane/inst_Serdes_1x14_DDR_Data_Line/clk_word
    ILOGIC_X0Y166        ISERDESE2                                    r  design_1_i/AdcLVDS_Top_0/inst/lane_gen[3].u_lane/inst_Serdes_1x14_DDR_Data_Line/ISERDESE2_inst_master/CLKDIV
                         clock pessimism             -0.280     1.996    
    ILOGIC_X0Y166        ISERDESE2 (Hold_iserdese2_CLKDIV_BITSLIP)
                                                      0.067     2.063    design_1_i/AdcLVDS_Top_0/inst/lane_gen[3].u_lane/inst_Serdes_1x14_DDR_Data_Line/ISERDESE2_inst_master
  -------------------------------------------------------------------
                         required time                         -2.063    
                         arrival time                           2.345    
  -------------------------------------------------------------------
                         slack                                  0.282    

Slack (MET) :             0.307ns  (arrival time - required time)
  Source:                 design_1_i/AdcLVDS_Top_0/inst/u_frame/rBitslipCnt_reg[3]/C
                            (rising edge-triggered cell FDRE clocked by clk_s  {rise@0.000ns fall@37.500ns period=87.500ns})
  Destination:            design_1_i/AdcLVDS_Top_0/inst/u_frame/rBitslipCnt_reg[4]/D
                            (rising edge-triggered cell FDRE clocked by clk_s  {rise@0.000ns fall@37.500ns period=87.500ns})
  Path Group:             clk_s
  Path Type:              Hold (Min at Fast Process Corner)
  Requirement:            0.000ns  (clk_s rise@0.000ns - clk_s rise@0.000ns)
  Data Path Delay:        0.318ns  (logic 0.174ns (54.697%)  route 0.144ns (45.303%))
  Logic Levels:           1  (LUT5=1)
  Clock Path Skew:        0.011ns (DCD - SCD - CPR)
    Destination Clock Delay (DCD):    2.282ns
    Source Clock Delay      (SCD):    1.962ns
    Clock Pessimism Removal (CPR):    0.309ns

    Location             Delay type                Incr(ns)  Path(ns)    Netlist Resource(s)
  -------------------------------------------------------------------    -------------------
                         (clock clk_s rise edge)      0.000     0.000 r  
    U26                                               0.000     0.000 r  lvds_dco_0_clk_p (IN)
                         net (fo=0)                   0.000     0.000    design_1_i/AdcLVDS_Top_0/inst/u_clock/lvds_dco_p
    U26                  IBUFDS (Prop_ibufds_I_O)     0.415     0.415 r  design_1_i/AdcLVDS_Top_0/inst/u_clock/i_ibufgds_dco/O
                         net (fo=1, routed)           0.492     0.907    design_1_i/AdcLVDS_Top_0/inst/u_clock/dco_out
    BUFMRCE_X0Y9         BUFMR (Prop_bufmr_I_O)       0.030     0.937 r  design_1_i/AdcLVDS_Top_0/inst/u_clock/i_bufmr/O
                         net (fo=2, routed)           0.532     1.469    design_1_i/AdcLVDS_Top_0/inst/u_clock/dco_mr_out
    BUFR_X0Y13           BUFR (Prop_bufr_I_O)         0.223     1.692 r  design_1_i/AdcLVDS_Top_0/inst/u_clock/i_bufr/O
                         net (fo=122, routed)         0.270     1.962    design_1_i/AdcLVDS_Top_0/inst/u_frame/clk_word
    SLICE_X0Y163         FDRE                                         r  design_1_i/AdcLVDS_Top_0/inst/u_frame/rBitslipCnt_reg[3]/C
  -------------------------------------------------------------------    -------------------
    SLICE_X0Y163         FDRE (Prop_fdre_C_Q)         0.107     2.069 r  design_1_i/AdcLVDS_Top_0/inst/u_frame/rBitslipCnt_reg[3]/Q
                         net (fo=3, routed)           0.091     2.160    design_1_i/AdcLVDS_Top_0/inst/u_frame/rBitslipCnt_reg_n_0_[3]
    SLICE_X0Y163         LUT5 (Prop_lut5_I0_O)        0.067     2.227 r  design_1_i/AdcLVDS_Top_0/inst/u_frame/rBitslipCnt[4]_i_1/O
                         net (fo=1, routed)           0.053     2.280    design_1_i/AdcLVDS_Top_0/inst/u_frame/p_1_in[4]
    SLICE_X1Y163         FDRE                                         r  design_1_i/AdcLVDS_Top_0/inst/u_frame/rBitslipCnt_reg[4]/D
  -------------------------------------------------------------------    -------------------

                         (clock clk_s rise edge)      0.000     0.000 r  
    U26                                               0.000     0.000 r  lvds_dco_0_clk_p (IN)
                         net (fo=0)                   0.000     0.000    design_1_i/AdcLVDS_Top_0/inst/u_clock/lvds_dco_p
    U26                  IBUFDS (Prop_ibufds_I_O)     0.488     0.488 r  design_1_i/AdcLVDS_Top_0/inst/u_clock/i_ibufgds_dco/O
                         net (fo=1, routed)           0.595     1.083    design_1_i/AdcLVDS_Top_0/inst/u_clock/dco_out
    BUFMRCE_X0Y9         BUFMR (Prop_bufmr_I_O)       0.034     1.117 r  design_1_i/AdcLVDS_Top_0/inst/u_clock/i_bufmr/O
                         net (fo=2, routed)           0.604     1.721    design_1_i/AdcLVDS_Top_0/inst/u_clock/dco_mr_out
    BUFR_X0Y13           BUFR (Prop_bufr_I_O)         0.251     1.972 r  design_1_i/AdcLVDS_Top_0/inst/u_clock/i_bufr/O
                         net (fo=122, routed)         0.310     2.282    design_1_i/AdcLVDS_Top_0/inst/u_frame/clk_word
    SLICE_X1Y163         FDRE                                         r  design_1_i/AdcLVDS_Top_0/inst/u_frame/rBitslipCnt_reg[4]/C
                         clock pessimism             -0.309     1.973    
    SLICE_X1Y163         FDRE (Hold_fdre_C_D)         0.000     1.973    design_1_i/AdcLVDS_Top_0/inst/u_frame/rBitslipCnt_reg[4]
  -------------------------------------------------------------------
                         required time                         -1.973    
                         arrival time                           2.280    
  -------------------------------------------------------------------
                         slack                                  0.307    

Slack (MET) :             0.330ns  (arrival time - required time)
  Source:                 design_1_i/AdcLVDS_Top_0/inst/u_frame/rFrmBitslip_reg/C
                            (rising edge-triggered cell FDRE clocked by clk_s  {rise@0.000ns fall@37.500ns period=87.500ns})
  Destination:            design_1_i/AdcLVDS_Top_0/inst/lane_gen[6].u_lane/inst_Serdes_1x14_DDR_Data_Line/ISERDESE2_inst_slave/BITSLIP
                            (rising edge-triggered cell ISERDESE2 clocked by clk_s  {rise@0.000ns fall@37.500ns period=87.500ns})
  Path Group:             clk_s
  Path Type:              Hold (Min at Fast Process Corner)
  Requirement:            0.000ns  (clk_s rise@0.000ns - clk_s rise@0.000ns)
  Data Path Delay:        0.430ns  (logic 0.118ns (27.430%)  route 0.312ns (72.570%))
  Logic Levels:           0  
  Clock Path Skew:        0.033ns (DCD - SCD - CPR)
    Destination Clock Delay (DCD):    2.275ns
    Source Clock Delay      (SCD):    1.962ns
    Clock Pessimism Removal (CPR):    0.280ns

    Location             Delay type                Incr(ns)  Path(ns)    Netlist Resource(s)
  -------------------------------------------------------------------    -------------------
                         (clock clk_s rise edge)      0.000     0.000 r  
    U26                                               0.000     0.000 r  lvds_dco_0_clk_p (IN)
                         net (fo=0)                   0.000     0.000    design_1_i/AdcLVDS_Top_0/inst/u_clock/lvds_dco_p
    U26                  IBUFDS (Prop_ibufds_I_O)     0.415     0.415 r  design_1_i/AdcLVDS_Top_0/inst/u_clock/i_ibufgds_dco/O
                         net (fo=1, routed)           0.492     0.907    design_1_i/AdcLVDS_Top_0/inst/u_clock/dco_out
    BUFMRCE_X0Y9         BUFMR (Prop_bufmr_I_O)       0.030     0.937 r  design_1_i/AdcLVDS_Top_0/inst/u_clock/i_bufmr/O
                         net (fo=2, routed)           0.532     1.469    design_1_i/AdcLVDS_Top_0/inst/u_clock/dco_mr_out
    BUFR_X0Y13           BUFR (Prop_bufr_I_O)         0.223     1.692 r  design_1_i/AdcLVDS_Top_0/inst/u_clock/i_bufr/O
                         net (fo=122, routed)         0.270     1.962    design_1_i/AdcLVDS_Top_0/inst/u_frame/clk_word
    SLICE_X0Y165         FDRE                                         r  design_1_i/AdcLVDS_Top_0/inst/u_frame/rFrmBitslip_reg/C
  -------------------------------------------------------------------    -------------------
    SLICE_X0Y165         FDRE (Prop_fdre_C_Q)         0.118     2.080 r  design_1_i/AdcLVDS_Top_0/inst/u_frame/rFrmBitslip_reg/Q
                         net (fo=16, routed)          0.312     2.392    design_1_i/AdcLVDS_Top_0/inst/lane_gen[6].u_lane/inst_Serdes_1x14_DDR_Data_Line/bitslip_cmd
    ILOGIC_X0Y167        ISERDESE2                                    r  design_1_i/AdcLVDS_Top_0/inst/lane_gen[6].u_lane/inst_Serdes_1x14_DDR_Data_Line/ISERDESE2_inst_slave/BITSLIP
  -------------------------------------------------------------------    -------------------

                         (clock clk_s rise edge)      0.000     0.000 r  
    U26                                               0.000     0.000 r  lvds_dco_0_clk_p (IN)
                         net (fo=0)                   0.000     0.000    design_1_i/AdcLVDS_Top_0/inst/u_clock/lvds_dco_p
    U26                  IBUFDS (Prop_ibufds_I_O)     0.488     0.488 r  design_1_i/AdcLVDS_Top_0/inst/u_clock/i_ibufgds_dco/O
                         net (fo=1, routed)           0.595     1.083    design_1_i/AdcLVDS_Top_0/inst/u_clock/dco_out
    BUFMRCE_X0Y9         BUFMR (Prop_bufmr_I_O)       0.034     1.117 r  design_1_i/AdcLVDS_Top_0/inst/u_clock/i_bufmr/O
                         net (fo=2, routed)           0.604     1.721    design_1_i/AdcLVDS_Top_0/inst/u_clock/dco_mr_out
    BUFR_X0Y13           BUFR (Prop_bufr_I_O)         0.251     1.972 r  design_1_i/AdcLVDS_Top_0/inst/u_clock/i_bufr/O
                         net (fo=122, routed)         0.303     2.275    design_1_i/AdcLVDS_Top_0/inst/lane_gen[6].u_lane/inst_Serdes_1x14_DDR_Data_Line/clk_word
    ILOGIC_X0Y167        ISERDESE2                                    r  design_1_i/AdcLVDS_Top_0/inst/lane_gen[6].u_lane/inst_Serdes_1x14_DDR_Data_Line/ISERDESE2_inst_slave/CLKDIV
                         clock pessimism             -0.280     1.995    
    ILOGIC_X0Y167        ISERDESE2 (Hold_iserdese2_CLKDIV_BITSLIP)
                                                      0.067     2.062    design_1_i/AdcLVDS_Top_0/inst/lane_gen[6].u_lane/inst_Serdes_1x14_DDR_Data_Line/ISERDESE2_inst_slave
  -------------------------------------------------------------------
                         required time                         -2.062    
                         arrival time                           2.392    
  -------------------------------------------------------------------
                         slack                                  0.330    

Slack (MET) :             0.358ns  (arrival time - required time)
  Source:                 design_1_i/AdcLVDS_Top_0/inst/u_frame/rFrmBitslip_reg/C
                            (rising edge-triggered cell FDRE clocked by clk_s  {rise@0.000ns fall@37.500ns period=87.500ns})
  Destination:            design_1_i/AdcLVDS_Top_0/inst/lane_gen[4].u_lane/inst_Serdes_1x14_DDR_Data_Line/ISERDESE2_inst_master/BITSLIP
                            (rising edge-triggered cell ISERDESE2 clocked by clk_s  {rise@0.000ns fall@37.500ns period=87.500ns})
  Path Group:             clk_s
  Path Type:              Hold (Min at Fast Process Corner)
  Requirement:            0.000ns  (clk_s rise@0.000ns - clk_s rise@0.000ns)
  Data Path Delay:        0.464ns  (logic 0.118ns (25.449%)  route 0.346ns (74.551%))
  Logic Levels:           0  
  Clock Path Skew:        0.039ns (DCD - SCD - CPR)
    Destination Clock Delay (DCD):    2.281ns
    Source Clock Delay      (SCD):    1.962ns
    Clock Pessimism Removal (CPR):    0.280ns

    Location             Delay type                Incr(ns)  Path(ns)    Netlist Resource(s)
  -------------------------------------------------------------------    -------------------
                         (clock clk_s rise edge)      0.000     0.000 r  
    U26                                               0.000     0.000 r  lvds_dco_0_clk_p (IN)
                         net (fo=0)                   0.000     0.000    design_1_i/AdcLVDS_Top_0/inst/u_clock/lvds_dco_p
    U26                  IBUFDS (Prop_ibufds_I_O)     0.415     0.415 r  design_1_i/AdcLVDS_Top_0/inst/u_clock/i_ibufgds_dco/O
                         net (fo=1, routed)           0.492     0.907    design_1_i/AdcLVDS_Top_0/inst/u_clock/dco_out
    BUFMRCE_X0Y9         BUFMR (Prop_bufmr_I_O)       0.030     0.937 r  design_1_i/AdcLVDS_Top_0/inst/u_clock/i_bufmr/O
                         net (fo=2, routed)           0.532     1.469    design_1_i/AdcLVDS_Top_0/inst/u_clock/dco_mr_out
    BUFR_X0Y13           BUFR (Prop_bufr_I_O)         0.223     1.692 r  design_1_i/AdcLVDS_Top_0/inst/u_clock/i_bufr/O
                         net (fo=122, routed)         0.270     1.962    design_1_i/AdcLVDS_Top_0/inst/u_frame/clk_word
    SLICE_X0Y165         FDRE                                         r  design_1_i/AdcLVDS_Top_0/inst/u_frame/rFrmBitslip_reg/C
  -------------------------------------------------------------------    -------------------
    SLICE_X0Y165         FDRE (Prop_fdre_C_Q)         0.118     2.080 r  design_1_i/AdcLVDS_Top_0/inst/u_frame/rFrmBitslip_reg/Q
                         net (fo=16, routed)          0.346     2.426    design_1_i/AdcLVDS_Top_0/inst/lane_gen[4].u_lane/inst_Serdes_1x14_DDR_Data_Line/bitslip_cmd
    ILOGIC_X0Y160        ISERDESE2                                    r  design_1_i/AdcLVDS_Top_0/inst/lane_gen[4].u_lane/inst_Serdes_1x14_DDR_Data_Line/ISERDESE2_inst_master/BITSLIP
  -------------------------------------------------------------------    -------------------

                         (clock clk_s rise edge)      0.000     0.000 r  
    U26                                               0.000     0.000 r  lvds_dco_0_clk_p (IN)
                         net (fo=0)                   0.000     0.000    design_1_i/AdcLVDS_Top_0/inst/u_clock/lvds_dco_p
    U26                  IBUFDS (Prop_ibufds_I_O)     0.488     0.488 r  design_1_i/AdcLVDS_Top_0/inst/u_clock/i_ibufgds_dco/O
                         net (fo=1, routed)           0.595     1.083    design_1_i/AdcLVDS_Top_0/inst/u_clock/dco_out
    BUFMRCE_X0Y9         BUFMR (Prop_bufmr_I_O)       0.034     1.117 r  design_1_i/AdcLVDS_Top_0/inst/u_clock/i_bufmr/O
                         net (fo=2, routed)           0.604     1.721    design_1_i/AdcLVDS_Top_0/inst/u_clock/dco_mr_out
    BUFR_X0Y13           BUFR (Prop_bufr_I_O)         0.251     1.972 r  design_1_i/AdcLVDS_Top_0/inst/u_clock/i_bufr/O
                         net (fo=122, routed)         0.309     2.281    design_1_i/AdcLVDS_Top_0/inst/lane_gen[4].u_lane/inst_Serdes_1x14_DDR_Data_Line/clk_word
    ILOGIC_X0Y160        ISERDESE2                                    r  design_1_i/AdcLVDS_Top_0/inst/lane_gen[4].u_lane/inst_Serdes_1x14_DDR_Data_Line/ISERDESE2_inst_master/CLKDIV
                         clock pessimism             -0.280     2.001    
    ILOGIC_X0Y160        ISERDESE2 (Hold_iserdese2_CLKDIV_BITSLIP)
                                                      0.067     2.068    design_1_i/AdcLVDS_Top_0/inst/lane_gen[4].u_lane/inst_Serdes_1x14_DDR_Data_Line/ISERDESE2_inst_master
  -------------------------------------------------------------------
                         required time                         -2.068    
                         arrival time                           2.426    
  -------------------------------------------------------------------
                         slack                                  0.358    





Pulse Width Checks
--------------------------------------------------------------------------------------
Clock Name:         clk_s
Waveform(ns):       { 0.000 37.500 }
Period(ns):         87.500
Sources:            { design_1_i/AdcLVDS_Top_0/inst/u_clock/i_bufr/O }

Check Type        Corner  Lib Pin           Reference Pin  Required(ns)  Actual(ns)  Slack(ns)  Location       Pin
Min Period        n/a     ISERDESE2/CLKDIV  n/a            1.249         87.500      86.251     ILOGIC_X0Y156  design_1_i/AdcLVDS_Top_0/inst/lane_gen[0].u_lane/inst_Serdes_1x14_DDR_Data_Line/ISERDESE2_inst_master/CLKDIV
Min Period        n/a     ISERDESE2/CLKDIV  n/a            1.249         87.500      86.251     ILOGIC_X0Y155  design_1_i/AdcLVDS_Top_0/inst/lane_gen[0].u_lane/inst_Serdes_1x14_DDR_Data_Line/ISERDESE2_inst_slave/CLKDIV
Min Period        n/a     ISERDESE2/CLKDIV  n/a            1.249         87.500      86.251     ILOGIC_X0Y158  design_1_i/AdcLVDS_Top_0/inst/lane_gen[1].u_lane/inst_Serdes_1x14_DDR_Data_Line/ISERDESE2_inst_master/CLKDIV
Min Period        n/a     ISERDESE2/CLKDIV  n/a            1.249         87.500      86.251     ILOGIC_X0Y157  design_1_i/AdcLVDS_Top_0/inst/lane_gen[1].u_lane/inst_Serdes_1x14_DDR_Data_Line/ISERDESE2_inst_slave/CLKDIV
Min Period        n/a     ISERDESE2/CLKDIV  n/a            1.249         87.500      86.251     ILOGIC_X0Y154  design_1_i/AdcLVDS_Top_0/inst/lane_gen[2].u_lane/inst_Serdes_1x14_DDR_Data_Line/ISERDESE2_inst_master/CLKDIV
Min Period        n/a     ISERDESE2/CLKDIV  n/a            1.249         87.500      86.251     ILOGIC_X0Y153  design_1_i/AdcLVDS_Top_0/inst/lane_gen[2].u_lane/inst_Serdes_1x14_DDR_Data_Line/ISERDESE2_inst_slave/CLKDIV
Min Period        n/a     ISERDESE2/CLKDIV  n/a            1.249         87.500      86.251     ILOGIC_X0Y166  design_1_i/AdcLVDS_Top_0/inst/lane_gen[3].u_lane/inst_Serdes_1x14_DDR_Data_Line/ISERDESE2_inst_master/CLKDIV
Min Period        n/a     ISERDESE2/CLKDIV  n/a            1.249         87.500      86.251     ILOGIC_X0Y165  design_1_i/AdcLVDS_Top_0/inst/lane_gen[3].u_lane/inst_Serdes_1x14_DDR_Data_Line/ISERDESE2_inst_slave/CLKDIV
Min Period        n/a     ISERDESE2/CLKDIV  n/a            1.249         87.500      86.251     ILOGIC_X0Y160  design_1_i/AdcLVDS_Top_0/inst/lane_gen[4].u_lane/inst_Serdes_1x14_DDR_Data_Line/ISERDESE2_inst_master/CLKDIV
Min Period        n/a     ISERDESE2/CLKDIV  n/a            1.249         87.500      86.251     ILOGIC_X0Y159  design_1_i/AdcLVDS_Top_0/inst/lane_gen[4].u_lane/inst_Serdes_1x14_DDR_Data_Line/ISERDESE2_inst_slave/CLKDIV
Low Pulse Width   Fast    FDRE/C            n/a            0.400         50.000      49.600     SLICE_X6Y199   design_1_i/AdcLVDS_Top_0/inst/lane_gen[1].u_lane/ADCData_reg[0]/C
Low Pulse Width   Fast    FDRE/C            n/a            0.400         50.000      49.600     SLICE_X6Y199   design_1_i/AdcLVDS_Top_0/inst/lane_gen[1].u_lane/ADCData_reg[9]/C
Low Pulse Width   Fast    FDRE/C            n/a            0.400         50.000      49.600     SLICE_X6Y199   design_1_i/AdcLVDS_Top_0/inst/lane_gen[2].u_lane/ADCData_reg[0]/C
Low Pulse Width   Fast    FDRE/C            n/a            0.400         50.000      49.600     SLICE_X4Y199   design_1_i/AdcLVDS_Top_0/inst/lane_gen[2].u_lane/ADCData_reg[1]/C
Low Pulse Width   Fast    FDRE/C            n/a            0.400         50.000      49.600     SLICE_X4Y199   design_1_i/AdcLVDS_Top_0/inst/lane_gen[2].u_lane/ADCData_reg[3]/C
Low Pulse Width   Fast    FDRE/C            n/a            0.400         50.000      49.600     SLICE_X4Y199   design_1_i/AdcLVDS_Top_0/inst/lane_gen[2].u_lane/ADCData_reg[4]/C
Low Pulse Width   Fast    FDRE/C            n/a            0.400         50.000      49.600     SLICE_X4Y199   design_1_i/AdcLVDS_Top_0/inst/lane_gen[3].u_lane/ADCData_reg[4]/C
Low Pulse Width   Fast    FDRE/C            n/a            0.400         50.000      49.600     SLICE_X6Y199   design_1_i/AdcLVDS_Top_0/inst/lane_gen[3].u_lane/ADCData_reg[6]/C
Low Pulse Width   Fast    FDRE/C            n/a            0.400         50.000      49.600     SLICE_X4Y198   design_1_i/AdcLVDS_Top_0/inst/lane_gen[4].u_lane/ADCData_reg[11]/C
Low Pulse Width   Fast    FDRE/C            n/a            0.400         50.000      49.600     SLICE_X4Y198   design_1_i/AdcLVDS_Top_0/inst/lane_gen[4].u_lane/ADCData_reg[2]/C
High Pulse Width  Fast    FDRE/C            n/a            0.350         37.500      37.150     SLICE_X11Y191  design_1_i/AdcLVDS_Top_0/inst/lane_gen[0].u_lane/ADCData_reg[11]/C
High Pulse Width  Fast    FDRE/C            n/a            0.350         37.500      37.150     SLICE_X10Y199  design_1_i/AdcLVDS_Top_0/inst/lane_gen[0].u_lane/ADCData_reg[12]/C
High Pulse Width  Fast    FDRE/C            n/a            0.350         37.500      37.150     SLICE_X10Y197  design_1_i/AdcLVDS_Top_0/inst/lane_gen[1].u_lane/ADCData_reg[1]/C
High Pulse Width  Fast    FDRE/C            n/a            0.350         37.500      37.150     SLICE_X8Y195   design_1_i/AdcLVDS_Top_0/inst/lane_gen[4].u_lane/ADCData_reg[8]/C
High Pulse Width  Fast    FDRE/C            n/a            0.350         37.500      37.150     SLICE_X10Y197  design_1_i/AdcLVDS_Top_0/inst/lane_gen[6].u_lane/ADCData_reg[13]/C
High Pulse Width  Fast    FDRE/C            n/a            0.350         37.500      37.150     SLICE_X8Y195   design_1_i/AdcLVDS_Top_0/inst/lane_gen[6].u_lane/ADCData_reg[6]/C
High Pulse Width  Fast    FDRE/C            n/a            0.350         37.500      37.150     SLICE_X8Y195   design_1_i/AdcLVDS_Top_0/inst/lane_gen[6].u_lane/ADCData_reg[9]/C
High Pulse Width  Fast    FDRE/C            n/a            0.350         37.500      37.150     SLICE_X15Y198  design_1_i/AdcLVDS_Top_0/inst/lane_gen[7].u_lane/ADCData_reg[12]/C
High Pulse Width  Fast    FDRE/C            n/a            0.350         37.500      37.150     SLICE_X12Y199  design_1_i/AdcLVDS_Top_0/inst/lane_gen[7].u_lane/ADCData_reg[13]/C
High Pulse Width  Fast    FDRE/C            n/a            0.350         37.500      37.150     SLICE_X10Y199  design_1_i/AdcLVDS_Top_0/inst/lane_gen[7].u_lane/ADCData_reg[1]/C



---------------------------------------------------------------------------------------------------
From Clock:  clk_s
  To Clock:  clk_fpga_0

Setup :           64  Failing Endpoints,  Worst Slack       -0.127ns,  Total Violation       -2.305ns
Hold  :            0  Failing Endpoints,  Worst Slack        0.213ns,  Total Violation        0.000ns
---------------------------------------------------------------------------------------------------


Max Delay Paths
--------------------------------------------------------------------------------------
Slack (VIOLATED) :        -0.127ns  (required time - arrival time)
  Source:                 design_1_i/AdcLVDS_Top_0/inst/lane_gen[7].u_lane/ADCData_reg[3]/C
                            (rising edge-triggered cell FDRE clocked by clk_s  {rise@0.000ns fall@37.500ns period=87.500ns})
  Destination:            design_1_i/axi_dma_0/U0/I_PRMRY_DATAMOVER/GEN_S2MM_FULL.I_S2MM_FULL_WRAPPER/ENABLE_AXIS_SKID.I_S2MM_STRM_SKID_BUF/sig_data_skid_reg_reg[83]/D
                            (rising edge-triggered cell FDRE clocked by clk_fpga_0  {rise@0.000ns fall@5.000ns period=10.000ns})
  Path Group:             clk_fpga_0
  Path Type:              Setup (Max at Slow Process Corner)
  Requirement:            2.500ns  (clk_fpga_0 rise@90.000ns - clk_s rise@87.500ns)
  Data Path Delay:        0.634ns  (logic 0.259ns (40.839%)  route 0.375ns (59.161%))
  Logic Levels:           0  
  Clock Path Skew:        -1.831ns (DCD - SCD + CPR)
    Destination Clock Delay (DCD):    2.608ns = ( 92.608 - 90.000 ) 
    Source Clock Delay      (SCD):    4.439ns = ( 91.939 - 87.500 ) 
    Clock Pessimism Removal (CPR):    0.000ns
  Clock Uncertainty:      0.154ns  ((TSJ^2 + TIJ^2)^1/2 + DJ) / 2 + PE
    Total System Jitter     (TSJ):    0.071ns
    Total Input Jitter      (TIJ):    0.300ns
    Discrete Jitter          (DJ):    0.000ns
    Phase Error              (PE):    0.000ns
  Clock Domain Crossing:  Inter clock paths are considered valid unless explicitly excluded by timing constraints such as set_clock_groups or set_false_path.

    Location             Delay type                Incr(ns)  Path(ns)    Netlist Resource(s)
  -------------------------------------------------------------------    -------------------
                         (clock clk_s rise edge)     87.500    87.500 r  
    U26                                               0.000    87.500 r  lvds_dco_0_clk_p (IN)
                         net (fo=0)                   0.000    87.500    design_1_i/AdcLVDS_Top_0/inst/u_clock/lvds_dco_p
    U26                  IBUFDS (Prop_ibufds_I_O)     0.791    88.291 r  design_1_i/AdcLVDS_Top_0/inst/u_clock/i_ibufgds_dco/O
                         net (fo=1, routed)           1.040    89.331    design_1_i/AdcLVDS_Top_0/inst/u_clock/dco_out
    BUFMRCE_X0Y9         BUFMR (Prop_bufmr_I_O)       0.085    89.416 r  design_1_i/AdcLVDS_Top_0/inst/u_clock/i_bufmr/O
                         net (fo=2, routed)           1.239    90.655    design_1_i/AdcLVDS_Top_0/inst/u_clock/dco_mr_out
    BUFR_X0Y13           BUFR (Prop_bufr_I_O)         0.650    91.305 r  design_1_i/AdcLVDS_Top_0/inst/u_clock/i_bufr/O
                         net (fo=122, routed)         0.634    91.939    design_1_i/AdcLVDS_Top_0/inst/lane_gen[7].u_lane/clk_word
    SLICE_X8Y198         FDRE                                         r  design_1_i/AdcLVDS_Top_0/inst/lane_gen[7].u_lane/ADCData_reg[3]/C
  -------------------------------------------------------------------    -------------------
    SLICE_X8Y198         FDRE (Prop_fdre_C_Q)         0.259    92.198 r  design_1_i/AdcLVDS_Top_0/inst/lane_gen[7].u_lane/ADCData_reg[3]/Q
                         net (fo=4, routed)           0.375    92.573    design_1_i/axi_dma_0/U0/I_PRMRY_DATAMOVER/GEN_S2MM_FULL.I_S2MM_FULL_WRAPPER/ENABLE_AXIS_SKID.I_S2MM_STRM_SKID_BUF/s_axis_s2mm_tdata[83]
    SLICE_X11Y198        FDRE                                         r  design_1_i/axi_dma_0/U0/I_PRMRY_DATAMOVER/GEN_S2MM_FULL.I_S2MM_FULL_WRAPPER/ENABLE_AXIS_SKID.I_S2MM_STRM_SKID_BUF/sig_data_skid_reg_reg[83]/D
  -------------------------------------------------------------------    -------------------

                         (clock clk_fpga_0 rise edge)
                                                     90.000    90.000 r  
    PS7_X0Y0             PS7                          0.000    90.000 r  design_1_i/processing_system7_0/inst/PS7_i/FCLKCLK[0]
                         net (fo=1, routed)           1.294    91.294    design_1_i/processing_system7_0/inst/FCLK_CLK_unbuffered[0]
    BUFGCTRL_X0Y16       BUFG (Prop_bufg_I_O)         0.083    91.377 r  design_1_i/processing_system7_0/inst/buffer_fclk_clk_0.FCLK_CLK_0_BUFG/O
                         net (fo=3740, routed)        1.231    92.608    design_1_i/axi_dma_0/U0/I_PRMRY_DATAMOVER/GEN_S2MM_FULL.I_S2MM_FULL_WRAPPER/ENABLE_AXIS_SKID.I_S2MM_STRM_SKID_BUF/m_axi_s2mm_aclk
    SLICE_X11Y198        FDRE                                         r  design_1_i/axi_dma_0/U0/I_PRMRY_DATAMOVER/GEN_S2MM_FULL.I_S2MM_FULL_WRAPPER/ENABLE_AXIS_SKID.I_S2MM_STRM_SKID_BUF/sig_data_skid_reg_reg[83]/C
                         clock pessimism              0.000    92.608    
                         clock uncertainty           -0.154    92.454    
    SLICE_X11Y198        FDRE (Setup_fdre_C_D)       -0.008    92.446    design_1_i/axi_dma_0/U0/I_PRMRY_DATAMOVER/GEN_S2MM_FULL.I_S2MM_FULL_WRAPPER/ENABLE_AXIS_SKID.I_S2MM_STRM_SKID_BUF/sig_data_skid_reg_reg[83]
  -------------------------------------------------------------------
                         required time                         92.446    
                         arrival time                         -92.573    
  -------------------------------------------------------------------
                         slack                                 -0.127    

Slack (VIOLATED) :        -0.087ns  (required time - arrival time)
  Source:                 design_1_i/AdcLVDS_Top_0/inst/lane_gen[4].u_lane/ADCData_reg[13]/C
                            (rising edge-triggered cell FDRE clocked by clk_s  {rise@0.000ns fall@37.500ns period=87.500ns})
  Destination:            design_1_i/axi_dma_0/U0/I_PRMRY_DATAMOVER/GEN_S2MM_FULL.I_S2MM_FULL_WRAPPER/ENABLE_AXIS_SKID.I_S2MM_STRM_SKID_BUF/sig_data_skid_reg_reg[77]/D
                            (rising edge-triggered cell FDRE clocked by clk_fpga_0  {rise@0.000ns fall@5.000ns period=10.000ns})
  Path Group:             clk_fpga_0
  Path Type:              Setup (Max at Slow Process Corner)
  Requirement:            2.500ns  (clk_fpga_0 rise@90.000ns - clk_s rise@87.500ns)
  Data Path Delay:        0.592ns  (logic 0.259ns (43.752%)  route 0.333ns (56.248%))
  Logic Levels:           0  
  Clock Path Skew:        -1.831ns (DCD - SCD + CPR)
    Destination Clock Delay (DCD):    2.608ns = ( 92.608 - 90.000 ) 
    Source Clock Delay      (SCD):    4.439ns = ( 91.939 - 87.500 ) 
    Clock Pessimism Removal (CPR):    0.000ns
  Clock Uncertainty:      0.154ns  ((TSJ^2 + TIJ^2)^1/2 + DJ) / 2 + PE
    Total System Jitter     (TSJ):    0.071ns
    Total Input Jitter      (TIJ):    0.300ns
    Discrete Jitter          (DJ):    0.000ns
    Phase Error              (PE):    0.000ns
  Clock Domain Crossing:  Inter clock paths are considered valid unless explicitly excluded by timing constraints such as set_clock_groups or set_false_path.

    Location             Delay type                Incr(ns)  Path(ns)    Netlist Resource(s)
  -------------------------------------------------------------------    -------------------
                         (clock clk_s rise edge)     87.500    87.500 r  
    U26                                               0.000    87.500 r  lvds_dco_0_clk_p (IN)
                         net (fo=0)                   0.000    87.500    design_1_i/AdcLVDS_Top_0/inst/u_clock/lvds_dco_p
    U26                  IBUFDS (Prop_ibufds_I_O)     0.791    88.291 r  design_1_i/AdcLVDS_Top_0/inst/u_clock/i_ibufgds_dco/O
                         net (fo=1, routed)           1.040    89.331    design_1_i/AdcLVDS_Top_0/inst/u_clock/dco_out
    BUFMRCE_X0Y9         BUFMR (Prop_bufmr_I_O)       0.085    89.416 r  design_1_i/AdcLVDS_Top_0/inst/u_clock/i_bufmr/O
                         net (fo=2, routed)           1.239    90.655    design_1_i/AdcLVDS_Top_0/inst/u_clock/dco_mr_out
    BUFR_X0Y13           BUFR (Prop_bufr_I_O)         0.650    91.305 r  design_1_i/AdcLVDS_Top_0/inst/u_clock/i_bufr/O
                         net (fo=122, routed)         0.634    91.939    design_1_i/AdcLVDS_Top_0/inst/lane_gen[4].u_lane/clk_word
    SLICE_X8Y198         FDRE                                         r  design_1_i/AdcLVDS_Top_0/inst/lane_gen[4].u_lane/ADCData_reg[13]/C
  -------------------------------------------------------------------    -------------------
    SLICE_X8Y198         FDRE (Prop_fdre_C_Q)         0.259    92.198 r  design_1_i/AdcLVDS_Top_0/inst/lane_gen[4].u_lane/ADCData_reg[13]/Q
                         net (fo=6, routed)           0.333    92.531    design_1_i/axi_dma_0/U0/I_PRMRY_DATAMOVER/GEN_S2MM_FULL.I_S2MM_FULL_WRAPPER/ENABLE_AXIS_SKID.I_S2MM_STRM_SKID_BUF/s_axis_s2mm_tdata[77]
    SLICE_X9Y199         FDRE                                         r  design_1_i/axi_dma_0/U0/I_PRMRY_DATAMOVER/GEN_S2MM_FULL.I_S2MM_FULL_WRAPPER/ENABLE_AXIS_SKID.I_S2MM_STRM_SKID_BUF/sig_data_skid_reg_reg[77]/D
  -------------------------------------------------------------------    -------------------

                         (clock clk_fpga_0 rise edge)
                                                     90.000    90.000 r  
    PS7_X0Y0             PS7                          0.000    90.000 r  design_1_i/processing_system7_0/inst/PS7_i/FCLKCLK[0]
                         net (fo=1, routed)           1.294    91.294    design_1_i/processing_system7_0/inst/FCLK_CLK_unbuffered[0]
    BUFGCTRL_X0Y16       BUFG (Prop_bufg_I_O)         0.083    91.377 r  design_1_i/processing_system7_0/inst/buffer_fclk_clk_0.FCLK_CLK_0_BUFG/O
                         net (fo=3740, routed)        1.231    92.608    design_1_i/axi_dma_0/U0/I_PRMRY_DATAMOVER/GEN_S2MM_FULL.I_S2MM_FULL_WRAPPER/ENABLE_AXIS_SKID.I_S2MM_STRM_SKID_BUF/m_axi_s2mm_aclk
    SLICE_X9Y199         FDRE                                         r  design_1_i/axi_dma_0/U0/I_PRMRY_DATAMOVER/GEN_S2MM_FULL.I_S2MM_FULL_WRAPPER/ENABLE_AXIS_SKID.I_S2MM_STRM_SKID_BUF/sig_data_skid_reg_reg[77]/C
                         clock pessimism              0.000    92.608    
                         clock uncertainty           -0.154    92.454    
    SLICE_X9Y199         FDRE (Setup_fdre_C_D)       -0.010    92.444    design_1_i/axi_dma_0/U0/I_PRMRY_DATAMOVER/GEN_S2MM_FULL.I_S2MM_FULL_WRAPPER/ENABLE_AXIS_SKID.I_S2MM_STRM_SKID_BUF/sig_data_skid_reg_reg[77]
  -------------------------------------------------------------------
                         required time                         92.444    
                         arrival time                         -92.531    
  -------------------------------------------------------------------
                         slack                                 -0.087    

Slack (VIOLATED) :        -0.084ns  (required time - arrival time)
  Source:                 design_1_i/AdcLVDS_Top_0/inst/lane_gen[7].u_lane/ADCData_reg[13]/C
                            (rising edge-triggered cell FDRE clocked by clk_s  {rise@0.000ns fall@37.500ns period=87.500ns})
  Destination:            design_1_i/axi_dma_0/U0/I_PRMRY_DATAMOVER/GEN_S2MM_FULL.I_S2MM_FULL_WRAPPER/ENABLE_AXIS_SKID.I_S2MM_STRM_SKID_BUF/sig_data_reg_out_reg[125]/D
                            (rising edge-triggered cell FDRE clocked by clk_fpga_0  {rise@0.000ns fall@5.000ns period=10.000ns})
  Path Group:             clk_fpga_0
  Path Type:              Setup (Max at Slow Process Corner)
  Requirement:            2.500ns  (clk_fpga_0 rise@90.000ns - clk_s rise@87.500ns)
  Data Path Delay:        0.660ns  (logic 0.302ns (45.779%)  route 0.358ns (54.221%))
  Logic Levels:           1  (LUT3=1)
  Clock Path Skew:        -1.834ns (DCD - SCD + CPR)
    Destination Clock Delay (DCD):    2.608ns = ( 92.608 - 90.000 ) 
    Source Clock Delay      (SCD):    4.442ns = ( 91.942 - 87.500 ) 
    Clock Pessimism Removal (CPR):    0.000ns
  Clock Uncertainty:      0.154ns  ((TSJ^2 + TIJ^2)^1/2 + DJ) / 2 + PE
    Total System Jitter     (TSJ):    0.071ns
    Total Input Jitter      (TIJ):    0.300ns
    Discrete Jitter          (DJ):    0.000ns
    Phase Error              (PE):    0.000ns
  Clock Domain Crossing:  Inter clock paths are considered valid unless explicitly excluded by timing constraints such as set_clock_groups or set_false_path.

    Location             Delay type                Incr(ns)  Path(ns)    Netlist Resource(s)
  -------------------------------------------------------------------    -------------------
                         (clock clk_s rise edge)     87.500    87.500 r  
    U26                                               0.000    87.500 r  lvds_dco_0_clk_p (IN)
                         net (fo=0)                   0.000    87.500    design_1_i/AdcLVDS_Top_0/inst/u_clock/lvds_dco_p
    U26                  IBUFDS (Prop_ibufds_I_O)     0.791    88.291 r  design_1_i/AdcLVDS_Top_0/inst/u_clock/i_ibufgds_dco/O
                         net (fo=1, routed)           1.040    89.331    design_1_i/AdcLVDS_Top_0/inst/u_clock/dco_out
    BUFMRCE_X0Y9         BUFMR (Prop_bufmr_I_O)       0.085    89.416 r  design_1_i/AdcLVDS_Top_0/inst/u_clock/i_bufmr/O
                         net (fo=2, routed)           1.239    90.655    design_1_i/AdcLVDS_Top_0/inst/u_clock/dco_mr_out
    BUFR_X0Y13           BUFR (Prop_bufr_I_O)         0.650    91.305 r  design_1_i/AdcLVDS_Top_0/inst/u_clock/i_bufr/O
                         net (fo=122, routed)         0.637    91.942    design_1_i/AdcLVDS_Top_0/inst/lane_gen[7].u_lane/clk_word
    SLICE_X12Y199        FDRE                                         r  design_1_i/AdcLVDS_Top_0/inst/lane_gen[7].u_lane/ADCData_reg[13]/C
  -------------------------------------------------------------------    -------------------
    SLICE_X12Y199        FDRE (Prop_fdre_C_Q)         0.259    92.201 r  design_1_i/AdcLVDS_Top_0/inst/lane_gen[7].u_lane/ADCData_reg[13]/Q
                         net (fo=12, routed)          0.358    92.559    design_1_i/axi_dma_0/U0/I_PRMRY_DATAMOVER/GEN_S2MM_FULL.I_S2MM_FULL_WRAPPER/ENABLE_AXIS_SKID.I_S2MM_STRM_SKID_BUF/s_axis_s2mm_tdata[125]
    SLICE_X12Y198        LUT3 (Prop_lut3_I0_O)        0.043    92.602 r  design_1_i/axi_dma_0/U0/I_PRMRY_DATAMOVER/GEN_S2MM_FULL.I_S2MM_FULL_WRAPPER/ENABLE_AXIS_SKID.I_S2MM_STRM_SKID_BUF/sig_data_reg_out[125]_i_1/O
                         net (fo=1, routed)           0.000    92.602    design_1_i/axi_dma_0/U0/I_PRMRY_DATAMOVER/GEN_S2MM_FULL.I_S2MM_FULL_WRAPPER/ENABLE_AXIS_SKID.I_S2MM_STRM_SKID_BUF/sig_data_skid_mux_out[125]
    SLICE_X12Y198        FDRE                                         r  design_1_i/axi_dma_0/U0/I_PRMRY_DATAMOVER/GEN_S2MM_FULL.I_S2MM_FULL_WRAPPER/ENABLE_AXIS_SKID.I_S2MM_STRM_SKID_BUF/sig_data_reg_out_reg[125]/D
  -------------------------------------------------------------------    -------------------

                         (clock clk_fpga_0 rise edge)
                                                     90.000    90.000 r  
    PS7_X0Y0             PS7                          0.000    90.000 r  design_1_i/processing_system7_0/inst/PS7_i/FCLKCLK[0]
                         net (fo=1, routed)           1.294    91.294    design_1_i/processing_system7_0/inst/FCLK_CLK_unbuffered[0]
    BUFGCTRL_X0Y16       BUFG (Prop_bufg_I_O)         0.083    91.377 r  design_1_i/processing_system7_0/inst/buffer_fclk_clk_0.FCLK_CLK_0_BUFG/O
                         net (fo=3740, routed)        1.231    92.608    design_1_i/axi_dma_0/U0/I_PRMRY_DATAMOVER/GEN_S2MM_FULL.I_S2MM_FULL_WRAPPER/ENABLE_AXIS_SKID.I_S2MM_STRM_SKID_BUF/m_axi_s2mm_aclk
    SLICE_X12Y198        FDRE                                         r  design_1_i/axi_dma_0/U0/I_PRMRY_DATAMOVER/GEN_S2MM_FULL.I_S2MM_FULL_WRAPPER/ENABLE_AXIS_SKID.I_S2MM_STRM_SKID_BUF/sig_data_reg_out_reg[125]/C
                         clock pessimism              0.000    92.608    
                         clock uncertainty           -0.154    92.454    
    SLICE_X12Y198        FDRE (Setup_fdre_C_D)        0.064    92.518    design_1_i/axi_dma_0/U0/I_PRMRY_DATAMOVER/GEN_S2MM_FULL.I_S2MM_FULL_WRAPPER/ENABLE_AXIS_SKID.I_S2MM_STRM_SKID_BUF/sig_data_reg_out_reg[125]
  -------------------------------------------------------------------
                         required time                         92.518    
                         arrival time                         -92.602    
  -------------------------------------------------------------------
                         slack                                 -0.084    

Slack (VIOLATED) :        -0.084ns  (required time - arrival time)
  Source:                 design_1_i/AdcLVDS_Top_0/inst/lane_gen[7].u_lane/ADCData_reg[5]/C
                            (rising edge-triggered cell FDRE clocked by clk_s  {rise@0.000ns fall@37.500ns period=87.500ns})
  Destination:            design_1_i/axi_dma_0/U0/I_PRMRY_DATAMOVER/GEN_S2MM_FULL.I_S2MM_FULL_WRAPPER/ENABLE_AXIS_SKID.I_S2MM_STRM_SKID_BUF/sig_data_skid_reg_reg[117]/D
                            (rising edge-triggered cell FDRE clocked by clk_fpga_0  {rise@0.000ns fall@5.000ns period=10.000ns})
  Path Group:             clk_fpga_0
  Path Type:              Setup (Max at Slow Process Corner)
  Requirement:            2.500ns  (clk_fpga_0 rise@90.000ns - clk_s rise@87.500ns)
  Data Path Delay:        0.589ns  (logic 0.259ns (44.001%)  route 0.330ns (55.999%))
  Logic Levels:           0  
  Clock Path Skew:        -1.832ns (DCD - SCD + CPR)
    Destination Clock Delay (DCD):    2.608ns = ( 92.608 - 90.000 ) 
    Source Clock Delay      (SCD):    4.440ns = ( 91.940 - 87.500 ) 
    Clock Pessimism Removal (CPR):    0.000ns
  Clock Uncertainty:      0.154ns  ((TSJ^2 + TIJ^2)^1/2 + DJ) / 2 + PE
    Total System Jitter     (TSJ):    0.071ns
    Total Input Jitter      (TIJ):    0.300ns
    Discrete Jitter          (DJ):    0.000ns
    Phase Error              (PE):    0.000ns
  Clock Domain Crossing:  Inter clock paths are considered valid unless explicitly excluded by timing constraints such as set_clock_groups or set_false_path.

    Location             Delay type                Incr(ns)  Path(ns)    Netlist Resource(s)
  -------------------------------------------------------------------    -------------------
                         (clock clk_s rise edge)     87.500    87.500 r  
    U26                                               0.000    87.500 r  lvds_dco_0_clk_p (IN)
                         net (fo=0)                   0.000    87.500    design_1_i/AdcLVDS_Top_0/inst/u_clock/lvds_dco_p
    U26                  IBUFDS (Prop_ibufds_I_O)     0.791    88.291 r  design_1_i/AdcLVDS_Top_0/inst/u_clock/i_ibufgds_dco/O
                         net (fo=1, routed)           1.040    89.331    design_1_i/AdcLVDS_Top_0/inst/u_clock/dco_out
    BUFMRCE_X0Y9         BUFMR (Prop_bufmr_I_O)       0.085    89.416 r  design_1_i/AdcLVDS_Top_0/inst/u_clock/i_bufmr/O
                         net (fo=2, routed)           1.239    90.655    design_1_i/AdcLVDS_Top_0/inst/u_clock/dco_mr_out
    BUFR_X0Y13           BUFR (Prop_bufr_I_O)         0.650    91.305 r  design_1_i/AdcLVDS_Top_0/inst/u_clock/i_bufr/O
                         net (fo=122, routed)         0.635    91.940    design_1_i/AdcLVDS_Top_0/inst/lane_gen[7].u_lane/clk_word
    SLICE_X10Y199        FDRE                                         r  design_1_i/AdcLVDS_Top_0/inst/lane_gen[7].u_lane/ADCData_reg[5]/C
  -------------------------------------------------------------------    -------------------
    SLICE_X10Y199        FDRE (Prop_fdre_C_Q)         0.259    92.199 r  design_1_i/AdcLVDS_Top_0/inst/lane_gen[7].u_lane/ADCData_reg[5]/Q
                         net (fo=4, routed)           0.330    92.529    design_1_i/axi_dma_0/U0/I_PRMRY_DATAMOVER/GEN_S2MM_FULL.I_S2MM_FULL_WRAPPER/ENABLE_AXIS_SKID.I_S2MM_STRM_SKID_BUF/s_axis_s2mm_tdata[117]
    SLICE_X9Y199         FDRE                                         r  design_1_i/axi_dma_0/U0/I_PRMRY_DATAMOVER/GEN_S2MM_FULL.I_S2MM_FULL_WRAPPER/ENABLE_AXIS_SKID.I_S2MM_STRM_SKID_BUF/sig_data_skid_reg_reg[117]/D
  -------------------------------------------------------------------    -------------------

                         (clock clk_fpga_0 rise edge)
                                                     90.000    90.000 r  
    PS7_X0Y0             PS7                          0.000    90.000 r  design_1_i/processing_system7_0/inst/PS7_i/FCLKCLK[0]
                         net (fo=1, routed)           1.294    91.294    design_1_i/processing_system7_0/inst/FCLK_CLK_unbuffered[0]
    BUFGCTRL_X0Y16       BUFG (Prop_bufg_I_O)         0.083    91.377 r  design_1_i/processing_system7_0/inst/buffer_fclk_clk_0.FCLK_CLK_0_BUFG/O
                         net (fo=3740, routed)        1.231    92.608    design_1_i/axi_dma_0/U0/I_PRMRY_DATAMOVER/GEN_S2MM_FULL.I_S2MM_FULL_WRAPPER/ENABLE_AXIS_SKID.I_S2MM_STRM_SKID_BUF/m_axi_s2mm_aclk
    SLICE_X9Y199         FDRE                                         r  design_1_i/axi_dma_0/U0/I_PRMRY_DATAMOVER/GEN_S2MM_FULL.I_S2MM_FULL_WRAPPER/ENABLE_AXIS_SKID.I_S2MM_STRM_SKID_BUF/sig_data_skid_reg_reg[117]/C
                         clock pessimism              0.000    92.608    
                         clock uncertainty           -0.154    92.454    
    SLICE_X9Y199         FDRE (Setup_fdre_C_D)       -0.009    92.445    design_1_i/axi_dma_0/U0/I_PRMRY_DATAMOVER/GEN_S2MM_FULL.I_S2MM_FULL_WRAPPER/ENABLE_AXIS_SKID.I_S2MM_STRM_SKID_BUF/sig_data_skid_reg_reg[117]
  -------------------------------------------------------------------
                         required time                         92.445    
                         arrival time                         -92.529    
  -------------------------------------------------------------------
                         slack                                 -0.084    

Slack (VIOLATED) :        -0.081ns  (required time - arrival time)
  Source:                 design_1_i/AdcLVDS_Top_0/inst/lane_gen[7].u_lane/ADCData_reg[13]/C
                            (rising edge-triggered cell FDRE clocked by clk_s  {rise@0.000ns fall@37.500ns period=87.500ns})
  Destination:            design_1_i/axi_dma_0/U0/I_PRMRY_DATAMOVER/GEN_S2MM_FULL.I_S2MM_FULL_WRAPPER/ENABLE_AXIS_SKID.I_S2MM_STRM_SKID_BUF/sig_data_reg_out_reg[95]/D
                            (rising edge-triggered cell FDRE clocked by clk_fpga_0  {rise@0.000ns fall@5.000ns period=10.000ns})
  Path Group:             clk_fpga_0
  Path Type:              Setup (Max at Slow Process Corner)
  Requirement:            2.500ns  (clk_fpga_0 rise@90.000ns - clk_s rise@87.500ns)
  Data Path Delay:        0.658ns  (logic 0.302ns (45.919%)  route 0.356ns (54.081%))
  Logic Levels:           1  (LUT3=1)
  Clock Path Skew:        -1.834ns (DCD - SCD + CPR)
    Destination Clock Delay (DCD):    2.608ns = ( 92.608 - 90.000 ) 
    Source Clock Delay      (SCD):    4.442ns = ( 91.942 - 87.500 ) 
    Clock Pessimism Removal (CPR):    0.000ns
  Clock Uncertainty:      0.154ns  ((TSJ^2 + TIJ^2)^1/2 + DJ) / 2 + PE
    Total System Jitter     (TSJ):    0.071ns
    Total Input Jitter      (TIJ):    0.300ns
    Discrete Jitter          (DJ):    0.000ns
    Phase Error              (PE):    0.000ns
  Clock Domain Crossing:  Inter clock paths are considered valid unless explicitly excluded by timing constraints such as set_clock_groups or set_false_path.

    Location             Delay type                Incr(ns)  Path(ns)    Netlist Resource(s)
  -------------------------------------------------------------------    -------------------
                         (clock clk_s rise edge)     87.500    87.500 r  
    U26                                               0.000    87.500 r  lvds_dco_0_clk_p (IN)
                         net (fo=0)                   0.000    87.500    design_1_i/AdcLVDS_Top_0/inst/u_clock/lvds_dco_p
    U26                  IBUFDS (Prop_ibufds_I_O)     0.791    88.291 r  design_1_i/AdcLVDS_Top_0/inst/u_clock/i_ibufgds_dco/O
                         net (fo=1, routed)           1.040    89.331    design_1_i/AdcLVDS_Top_0/inst/u_clock/dco_out
    BUFMRCE_X0Y9         BUFMR (Prop_bufmr_I_O)       0.085    89.416 r  design_1_i/AdcLVDS_Top_0/inst/u_clock/i_bufmr/O
                         net (fo=2, routed)           1.239    90.655    design_1_i/AdcLVDS_Top_0/inst/u_clock/dco_mr_out
    BUFR_X0Y13           BUFR (Prop_bufr_I_O)         0.650    91.305 r  design_1_i/AdcLVDS_Top_0/inst/u_clock/i_bufr/O
                         net (fo=122, routed)         0.637    91.942    design_1_i/AdcLVDS_Top_0/inst/lane_gen[7].u_lane/clk_word
    SLICE_X12Y199        FDRE                                         r  design_1_i/AdcLVDS_Top_0/inst/lane_gen[7].u_lane/ADCData_reg[13]/C
  -------------------------------------------------------------------    -------------------
    SLICE_X12Y199        FDRE (Prop_fdre_C_Q)         0.259    92.201 r  design_1_i/AdcLVDS_Top_0/inst/lane_gen[7].u_lane/ADCData_reg[13]/Q
                         net (fo=12, routed)          0.356    92.557    design_1_i/axi_dma_0/U0/I_PRMRY_DATAMOVER/GEN_S2MM_FULL.I_S2MM_FULL_WRAPPER/ENABLE_AXIS_SKID.I_S2MM_STRM_SKID_BUF/s_axis_s2mm_tdata[95]
    SLICE_X12Y198        LUT3 (Prop_lut3_I0_O)        0.043    92.600 r  design_1_i/axi_dma_0/U0/I_PRMRY_DATAMOVER/GEN_S2MM_FULL.I_S2MM_FULL_WRAPPER/ENABLE_AXIS_SKID.I_S2MM_STRM_SKID_BUF/sig_data_reg_out[95]_i_1/O
                         net (fo=1, routed)           0.000    92.600    design_1_i/axi_dma_0/U0/I_PRMRY_DATAMOVER/GEN_S2MM_FULL.I_S2MM_FULL_WRAPPER/ENABLE_AXIS_SKID.I_S2MM_STRM_SKID_BUF/sig_data_skid_mux_out[95]
    SLICE_X12Y198        FDRE                                         r  design_1_i/axi_dma_0/U0/I_PRMRY_DATAMOVER/GEN_S2MM_FULL.I_S2MM_FULL_WRAPPER/ENABLE_AXIS_SKID.I_S2MM_STRM_SKID_BUF/sig_data_reg_out_reg[95]/D
  -------------------------------------------------------------------    -------------------

                         (clock clk_fpga_0 rise edge)
                                                     90.000    90.000 r  
    PS7_X0Y0             PS7                          0.000    90.000 r  design_1_i/processing_system7_0/inst/PS7_i/FCLKCLK[0]
                         net (fo=1, routed)           1.294    91.294    design_1_i/processing_system7_0/inst/FCLK_CLK_unbuffered[0]
    BUFGCTRL_X0Y16       BUFG (Prop_bufg_I_O)         0.083    91.377 r  design_1_i/processing_system7_0/inst/buffer_fclk_clk_0.FCLK_CLK_0_BUFG/O
                         net (fo=3740, routed)        1.231    92.608    design_1_i/axi_dma_0/U0/I_PRMRY_DATAMOVER/GEN_S2MM_FULL.I_S2MM_FULL_WRAPPER/ENABLE_AXIS_SKID.I_S2MM_STRM_SKID_BUF/m_axi_s2mm_aclk
    SLICE_X12Y198        FDRE                                         r  design_1_i/axi_dma_0/U0/I_PRMRY_DATAMOVER/GEN_S2MM_FULL.I_S2MM_FULL_WRAPPER/ENABLE_AXIS_SKID.I_S2MM_STRM_SKID_BUF/sig_data_reg_out_reg[95]/C
                         clock pessimism              0.000    92.608    
                         clock uncertainty           -0.154    92.454    
    SLICE_X12Y198        FDRE (Setup_fdre_C_D)        0.065    92.519    design_1_i/axi_dma_0/U0/I_PRMRY_DATAMOVER/GEN_S2MM_FULL.I_S2MM_FULL_WRAPPER/ENABLE_AXIS_SKID.I_S2MM_STRM_SKID_BUF/sig_data_reg_out_reg[95]
  -------------------------------------------------------------------
                         required time                         92.519    
                         arrival time                         -92.600    
  -------------------------------------------------------------------
                         slack                                 -0.081    

Slack (VIOLATED) :        -0.075ns  (required time - arrival time)
  Source:                 design_1_i/AdcLVDS_Top_0/inst/lane_gen[7].u_lane/ADCData_reg[4]/C
                            (rising edge-triggered cell FDRE clocked by clk_s  {rise@0.000ns fall@37.500ns period=87.500ns})
  Destination:            design_1_i/axi_dma_0/U0/I_PRMRY_DATAMOVER/GEN_S2MM_FULL.I_S2MM_FULL_WRAPPER/ENABLE_AXIS_SKID.I_S2MM_STRM_SKID_BUF/sig_data_reg_out_reg[84]/D
                            (rising edge-triggered cell FDRE clocked by clk_fpga_0  {rise@0.000ns fall@5.000ns period=10.000ns})
  Path Group:             clk_fpga_0
  Path Type:              Setup (Max at Slow Process Corner)
  Requirement:            2.500ns  (clk_fpga_0 rise@90.000ns - clk_s rise@87.500ns)
  Data Path Delay:        0.621ns  (logic 0.302ns (48.657%)  route 0.319ns (51.343%))
  Logic Levels:           1  (LUT3=1)
  Clock Path Skew:        -1.834ns (DCD - SCD + CPR)
    Destination Clock Delay (DCD):    2.608ns = ( 92.608 - 90.000 ) 
    Source Clock Delay      (SCD):    4.442ns = ( 91.942 - 87.500 ) 
    Clock Pessimism Removal (CPR):    0.000ns
  Clock Uncertainty:      0.154ns  ((TSJ^2 + TIJ^2)^1/2 + DJ) / 2 + PE
    Total System Jitter     (TSJ):    0.071ns
    Total Input Jitter      (TIJ):    0.300ns
    Discrete Jitter          (DJ):    0.000ns
    Phase Error              (PE):    0.000ns
  Clock Domain Crossing:  Inter clock paths are considered valid unless explicitly excluded by timing constraints such as set_clock_groups or set_false_path.

    Location             Delay type                Incr(ns)  Path(ns)    Netlist Resource(s)
  -------------------------------------------------------------------    -------------------
                         (clock clk_s rise edge)     87.500    87.500 r  
    U26                                               0.000    87.500 r  lvds_dco_0_clk_p (IN)
                         net (fo=0)                   0.000    87.500    design_1_i/AdcLVDS_Top_0/inst/u_clock/lvds_dco_p
    U26                  IBUFDS (Prop_ibufds_I_O)     0.791    88.291 r  design_1_i/AdcLVDS_Top_0/inst/u_clock/i_ibufgds_dco/O
                         net (fo=1, routed)           1.040    89.331    design_1_i/AdcLVDS_Top_0/inst/u_clock/dco_out
    BUFMRCE_X0Y9         BUFMR (Prop_bufmr_I_O)       0.085    89.416 r  design_1_i/AdcLVDS_Top_0/inst/u_clock/i_bufmr/O
                         net (fo=2, routed)           1.239    90.655    design_1_i/AdcLVDS_Top_0/inst/u_clock/dco_mr_out
    BUFR_X0Y13           BUFR (Prop_bufr_I_O)         0.650    91.305 r  design_1_i/AdcLVDS_Top_0/inst/u_clock/i_bufr/O
                         net (fo=122, routed)         0.637    91.942    design_1_i/AdcLVDS_Top_0/inst/lane_gen[7].u_lane/clk_word
    SLICE_X12Y199        FDRE                                         r  design_1_i/AdcLVDS_Top_0/inst/lane_gen[7].u_lane/ADCData_reg[4]/C
  -------------------------------------------------------------------    -------------------
    SLICE_X12Y199        FDRE (Prop_fdre_C_Q)         0.259    92.201 r  design_1_i/AdcLVDS_Top_0/inst/lane_gen[7].u_lane/ADCData_reg[4]/Q
                         net (fo=4, routed)           0.319    92.520    design_1_i/axi_dma_0/U0/I_PRMRY_DATAMOVER/GEN_S2MM_FULL.I_S2MM_FULL_WRAPPER/ENABLE_AXIS_SKID.I_S2MM_STRM_SKID_BUF/s_axis_s2mm_tdata[84]
    SLICE_X13Y197        LUT3 (Prop_lut3_I0_O)        0.043    92.563 r  design_1_i/axi_dma_0/U0/I_PRMRY_DATAMOVER/GEN_S2MM_FULL.I_S2MM_FULL_WRAPPER/ENABLE_AXIS_SKID.I_S2MM_STRM_SKID_BUF/sig_data_reg_out[84]_i_1/O
                         net (fo=1, routed)           0.000    92.563    design_1_i/axi_dma_0/U0/I_PRMRY_DATAMOVER/GEN_S2MM_FULL.I_S2MM_FULL_WRAPPER/ENABLE_AXIS_SKID.I_S2MM_STRM_SKID_BUF/sig_data_skid_mux_out[84]
    SLICE_X13Y197        FDRE                                         r  design_1_i/axi_dma_0/U0/I_PRMRY_DATAMOVER/GEN_S2MM_FULL.I_S2MM_FULL_WRAPPER/ENABLE_AXIS_SKID.I_S2MM_STRM_SKID_BUF/sig_data_reg_out_reg[84]/D
  -------------------------------------------------------------------    -------------------

                         (clock clk_fpga_0 rise edge)
                                                     90.000    90.000 r  
    PS7_X0Y0             PS7                          0.000    90.000 r  design_1_i/processing_system7_0/inst/PS7_i/FCLKCLK[0]
                         net (fo=1, routed)           1.294    91.294    design_1_i/processing_system7_0/inst/FCLK_CLK_unbuffered[0]
    BUFGCTRL_X0Y16       BUFG (Prop_bufg_I_O)         0.083    91.377 r  design_1_i/processing_system7_0/inst/buffer_fclk_clk_0.FCLK_CLK_0_BUFG/O
                         net (fo=3740, routed)        1.231    92.608    design_1_i/axi_dma_0/U0/I_PRMRY_DATAMOVER/GEN_S2MM_FULL.I_S2MM_FULL_WRAPPER/ENABLE_AXIS_SKID.I_S2MM_STRM_SKID_BUF/m_axi_s2mm_aclk
    SLICE_X13Y197        FDRE                                         r  design_1_i/axi_dma_0/U0/I_PRMRY_DATAMOVER/GEN_S2MM_FULL.I_S2MM_FULL_WRAPPER/ENABLE_AXIS_SKID.I_S2MM_STRM_SKID_BUF/sig_data_reg_out_reg[84]/C
                         clock pessimism              0.000    92.608    
                         clock uncertainty           -0.154    92.454    
    SLICE_X13Y197        FDRE (Setup_fdre_C_D)        0.034    92.488    design_1_i/axi_dma_0/U0/I_PRMRY_DATAMOVER/GEN_S2MM_FULL.I_S2MM_FULL_WRAPPER/ENABLE_AXIS_SKID.I_S2MM_STRM_SKID_BUF/sig_data_reg_out_reg[84]
  -------------------------------------------------------------------
                         required time                         92.488    
                         arrival time                         -92.563    
  -------------------------------------------------------------------
                         slack                                 -0.075    

Slack (VIOLATED) :        -0.074ns  (required time - arrival time)
  Source:                 design_1_i/AdcLVDS_Top_0/inst/lane_gen[7].u_lane/ADCData_reg[3]/C
                            (rising edge-triggered cell FDRE clocked by clk_s  {rise@0.000ns fall@37.500ns period=87.500ns})
  Destination:            design_1_i/axi_dma_0/U0/I_PRMRY_DATAMOVER/GEN_S2MM_FULL.I_S2MM_FULL_WRAPPER/ENABLE_AXIS_SKID.I_S2MM_STRM_SKID_BUF/sig_data_skid_reg_reg[115]/D
                            (rising edge-triggered cell FDRE clocked by clk_fpga_0  {rise@0.000ns fall@5.000ns period=10.000ns})
  Path Group:             clk_fpga_0
  Path Type:              Setup (Max at Slow Process Corner)
  Requirement:            2.500ns  (clk_fpga_0 rise@90.000ns - clk_s rise@87.500ns)
  Data Path Delay:        0.558ns  (logic 0.259ns (46.399%)  route 0.299ns (53.601%))
  Logic Levels:           0  
  Clock Path Skew:        -1.831ns (DCD - SCD + CPR)
    Destination Clock Delay (DCD):    2.608ns = ( 92.608 - 90.000 ) 
    Source Clock Delay      (SCD):    4.439ns = ( 91.939 - 87.500 ) 
    Clock Pessimism Removal (CPR):    0.000ns
  Clock Uncertainty:      0.154ns  ((TSJ^2 + TIJ^2)^1/2 + DJ) / 2 + PE
    Total System Jitter     (TSJ):    0.071ns
    Total Input Jitter      (TIJ):    0.300ns
    Discrete Jitter          (DJ):    0.000ns
    Phase Error              (PE):    0.000ns
  Clock Domain Crossing:  Inter clock paths are considered valid unless explicitly excluded by timing constraints such as set_clock_groups or set_false_path.

    Location             Delay type                Incr(ns)  Path(ns)    Netlist Resource(s)
  -------------------------------------------------------------------    -------------------
                         (clock clk_s rise edge)     87.500    87.500 r  
    U26                                               0.000    87.500 r  lvds_dco_0_clk_p (IN)
                         net (fo=0)                   0.000    87.500    design_1_i/AdcLVDS_Top_0/inst/u_clock/lvds_dco_p
    U26                  IBUFDS (Prop_ibufds_I_O)     0.791    88.291 r  design_1_i/AdcLVDS_Top_0/inst/u_clock/i_ibufgds_dco/O
                         net (fo=1, routed)           1.040    89.331    design_1_i/AdcLVDS_Top_0/inst/u_clock/dco_out
    BUFMRCE_X0Y9         BUFMR (Prop_bufmr_I_O)       0.085    89.416 r  design_1_i/AdcLVDS_Top_0/inst/u_clock/i_bufmr/O
                         net (fo=2, routed)           1.239    90.655    design_1_i/AdcLVDS_Top_0/inst/u_clock/dco_mr_out
    BUFR_X0Y13           BUFR (Prop_bufr_I_O)         0.650    91.305 r  design_1_i/AdcLVDS_Top_0/inst/u_clock/i_bufr/O
                         net (fo=122, routed)         0.634    91.939    design_1_i/AdcLVDS_Top_0/inst/lane_gen[7].u_lane/clk_word
    SLICE_X8Y198         FDRE                                         r  design_1_i/AdcLVDS_Top_0/inst/lane_gen[7].u_lane/ADCData_reg[3]/C
  -------------------------------------------------------------------    -------------------
    SLICE_X8Y198         FDRE (Prop_fdre_C_Q)         0.259    92.198 r  design_1_i/AdcLVDS_Top_0/inst/lane_gen[7].u_lane/ADCData_reg[3]/Q
                         net (fo=4, routed)           0.299    92.497    design_1_i/axi_dma_0/U0/I_PRMRY_DATAMOVER/GEN_S2MM_FULL.I_S2MM_FULL_WRAPPER/ENABLE_AXIS_SKID.I_S2MM_STRM_SKID_BUF/s_axis_s2mm_tdata[115]
    SLICE_X11Y198        FDRE                                         r  design_1_i/axi_dma_0/U0/I_PRMRY_DATAMOVER/GEN_S2MM_FULL.I_S2MM_FULL_WRAPPER/ENABLE_AXIS_SKID.I_S2MM_STRM_SKID_BUF/sig_data_skid_reg_reg[115]/D
  -------------------------------------------------------------------    -------------------

                         (clock clk_fpga_0 rise edge)
                                                     90.000    90.000 r  
    PS7_X0Y0             PS7                          0.000    90.000 r  design_1_i/processing_system7_0/inst/PS7_i/FCLKCLK[0]
                         net (fo=1, routed)           1.294    91.294    design_1_i/processing_system7_0/inst/FCLK_CLK_unbuffered[0]
    BUFGCTRL_X0Y16       BUFG (Prop_bufg_I_O)         0.083    91.377 r  design_1_i/processing_system7_0/inst/buffer_fclk_clk_0.FCLK_CLK_0_BUFG/O
                         net (fo=3740, routed)        1.231    92.608    design_1_i/axi_dma_0/U0/I_PRMRY_DATAMOVER/GEN_S2MM_FULL.I_S2MM_FULL_WRAPPER/ENABLE_AXIS_SKID.I_S2MM_STRM_SKID_BUF/m_axi_s2mm_aclk
    SLICE_X11Y198        FDRE                                         r  design_1_i/axi_dma_0/U0/I_PRMRY_DATAMOVER/GEN_S2MM_FULL.I_S2MM_FULL_WRAPPER/ENABLE_AXIS_SKID.I_S2MM_STRM_SKID_BUF/sig_data_skid_reg_reg[115]/C
                         clock pessimism              0.000    92.608    
                         clock uncertainty           -0.154    92.454    
    SLICE_X11Y198        FDRE (Setup_fdre_C_D)       -0.031    92.423    design_1_i/axi_dma_0/U0/I_PRMRY_DATAMOVER/GEN_S2MM_FULL.I_S2MM_FULL_WRAPPER/ENABLE_AXIS_SKID.I_S2MM_STRM_SKID_BUF/sig_data_skid_reg_reg[115]
  -------------------------------------------------------------------
                         required time                         92.423    
                         arrival time                         -92.497    
  -------------------------------------------------------------------
                         slack                                 -0.074    

Slack (VIOLATED) :        -0.074ns  (required time - arrival time)
  Source:                 design_1_i/AdcLVDS_Top_0/inst/lane_gen[7].u_lane/ADCData_reg[13]/C
                            (rising edge-triggered cell FDRE clocked by clk_s  {rise@0.000ns fall@37.500ns period=87.500ns})
  Destination:            design_1_i/axi_dma_0/U0/I_PRMRY_DATAMOVER/GEN_S2MM_FULL.I_S2MM_FULL_WRAPPER/ENABLE_AXIS_SKID.I_S2MM_STRM_SKID_BUF/sig_data_reg_out_reg[126]/D
                            (rising edge-triggered cell FDRE clocked by clk_fpga_0  {rise@0.000ns fall@5.000ns period=10.000ns})
  Path Group:             clk_fpga_0
  Path Type:              Setup (Max at Slow Process Corner)
  Requirement:            2.500ns  (clk_fpga_0 rise@90.000ns - clk_s rise@87.500ns)
  Data Path Delay:        0.619ns  (logic 0.302ns (48.816%)  route 0.317ns (51.184%))
  Logic Levels:           1  (LUT3=1)
  Clock Path Skew:        -1.834ns (DCD - SCD + CPR)
    Destination Clock Delay (DCD):    2.608ns = ( 92.608 - 90.000 ) 
    Source Clock Delay      (SCD):    4.442ns = ( 91.942 - 87.500 ) 
    Clock Pessimism Removal (CPR):    0.000ns
  Clock Uncertainty:      0.154ns  ((TSJ^2 + TIJ^2)^1/2 + DJ) / 2 + PE
    Total System Jitter     (TSJ):    0.071ns
    Total Input Jitter      (TIJ):    0.300ns
    Discrete Jitter          (DJ):    0.000ns
    Phase Error              (PE):    0.000ns
  Clock Domain Crossing:  Inter clock paths are considered valid unless explicitly excluded by timing constraints such as set_clock_groups or set_false_path.

    Location             Delay type                Incr(ns)  Path(ns)    Netlist Resource(s)
  -------------------------------------------------------------------    -------------------
                         (clock clk_s rise edge)     87.500    87.500 r  
    U26                                               0.000    87.500 r  lvds_dco_0_clk_p (IN)
                         net (fo=0)                   0.000    87.500    design_1_i/AdcLVDS_Top_0/inst/u_clock/lvds_dco_p
    U26                  IBUFDS (Prop_ibufds_I_O)     0.791    88.291 r  design_1_i/AdcLVDS_Top_0/inst/u_clock/i_ibufgds_dco/O
                         net (fo=1, routed)           1.040    89.331    design_1_i/AdcLVDS_Top_0/inst/u_clock/dco_out
    BUFMRCE_X0Y9         BUFMR (Prop_bufmr_I_O)       0.085    89.416 r  design_1_i/AdcLVDS_Top_0/inst/u_clock/i_bufmr/O
                         net (fo=2, routed)           1.239    90.655    design_1_i/AdcLVDS_Top_0/inst/u_clock/dco_mr_out
    BUFR_X0Y13           BUFR (Prop_bufr_I_O)         0.650    91.305 r  design_1_i/AdcLVDS_Top_0/inst/u_clock/i_bufr/O
                         net (fo=122, routed)         0.637    91.942    design_1_i/AdcLVDS_Top_0/inst/lane_gen[7].u_lane/clk_word
    SLICE_X12Y199        FDRE                                         r  design_1_i/AdcLVDS_Top_0/inst/lane_gen[7].u_lane/ADCData_reg[13]/C
  -------------------------------------------------------------------    -------------------
    SLICE_X12Y199        FDRE (Prop_fdre_C_Q)         0.259    92.201 r  design_1_i/AdcLVDS_Top_0/inst/lane_gen[7].u_lane/ADCData_reg[13]/Q
                         net (fo=12, routed)          0.317    92.518    design_1_i/axi_dma_0/U0/I_PRMRY_DATAMOVER/GEN_S2MM_FULL.I_S2MM_FULL_WRAPPER/ENABLE_AXIS_SKID.I_S2MM_STRM_SKID_BUF/s_axis_s2mm_tdata[126]
    SLICE_X13Y197        LUT3 (Prop_lut3_I0_O)        0.043    92.561 r  design_1_i/axi_dma_0/U0/I_PRMRY_DATAMOVER/GEN_S2MM_FULL.I_S2MM_FULL_WRAPPER/ENABLE_AXIS_SKID.I_S2MM_STRM_SKID_BUF/sig_data_reg_out[126]_i_1/O
                         net (fo=1, routed)           0.000    92.561    design_1_i/axi_dma_0/U0/I_PRMRY_DATAMOVER/GEN_S2MM_FULL.I_S2MM_FULL_WRAPPER/ENABLE_AXIS_SKID.I_S2MM_STRM_SKID_BUF/sig_data_skid_mux_out[126]
    SLICE_X13Y197        FDRE                                         r  design_1_i/axi_dma_0/U0/I_PRMRY_DATAMOVER/GEN_S2MM_FULL.I_S2MM_FULL_WRAPPER/ENABLE_AXIS_SKID.I_S2MM_STRM_SKID_BUF/sig_data_reg_out_reg[126]/D
  -------------------------------------------------------------------    -------------------

                         (clock clk_fpga_0 rise edge)
                                                     90.000    90.000 r  
    PS7_X0Y0             PS7                          0.000    90.000 r  design_1_i/processing_system7_0/inst/PS7_i/FCLKCLK[0]
                         net (fo=1, routed)           1.294    91.294    design_1_i/processing_system7_0/inst/FCLK_CLK_unbuffered[0]
    BUFGCTRL_X0Y16       BUFG (Prop_bufg_I_O)         0.083    91.377 r  design_1_i/processing_system7_0/inst/buffer_fclk_clk_0.FCLK_CLK_0_BUFG/O
                         net (fo=3740, routed)        1.231    92.608    design_1_i/axi_dma_0/U0/I_PRMRY_DATAMOVER/GEN_S2MM_FULL.I_S2MM_FULL_WRAPPER/ENABLE_AXIS_SKID.I_S2MM_STRM_SKID_BUF/m_axi_s2mm_aclk
    SLICE_X13Y197        FDRE                                         r  design_1_i/axi_dma_0/U0/I_PRMRY_DATAMOVER/GEN_S2MM_FULL.I_S2MM_FULL_WRAPPER/ENABLE_AXIS_SKID.I_S2MM_STRM_SKID_BUF/sig_data_reg_out_reg[126]/C
                         clock pessimism              0.000    92.608    
                         clock uncertainty           -0.154    92.454    
    SLICE_X13Y197        FDRE (Setup_fdre_C_D)        0.033    92.487    design_1_i/axi_dma_0/U0/I_PRMRY_DATAMOVER/GEN_S2MM_FULL.I_S2MM_FULL_WRAPPER/ENABLE_AXIS_SKID.I_S2MM_STRM_SKID_BUF/sig_data_reg_out_reg[126]
  -------------------------------------------------------------------
                         required time                         92.487    
                         arrival time                         -92.561    
  -------------------------------------------------------------------
                         slack                                 -0.074    

Slack (VIOLATED) :        -0.073ns  (required time - arrival time)
  Source:                 design_1_i/AdcLVDS_Top_0/inst/lane_gen[7].u_lane/ADCData_reg[4]/C
                            (rising edge-triggered cell FDRE clocked by clk_s  {rise@0.000ns fall@37.500ns period=87.500ns})
  Destination:            design_1_i/axi_dma_0/U0/I_PRMRY_DATAMOVER/GEN_S2MM_FULL.I_S2MM_FULL_WRAPPER/ENABLE_AXIS_SKID.I_S2MM_STRM_SKID_BUF/sig_data_skid_reg_reg[116]/D
                            (rising edge-triggered cell FDRE clocked by clk_fpga_0  {rise@0.000ns fall@5.000ns period=10.000ns})
  Path Group:             clk_fpga_0
  Path Type:              Setup (Max at Slow Process Corner)
  Requirement:            2.500ns  (clk_fpga_0 rise@90.000ns - clk_s rise@87.500ns)
  Data Path Delay:        0.577ns  (logic 0.259ns (44.883%)  route 0.318ns (55.117%))
  Logic Levels:           0  
  Clock Path Skew:        -1.834ns (DCD - SCD + CPR)
    Destination Clock Delay (DCD):    2.608ns = ( 92.608 - 90.000 ) 
    Source Clock Delay      (SCD):    4.442ns = ( 91.942 - 87.500 ) 
    Clock Pessimism Removal (CPR):    0.000ns
  Clock Uncertainty:      0.154ns  ((TSJ^2 + TIJ^2)^1/2 + DJ) / 2 + PE
    Total System Jitter     (TSJ):    0.071ns
    Total Input Jitter      (TIJ):    0.300ns
    Discrete Jitter          (DJ):    0.000ns
    Phase Error              (PE):    0.000ns
  Clock Domain Crossing:  Inter clock paths are considered valid unless explicitly excluded by timing constraints such as set_clock_groups or set_false_path.

    Location             Delay type                Incr(ns)  Path(ns)    Netlist Resource(s)
  -------------------------------------------------------------------    -------------------
                         (clock clk_s rise edge)     87.500    87.500 r  
    U26                                               0.000    87.500 r  lvds_dco_0_clk_p (IN)
                         net (fo=0)                   0.000    87.500    design_1_i/AdcLVDS_Top_0/inst/u_clock/lvds_dco_p
    U26                  IBUFDS (Prop_ibufds_I_O)     0.791    88.291 r  design_1_i/AdcLVDS_Top_0/inst/u_clock/i_ibufgds_dco/O
                         net (fo=1, routed)           1.040    89.331    design_1_i/AdcLVDS_Top_0/inst/u_clock/dco_out
    BUFMRCE_X0Y9         BUFMR (Prop_bufmr_I_O)       0.085    89.416 r  design_1_i/AdcLVDS_Top_0/inst/u_clock/i_bufmr/O
                         net (fo=2, routed)           1.239    90.655    design_1_i/AdcLVDS_Top_0/inst/u_clock/dco_mr_out
    BUFR_X0Y13           BUFR (Prop_bufr_I_O)         0.650    91.305 r  design_1_i/AdcLVDS_Top_0/inst/u_clock/i_bufr/O
                         net (fo=122, routed)         0.637    91.942    design_1_i/AdcLVDS_Top_0/inst/lane_gen[7].u_lane/clk_word
    SLICE_X12Y199        FDRE                                         r  design_1_i/AdcLVDS_Top_0/inst/lane_gen[7].u_lane/ADCData_reg[4]/C
  -------------------------------------------------------------------    -------------------
    SLICE_X12Y199        FDRE (Prop_fdre_C_Q)         0.259    92.201 r  design_1_i/AdcLVDS_Top_0/inst/lane_gen[7].u_lane/ADCData_reg[4]/Q
                         net (fo=4, routed)           0.318    92.519    design_1_i/axi_dma_0/U0/I_PRMRY_DATAMOVER/GEN_S2MM_FULL.I_S2MM_FULL_WRAPPER/ENABLE_AXIS_SKID.I_S2MM_STRM_SKID_BUF/s_axis_s2mm_tdata[116]
    SLICE_X13Y198        FDRE                                         r  design_1_i/axi_dma_0/U0/I_PRMRY_DATAMOVER/GEN_S2MM_FULL.I_S2MM_FULL_WRAPPER/ENABLE_AXIS_SKID.I_S2MM_STRM_SKID_BUF/sig_data_skid_reg_reg[116]/D
  -------------------------------------------------------------------    -------------------

                         (clock clk_fpga_0 rise edge)
                                                     90.000    90.000 r  
    PS7_X0Y0             PS7                          0.000    90.000 r  design_1_i/processing_system7_0/inst/PS7_i/FCLKCLK[0]
                         net (fo=1, routed)           1.294    91.294    design_1_i/processing_system7_0/inst/FCLK_CLK_unbuffered[0]
    BUFGCTRL_X0Y16       BUFG (Prop_bufg_I_O)         0.083    91.377 r  design_1_i/processing_system7_0/inst/buffer_fclk_clk_0.FCLK_CLK_0_BUFG/O
                         net (fo=3740, routed)        1.231    92.608    design_1_i/axi_dma_0/U0/I_PRMRY_DATAMOVER/GEN_S2MM_FULL.I_S2MM_FULL_WRAPPER/ENABLE_AXIS_SKID.I_S2MM_STRM_SKID_BUF/m_axi_s2mm_aclk
    SLICE_X13Y198        FDRE                                         r  design_1_i/axi_dma_0/U0/I_PRMRY_DATAMOVER/GEN_S2MM_FULL.I_S2MM_FULL_WRAPPER/ENABLE_AXIS_SKID.I_S2MM_STRM_SKID_BUF/sig_data_skid_reg_reg[116]/C
                         clock pessimism              0.000    92.608    
                         clock uncertainty           -0.154    92.454    
    SLICE_X13Y198        FDRE (Setup_fdre_C_D)       -0.008    92.446    design_1_i/axi_dma_0/U0/I_PRMRY_DATAMOVER/GEN_S2MM_FULL.I_S2MM_FULL_WRAPPER/ENABLE_AXIS_SKID.I_S2MM_STRM_SKID_BUF/sig_data_skid_reg_reg[116]
  -------------------------------------------------------------------
                         required time                         92.446    
                         arrival time                         -92.519    
  -------------------------------------------------------------------
                         slack                                 -0.073    

Slack (VIOLATED) :        -0.071ns  (required time - arrival time)
  Source:                 design_1_i/AdcLVDS_Top_0/inst/lane_gen[6].u_lane/ADCData_reg[6]/C
                            (rising edge-triggered cell FDRE clocked by clk_s  {rise@0.000ns fall@37.500ns period=87.500ns})
  Destination:            design_1_i/axi_dma_0/U0/I_PRMRY_DATAMOVER/GEN_S2MM_FULL.I_S2MM_FULL_WRAPPER/ENABLE_AXIS_SKID.I_S2MM_STRM_SKID_BUF/sig_data_skid_reg_reg[102]/D
                            (rising edge-triggered cell FDRE clocked by clk_fpga_0  {rise@0.000ns fall@5.000ns period=10.000ns})
  Path Group:             clk_fpga_0
  Path Type:              Setup (Max at Slow Process Corner)
  Requirement:            2.500ns  (clk_fpga_0 rise@90.000ns - clk_s rise@87.500ns)
  Data Path Delay:        0.564ns  (logic 0.259ns (45.927%)  route 0.305ns (54.073%))
  Logic Levels:           0  
  Clock Path Skew:        -1.831ns (DCD - SCD + CPR)
    Destination Clock Delay (DCD):    2.608ns = ( 92.608 - 90.000 ) 
    Source Clock Delay      (SCD):    4.439ns = ( 91.939 - 87.500 ) 
    Clock Pessimism Removal (CPR):    0.000ns
  Clock Uncertainty:      0.154ns  ((TSJ^2 + TIJ^2)^1/2 + DJ) / 2 + PE
    Total System Jitter     (TSJ):    0.071ns
    Total Input Jitter      (TIJ):    0.300ns
    Discrete Jitter          (DJ):    0.000ns
    Phase Error              (PE):    0.000ns
  Clock Domain Crossing:  Inter clock paths are considered valid unless explicitly excluded by timing constraints such as set_clock_groups or set_false_path.

    Location             Delay type                Incr(ns)  Path(ns)    Netlist Resource(s)
  -------------------------------------------------------------------    -------------------
                         (clock clk_s rise edge)     87.500    87.500 r  
    U26                                               0.000    87.500 r  lvds_dco_0_clk_p (IN)
                         net (fo=0)                   0.000    87.500    design_1_i/AdcLVDS_Top_0/inst/u_clock/lvds_dco_p
    U26                  IBUFDS (Prop_ibufds_I_O)     0.791    88.291 r  design_1_i/AdcLVDS_Top_0/inst/u_clock/i_ibufgds_dco/O
                         net (fo=1, routed)           1.040    89.331    design_1_i/AdcLVDS_Top_0/inst/u_clock/dco_out
    BUFMRCE_X0Y9         BUFMR (Prop_bufmr_I_O)       0.085    89.416 r  design_1_i/AdcLVDS_Top_0/inst/u_clock/i_bufmr/O
                         net (fo=2, routed)           1.239    90.655    design_1_i/AdcLVDS_Top_0/inst/u_clock/dco_mr_out
    BUFR_X0Y13           BUFR (Prop_bufr_I_O)         0.650    91.305 r  design_1_i/AdcLVDS_Top_0/inst/u_clock/i_bufr/O
                         net (fo=122, routed)         0.634    91.939    design_1_i/AdcLVDS_Top_0/inst/lane_gen[6].u_lane/clk_word
    SLICE_X8Y195         FDRE                                         r  design_1_i/AdcLVDS_Top_0/inst/lane_gen[6].u_lane/ADCData_reg[6]/C
  -------------------------------------------------------------------    -------------------
    SLICE_X8Y195         FDRE (Prop_fdre_C_Q)         0.259    92.198 r  design_1_i/AdcLVDS_Top_0/inst/lane_gen[6].u_lane/ADCData_reg[6]/Q
                         net (fo=2, routed)           0.305    92.503    design_1_i/axi_dma_0/U0/I_PRMRY_DATAMOVER/GEN_S2MM_FULL.I_S2MM_FULL_WRAPPER/ENABLE_AXIS_SKID.I_S2MM_STRM_SKID_BUF/s_axis_s2mm_tdata[102]
    SLICE_X9Y194         FDRE                                         r  design_1_i/axi_dma_0/U0/I_PRMRY_DATAMOVER/GEN_S2MM_FULL.I_S2MM_FULL_WRAPPER/ENABLE_AXIS_SKID.I_S2MM_STRM_SKID_BUF/sig_data_skid_reg_reg[102]/D
  -------------------------------------------------------------------    -------------------

                         (clock clk_fpga_0 rise edge)
                                                     90.000    90.000 r  
    PS7_X0Y0             PS7                          0.000    90.000 r  design_1_i/processing_system7_0/inst/PS7_i/FCLKCLK[0]
                         net (fo=1, routed)           1.294    91.294    design_1_i/processing_system7_0/inst/FCLK_CLK_unbuffered[0]
    BUFGCTRL_X0Y16       BUFG (Prop_bufg_I_O)         0.083    91.377 r  design_1_i/processing_system7_0/inst/buffer_fclk_clk_0.FCLK_CLK_0_BUFG/O
                         net (fo=3740, routed)        1.231    92.608    design_1_i/axi_dma_0/U0/I_PRMRY_DATAMOVER/GEN_S2MM_FULL.I_S2MM_FULL_WRAPPER/ENABLE_AXIS_SKID.I_S2MM_STRM_SKID_BUF/m_axi_s2mm_aclk
    SLICE_X9Y194         FDRE                                         r  design_1_i/axi_dma_0/U0/I_PRMRY_DATAMOVER/GEN_S2MM_FULL.I_S2MM_FULL_WRAPPER/ENABLE_AXIS_SKID.I_S2MM_STRM_SKID_BUF/sig_data_skid_reg_reg[102]/C
                         clock pessimism              0.000    92.608    
                         clock uncertainty           -0.154    92.454    
    SLICE_X9Y194         FDRE (Setup_fdre_C_D)       -0.022    92.432    design_1_i/axi_dma_0/U0/I_PRMRY_DATAMOVER/GEN_S2MM_FULL.I_S2MM_FULL_WRAPPER/ENABLE_AXIS_SKID.I_S2MM_STRM_SKID_BUF/sig_data_skid_reg_reg[102]
  -------------------------------------------------------------------
                         required time                         92.432    
                         arrival time                         -92.503    
  -------------------------------------------------------------------
                         slack                                 -0.071    





Min Delay Paths
--------------------------------------------------------------------------------------
Slack (MET) :             0.213ns  (arrival time - required time)
  Source:                 design_1_i/AdcLVDS_Top_0/inst/lane_gen[2].u_lane/ADCData_reg[5]/C
                            (rising edge-triggered cell FDRE clocked by clk_s  {rise@0.000ns fall@37.500ns period=87.500ns})
  Destination:            design_1_i/axi_dma_0/U0/I_PRMRY_DATAMOVER/GEN_S2MM_FULL.I_S2MM_FULL_WRAPPER/ENABLE_AXIS_SKID.I_S2MM_STRM_SKID_BUF/sig_data_reg_out_reg[37]/D
                            (rising edge-triggered cell FDRE clocked by clk_fpga_0  {rise@0.000ns fall@5.000ns period=10.000ns})
  Path Group:             clk_fpga_0
  Path Type:              Hold (Min at Fast Process Corner)
  Requirement:            0.000ns  (clk_fpga_0 rise@0.000ns - clk_s rise@0.000ns)
  Data Path Delay:        0.191ns  (logic 0.128ns (66.970%)  route 0.063ns (33.030%))
  Logic Levels:           1  (LUT3=1)
  Clock Path Skew:        -0.263ns (DCD - SCD - CPR)
    Destination Clock Delay (DCD):    1.703ns
    Source Clock Delay      (SCD):    1.966ns
    Clock Pessimism Removal (CPR):    -0.000ns
  Clock Uncertainty:      0.154ns  ((TSJ^2 + TIJ^2)^1/2 + DJ) / 2 + PE
    Total System Jitter     (TSJ):    0.071ns
    Total Input Jitter      (TIJ):    0.300ns
    Discrete Jitter          (DJ):    0.000ns
    Phase Error              (PE):    0.000ns
  Clock Domain Crossing:  Inter clock paths are considered valid unless explicitly excluded by timing constraints such as set_clock_groups or set_false_path.

    Location             Delay type                Incr(ns)  Path(ns)    Netlist Resource(s)
  -------------------------------------------------------------------    -------------------
                         (clock clk_s rise edge)      0.000     0.000 r  
    U26                                               0.000     0.000 r  lvds_dco_0_clk_p (IN)
                         net (fo=0)                   0.000     0.000    design_1_i/AdcLVDS_Top_0/inst/u_clock/lvds_dco_p
    U26                  IBUFDS (Prop_ibufds_I_O)     0.415     0.415 r  design_1_i/AdcLVDS_Top_0/inst/u_clock/i_ibufgds_dco/O
                         net (fo=1, routed)           0.492     0.907    design_1_i/AdcLVDS_Top_0/inst/u_clock/dco_out
    BUFMRCE_X0Y9         BUFMR (Prop_bufmr_I_O)       0.030     0.937 r  design_1_i/AdcLVDS_Top_0/inst/u_clock/i_bufmr/O
                         net (fo=2, routed)           0.532     1.469    design_1_i/AdcLVDS_Top_0/inst/u_clock/dco_mr_out
    BUFR_X0Y13           BUFR (Prop_bufr_I_O)         0.223     1.692 r  design_1_i/AdcLVDS_Top_0/inst/u_clock/i_bufr/O
                         net (fo=122, routed)         0.274     1.966    design_1_i/AdcLVDS_Top_0/inst/lane_gen[2].u_lane/clk_word
    SLICE_X5Y194         FDRE                                         r  design_1_i/AdcLVDS_Top_0/inst/lane_gen[2].u_lane/ADCData_reg[5]/C
  -------------------------------------------------------------------    -------------------
    SLICE_X5Y194         FDRE (Prop_fdre_C_Q)         0.100     2.066 r  design_1_i/AdcLVDS_Top_0/inst/lane_gen[2].u_lane/ADCData_reg[5]/Q
                         net (fo=2, routed)           0.063     2.129    design_1_i/axi_dma_0/U0/I_PRMRY_DATAMOVER/GEN_S2MM_FULL.I_S2MM_FULL_WRAPPER/ENABLE_AXIS_SKID.I_S2MM_STRM_SKID_BUF/s_axis_s2mm_tdata[37]
    SLICE_X4Y194         LUT3 (Prop_lut3_I0_O)        0.028     2.157 r  design_1_i/axi_dma_0/U0/I_PRMRY_DATAMOVER/GEN_S2MM_FULL.I_S2MM_FULL_WRAPPER/ENABLE_AXIS_SKID.I_S2MM_STRM_SKID_BUF/sig_data_reg_out[37]_i_1/O
                         net (fo=1, routed)           0.000     2.157    design_1_i/axi_dma_0/U0/I_PRMRY_DATAMOVER/GEN_S2MM_FULL.I_S2MM_FULL_WRAPPER/ENABLE_AXIS_SKID.I_S2MM_STRM_SKID_BUF/sig_data_skid_mux_out[37]
    SLICE_X4Y194         FDRE                                         r  design_1_i/axi_dma_0/U0/I_PRMRY_DATAMOVER/GEN_S2MM_FULL.I_S2MM_FULL_WRAPPER/ENABLE_AXIS_SKID.I_S2MM_STRM_SKID_BUF/sig_data_reg_out_reg[37]/D
  -------------------------------------------------------------------    -------------------

                         (clock clk_fpga_0 rise edge)
                                                      0.000     0.000 r  
    PS7_X0Y0             PS7                          0.000     0.000 r  design_1_i/processing_system7_0/inst/PS7_i/FCLKCLK[0]
                         net (fo=1, routed)           0.808     0.808    design_1_i/processing_system7_0/inst/FCLK_CLK_unbuffered[0]
    BUFGCTRL_X0Y16       BUFG (Prop_bufg_I_O)         0.030     0.838 r  design_1_i/processing_system7_0/inst/buffer_fclk_clk_0.FCLK_CLK_0_BUFG/O
                         net (fo=3740, routed)        0.865     1.703    design_1_i/axi_dma_0/U0/I_PRMRY_DATAMOVER/GEN_S2MM_FULL.I_S2MM_FULL_WRAPPER/ENABLE_AXIS_SKID.I_S2MM_STRM_SKID_BUF/m_axi_s2mm_aclk
    SLICE_X4Y194         FDRE                                         r  design_1_i/axi_dma_0/U0/I_PRMRY_DATAMOVER/GEN_S2MM_FULL.I_S2MM_FULL_WRAPPER/ENABLE_AXIS_SKID.I_S2MM_STRM_SKID_BUF/sig_data_reg_out_reg[37]/C
                         clock pessimism              0.000     1.703    
                         clock uncertainty            0.154     1.857    
    SLICE_X4Y194         FDRE (Hold_fdre_C_D)         0.087     1.944    design_1_i/axi_dma_0/U0/I_PRMRY_DATAMOVER/GEN_S2MM_FULL.I_S2MM_FULL_WRAPPER/ENABLE_AXIS_SKID.I_S2MM_STRM_SKID_BUF/sig_data_reg_out_reg[37]
  -------------------------------------------------------------------
                         required time                         -1.944    
                         arrival time                           2.157    
  -------------------------------------------------------------------
                         slack                                  0.213    

Slack (MET) :             0.222ns  (arrival time - required time)
  Source:                 design_1_i/AdcLVDS_Top_0/inst/lane_gen[1].u_lane/ADCData_reg[12]/C
                            (rising edge-triggered cell FDRE clocked by clk_s  {rise@0.000ns fall@37.500ns period=87.500ns})
  Destination:            design_1_i/axi_dma_0/U0/I_PRMRY_DATAMOVER/GEN_S2MM_FULL.I_S2MM_FULL_WRAPPER/ENABLE_AXIS_SKID.I_S2MM_STRM_SKID_BUF/sig_data_skid_reg_reg[28]/D
                            (rising edge-triggered cell FDRE clocked by clk_fpga_0  {rise@0.000ns fall@5.000ns period=10.000ns})
  Path Group:             clk_fpga_0
  Path Type:              Hold (Min at Fast Process Corner)
  Requirement:            0.000ns  (clk_fpga_0 rise@0.000ns - clk_s rise@0.000ns)
  Data Path Delay:        0.254ns  (logic 0.118ns (46.431%)  route 0.136ns (53.569%))
  Logic Levels:           0  
  Clock Path Skew:        -0.163ns (DCD - SCD - CPR)
    Destination Clock Delay (DCD):    1.804ns
    Source Clock Delay      (SCD):    1.967ns
    Clock Pessimism Removal (CPR):    -0.000ns
  Clock Uncertainty:      0.154ns  ((TSJ^2 + TIJ^2)^1/2 + DJ) / 2 + PE
    Total System Jitter     (TSJ):    0.071ns
    Total Input Jitter      (TIJ):    0.300ns
    Discrete Jitter          (DJ):    0.000ns
    Phase Error              (PE):    0.000ns
  Clock Domain Crossing:  Inter clock paths are considered valid unless explicitly excluded by timing constraints such as set_clock_groups or set_false_path.

    Location             Delay type                Incr(ns)  Path(ns)    Netlist Resource(s)
  -------------------------------------------------------------------    -------------------
                         (clock clk_s rise edge)      0.000     0.000 r  
    U26                                               0.000     0.000 r  lvds_dco_0_clk_p (IN)
                         net (fo=0)                   0.000     0.000    design_1_i/AdcLVDS_Top_0/inst/u_clock/lvds_dco_p
    U26                  IBUFDS (Prop_ibufds_I_O)     0.415     0.415 r  design_1_i/AdcLVDS_Top_0/inst/u_clock/i_ibufgds_dco/O
                         net (fo=1, routed)           0.492     0.907    design_1_i/AdcLVDS_Top_0/inst/u_clock/dco_out
    BUFMRCE_X0Y9         BUFMR (Prop_bufmr_I_O)       0.030     0.937 r  design_1_i/AdcLVDS_Top_0/inst/u_clock/i_bufmr/O
                         net (fo=2, routed)           0.532     1.469    design_1_i/AdcLVDS_Top_0/inst/u_clock/dco_mr_out
    BUFR_X0Y13           BUFR (Prop_bufr_I_O)         0.223     1.692 r  design_1_i/AdcLVDS_Top_0/inst/u_clock/i_bufr/O
                         net (fo=122, routed)         0.275     1.967    design_1_i/AdcLVDS_Top_0/inst/lane_gen[1].u_lane/clk_word
    SLICE_X4Y199         FDRE                                         r  design_1_i/AdcLVDS_Top_0/inst/lane_gen[1].u_lane/ADCData_reg[12]/C
  -------------------------------------------------------------------    -------------------
    SLICE_X4Y199         FDRE (Prop_fdre_C_Q)         0.118     2.085 r  design_1_i/AdcLVDS_Top_0/inst/lane_gen[1].u_lane/ADCData_reg[12]/Q
                         net (fo=2, routed)           0.136     2.221    design_1_i/axi_dma_0/U0/I_PRMRY_DATAMOVER/GEN_S2MM_FULL.I_S2MM_FULL_WRAPPER/ENABLE_AXIS_SKID.I_S2MM_STRM_SKID_BUF/s_axis_s2mm_tdata[28]
    SLICE_X5Y200         FDRE                                         r  design_1_i/axi_dma_0/U0/I_PRMRY_DATAMOVER/GEN_S2MM_FULL.I_S2MM_FULL_WRAPPER/ENABLE_AXIS_SKID.I_S2MM_STRM_SKID_BUF/sig_data_skid_reg_reg[28]/D
  -------------------------------------------------------------------    -------------------

                         (clock clk_fpga_0 rise edge)
                                                      0.000     0.000 r  
    PS7_X0Y0             PS7                          0.000     0.000 r  design_1_i/processing_system7_0/inst/PS7_i/FCLKCLK[0]
                         net (fo=1, routed)           0.808     0.808    design_1_i/processing_system7_0/inst/FCLK_CLK_unbuffered[0]
    BUFGCTRL_X0Y16       BUFG (Prop_bufg_I_O)         0.030     0.838 r  design_1_i/processing_system7_0/inst/buffer_fclk_clk_0.FCLK_CLK_0_BUFG/O
                         net (fo=3740, routed)        0.966     1.804    design_1_i/axi_dma_0/U0/I_PRMRY_DATAMOVER/GEN_S2MM_FULL.I_S2MM_FULL_WRAPPER/ENABLE_AXIS_SKID.I_S2MM_STRM_SKID_BUF/m_axi_s2mm_aclk
    SLICE_X5Y200         FDRE                                         r  design_1_i/axi_dma_0/U0/I_PRMRY_DATAMOVER/GEN_S2MM_FULL.I_S2MM_FULL_WRAPPER/ENABLE_AXIS_SKID.I_S2MM_STRM_SKID_BUF/sig_data_skid_reg_reg[28]/C
                         clock pessimism              0.000     1.804    
                         clock uncertainty            0.154     1.958    
    SLICE_X5Y200         FDRE (Hold_fdre_C_D)         0.041     1.999    design_1_i/axi_dma_0/U0/I_PRMRY_DATAMOVER/GEN_S2MM_FULL.I_S2MM_FULL_WRAPPER/ENABLE_AXIS_SKID.I_S2MM_STRM_SKID_BUF/sig_data_skid_reg_reg[28]
  -------------------------------------------------------------------
                         required time                         -1.999    
                         arrival time                           2.221    
  -------------------------------------------------------------------
                         slack                                  0.222    

Slack (MET) :             0.236ns  (arrival time - required time)
  Source:                 design_1_i/AdcLVDS_Top_0/inst/lane_gen[2].u_lane/ADCData_reg[3]/C
                            (rising edge-triggered cell FDRE clocked by clk_s  {rise@0.000ns fall@37.500ns period=87.500ns})
  Destination:            design_1_i/axi_dma_0/U0/I_PRMRY_DATAMOVER/GEN_S2MM_FULL.I_S2MM_FULL_WRAPPER/ENABLE_AXIS_SKID.I_S2MM_STRM_SKID_BUF/sig_data_skid_reg_reg[35]/D
                            (rising edge-triggered cell FDRE clocked by clk_fpga_0  {rise@0.000ns fall@5.000ns period=10.000ns})
  Path Group:             clk_fpga_0
  Path Type:              Hold (Min at Fast Process Corner)
  Requirement:            0.000ns  (clk_fpga_0 rise@0.000ns - clk_s rise@0.000ns)
  Data Path Delay:        0.221ns  (logic 0.107ns (48.321%)  route 0.114ns (51.679%))
  Logic Levels:           0  
  Clock Path Skew:        -0.163ns (DCD - SCD - CPR)
    Destination Clock Delay (DCD):    1.804ns
    Source Clock Delay      (SCD):    1.967ns
    Clock Pessimism Removal (CPR):    -0.000ns
  Clock Uncertainty:      0.154ns  ((TSJ^2 + TIJ^2)^1/2 + DJ) / 2 + PE
    Total System Jitter     (TSJ):    0.071ns
    Total Input Jitter      (TIJ):    0.300ns
    Discrete Jitter          (DJ):    0.000ns
    Phase Error              (PE):    0.000ns
  Clock Domain Crossing:  Inter clock paths are considered valid unless explicitly excluded by timing constraints such as set_clock_groups or set_false_path.

    Location             Delay type                Incr(ns)  Path(ns)    Netlist Resource(s)
  -------------------------------------------------------------------    -------------------
                         (clock clk_s rise edge)      0.000     0.000 r  
    U26                                               0.000     0.000 r  lvds_dco_0_clk_p (IN)
                         net (fo=0)                   0.000     0.000    design_1_i/AdcLVDS_Top_0/inst/u_clock/lvds_dco_p
    U26                  IBUFDS (Prop_ibufds_I_O)     0.415     0.415 r  design_1_i/AdcLVDS_Top_0/inst/u_clock/i_ibufgds_dco/O
                         net (fo=1, routed)           0.492     0.907    design_1_i/AdcLVDS_Top_0/inst/u_clock/dco_out
    BUFMRCE_X0Y9         BUFMR (Prop_bufmr_I_O)       0.030     0.937 r  design_1_i/AdcLVDS_Top_0/inst/u_clock/i_bufmr/O
                         net (fo=2, routed)           0.532     1.469    design_1_i/AdcLVDS_Top_0/inst/u_clock/dco_mr_out
    BUFR_X0Y13           BUFR (Prop_bufr_I_O)         0.223     1.692 r  design_1_i/AdcLVDS_Top_0/inst/u_clock/i_bufr/O
                         net (fo=122, routed)         0.275     1.967    design_1_i/AdcLVDS_Top_0/inst/lane_gen[2].u_lane/clk_word
    SLICE_X4Y199         FDRE                                         r  design_1_i/AdcLVDS_Top_0/inst/lane_gen[2].u_lane/ADCData_reg[3]/C
  -------------------------------------------------------------------    -------------------
    SLICE_X4Y199         FDRE (Prop_fdre_C_Q)         0.107     2.074 r  design_1_i/AdcLVDS_Top_0/inst/lane_gen[2].u_lane/ADCData_reg[3]/Q
                         net (fo=2, routed)           0.114     2.188    design_1_i/axi_dma_0/U0/I_PRMRY_DATAMOVER/GEN_S2MM_FULL.I_S2MM_FULL_WRAPPER/ENABLE_AXIS_SKID.I_S2MM_STRM_SKID_BUF/s_axis_s2mm_tdata[35]
    SLICE_X4Y200         FDRE                                         r  design_1_i/axi_dma_0/U0/I_PRMRY_DATAMOVER/GEN_S2MM_FULL.I_S2MM_FULL_WRAPPER/ENABLE_AXIS_SKID.I_S2MM_STRM_SKID_BUF/sig_data_skid_reg_reg[35]/D
  -------------------------------------------------------------------    -------------------

                         (clock clk_fpga_0 rise edge)
                                                      0.000     0.000 r  
    PS7_X0Y0             PS7                          0.000     0.000 r  design_1_i/processing_system7_0/inst/PS7_i/FCLKCLK[0]
                         net (fo=1, routed)           0.808     0.808    design_1_i/processing_system7_0/inst/FCLK_CLK_unbuffered[0]
    BUFGCTRL_X0Y16       BUFG (Prop_bufg_I_O)         0.030     0.838 r  design_1_i/processing_system7_0/inst/buffer_fclk_clk_0.FCLK_CLK_0_BUFG/O
                         net (fo=3740, routed)        0.966     1.804    design_1_i/axi_dma_0/U0/I_PRMRY_DATAMOVER/GEN_S2MM_FULL.I_S2MM_FULL_WRAPPER/ENABLE_AXIS_SKID.I_S2MM_STRM_SKID_BUF/m_axi_s2mm_aclk
    SLICE_X4Y200         FDRE                                         r  design_1_i/axi_dma_0/U0/I_PRMRY_DATAMOVER/GEN_S2MM_FULL.I_S2MM_FULL_WRAPPER/ENABLE_AXIS_SKID.I_S2MM_STRM_SKID_BUF/sig_data_skid_reg_reg[35]/C
                         clock pessimism              0.000     1.804    
                         clock uncertainty            0.154     1.958    
    SLICE_X4Y200         FDRE (Hold_fdre_C_D)        -0.006     1.952    design_1_i/axi_dma_0/U0/I_PRMRY_DATAMOVER/GEN_S2MM_FULL.I_S2MM_FULL_WRAPPER/ENABLE_AXIS_SKID.I_S2MM_STRM_SKID_BUF/sig_data_skid_reg_reg[35]
  -------------------------------------------------------------------
                         required time                         -1.952    
                         arrival time                           2.188    
  -------------------------------------------------------------------
                         slack                                  0.236    

Slack (MET) :             0.239ns  (arrival time - required time)
  Source:                 design_1_i/AdcLVDS_Top_0/inst/lane_gen[0].u_lane/ADCData_reg[1]/C
                            (rising edge-triggered cell FDRE clocked by clk_s  {rise@0.000ns fall@37.500ns period=87.500ns})
  Destination:            design_1_i/axi_dma_0/U0/I_PRMRY_DATAMOVER/GEN_S2MM_FULL.I_S2MM_FULL_WRAPPER/ENABLE_AXIS_SKID.I_S2MM_STRM_SKID_BUF/sig_data_skid_reg_reg[1]/D
                            (rising edge-triggered cell FDRE clocked by clk_fpga_0  {rise@0.000ns fall@5.000ns period=10.000ns})
  Path Group:             clk_fpga_0
  Path Type:              Hold (Min at Fast Process Corner)
  Requirement:            0.000ns  (clk_fpga_0 rise@0.000ns - clk_s rise@0.000ns)
  Data Path Delay:        0.268ns  (logic 0.118ns (44.007%)  route 0.150ns (55.993%))
  Logic Levels:           0  
  Clock Path Skew:        -0.163ns (DCD - SCD - CPR)
    Destination Clock Delay (DCD):    1.804ns
    Source Clock Delay      (SCD):    1.967ns
    Clock Pessimism Removal (CPR):    -0.000ns
  Clock Uncertainty:      0.154ns  ((TSJ^2 + TIJ^2)^1/2 + DJ) / 2 + PE
    Total System Jitter     (TSJ):    0.071ns
    Total Input Jitter      (TIJ):    0.300ns
    Discrete Jitter          (DJ):    0.000ns
    Phase Error              (PE):    0.000ns
  Clock Domain Crossing:  Inter clock paths are considered valid unless explicitly excluded by timing constraints such as set_clock_groups or set_false_path.

    Location             Delay type                Incr(ns)  Path(ns)    Netlist Resource(s)
  -------------------------------------------------------------------    -------------------
                         (clock clk_s rise edge)      0.000     0.000 r  
    U26                                               0.000     0.000 r  lvds_dco_0_clk_p (IN)
                         net (fo=0)                   0.000     0.000    design_1_i/AdcLVDS_Top_0/inst/u_clock/lvds_dco_p
    U26                  IBUFDS (Prop_ibufds_I_O)     0.415     0.415 r  design_1_i/AdcLVDS_Top_0/inst/u_clock/i_ibufgds_dco/O
                         net (fo=1, routed)           0.492     0.907    design_1_i/AdcLVDS_Top_0/inst/u_clock/dco_out
    BUFMRCE_X0Y9         BUFMR (Prop_bufmr_I_O)       0.030     0.937 r  design_1_i/AdcLVDS_Top_0/inst/u_clock/i_bufmr/O
                         net (fo=2, routed)           0.532     1.469    design_1_i/AdcLVDS_Top_0/inst/u_clock/dco_mr_out
    BUFR_X0Y13           BUFR (Prop_bufr_I_O)         0.223     1.692 r  design_1_i/AdcLVDS_Top_0/inst/u_clock/i_bufr/O
                         net (fo=122, routed)         0.275     1.967    design_1_i/AdcLVDS_Top_0/inst/lane_gen[0].u_lane/clk_word
    SLICE_X6Y199         FDRE                                         r  design_1_i/AdcLVDS_Top_0/inst/lane_gen[0].u_lane/ADCData_reg[1]/C
  -------------------------------------------------------------------    -------------------
    SLICE_X6Y199         FDRE (Prop_fdre_C_Q)         0.118     2.085 r  design_1_i/AdcLVDS_Top_0/inst/lane_gen[0].u_lane/ADCData_reg[1]/Q
                         net (fo=2, routed)           0.150     2.235    design_1_i/axi_dma_0/U0/I_PRMRY_DATAMOVER/GEN_S2MM_FULL.I_S2MM_FULL_WRAPPER/ENABLE_AXIS_SKID.I_S2MM_STRM_SKID_BUF/s_axis_s2mm_tdata[1]
    SLICE_X7Y200         FDRE                                         r  design_1_i/axi_dma_0/U0/I_PRMRY_DATAMOVER/GEN_S2MM_FULL.I_S2MM_FULL_WRAPPER/ENABLE_AXIS_SKID.I_S2MM_STRM_SKID_BUF/sig_data_skid_reg_reg[1]/D
  -------------------------------------------------------------------    -------------------

                         (clock clk_fpga_0 rise edge)
                                                      0.000     0.000 r  
    PS7_X0Y0             PS7                          0.000     0.000 r  design_1_i/processing_system7_0/inst/PS7_i/FCLKCLK[0]
                         net (fo=1, routed)           0.808     0.808    design_1_i/processing_system7_0/inst/FCLK_CLK_unbuffered[0]
    BUFGCTRL_X0Y16       BUFG (Prop_bufg_I_O)         0.030     0.838 r  design_1_i/processing_system7_0/inst/buffer_fclk_clk_0.FCLK_CLK_0_BUFG/O
                         net (fo=3740, routed)        0.966     1.804    design_1_i/axi_dma_0/U0/I_PRMRY_DATAMOVER/GEN_S2MM_FULL.I_S2MM_FULL_WRAPPER/ENABLE_AXIS_SKID.I_S2MM_STRM_SKID_BUF/m_axi_s2mm_aclk
    SLICE_X7Y200         FDRE                                         r  design_1_i/axi_dma_0/U0/I_PRMRY_DATAMOVER/GEN_S2MM_FULL.I_S2MM_FULL_WRAPPER/ENABLE_AXIS_SKID.I_S2MM_STRM_SKID_BUF/sig_data_skid_reg_reg[1]/C
                         clock pessimism              0.000     1.804    
                         clock uncertainty            0.154     1.958    
    SLICE_X7Y200         FDRE (Hold_fdre_C_D)         0.038     1.996    design_1_i/axi_dma_0/U0/I_PRMRY_DATAMOVER/GEN_S2MM_FULL.I_S2MM_FULL_WRAPPER/ENABLE_AXIS_SKID.I_S2MM_STRM_SKID_BUF/sig_data_skid_reg_reg[1]
  -------------------------------------------------------------------
                         required time                         -1.996    
                         arrival time                           2.235    
  -------------------------------------------------------------------
                         slack                                  0.239    

Slack (MET) :             0.242ns  (arrival time - required time)
  Source:                 design_1_i/AdcLVDS_Top_0/inst/lane_gen[0].u_lane/ADCData_reg[1]/C
                            (rising edge-triggered cell FDRE clocked by clk_s  {rise@0.000ns fall@37.500ns period=87.500ns})
  Destination:            design_1_i/axi_dma_0/U0/I_PRMRY_DATAMOVER/GEN_S2MM_FULL.I_S2MM_FULL_WRAPPER/ENABLE_AXIS_SKID.I_S2MM_STRM_SKID_BUF/sig_data_reg_out_reg[1]/D
                            (rising edge-triggered cell FDRE clocked by clk_fpga_0  {rise@0.000ns fall@5.000ns period=10.000ns})
  Path Group:             clk_fpga_0
  Path Type:              Hold (Min at Fast Process Corner)
  Requirement:            0.000ns  (clk_fpga_0 rise@0.000ns - clk_s rise@0.000ns)
  Data Path Delay:        0.320ns  (logic 0.146ns (45.644%)  route 0.174ns (54.356%))
  Logic Levels:           1  (LUT3=1)
  Clock Path Skew:        -0.163ns (DCD - SCD - CPR)
    Destination Clock Delay (DCD):    1.804ns
    Source Clock Delay      (SCD):    1.967ns
    Clock Pessimism Removal (CPR):    -0.000ns
  Clock Uncertainty:      0.154ns  ((TSJ^2 + TIJ^2)^1/2 + DJ) / 2 + PE
    Total System Jitter     (TSJ):    0.071ns
    Total Input Jitter      (TIJ):    0.300ns
    Discrete Jitter          (DJ):    0.000ns
    Phase Error              (PE):    0.000ns
  Clock Domain Crossing:  Inter clock paths are considered valid unless explicitly excluded by timing constraints such as set_clock_groups or set_false_path.

    Location             Delay type                Incr(ns)  Path(ns)    Netlist Resource(s)
  -------------------------------------------------------------------    -------------------
                         (clock clk_s rise edge)      0.000     0.000 r  
    U26                                               0.000     0.000 r  lvds_dco_0_clk_p (IN)
                         net (fo=0)                   0.000     0.000    design_1_i/AdcLVDS_Top_0/inst/u_clock/lvds_dco_p
    U26                  IBUFDS (Prop_ibufds_I_O)     0.415     0.415 r  design_1_i/AdcLVDS_Top_0/inst/u_clock/i_ibufgds_dco/O
                         net (fo=1, routed)           0.492     0.907    design_1_i/AdcLVDS_Top_0/inst/u_clock/dco_out
    BUFMRCE_X0Y9         BUFMR (Prop_bufmr_I_O)       0.030     0.937 r  design_1_i/AdcLVDS_Top_0/inst/u_clock/i_bufmr/O
                         net (fo=2, routed)           0.532     1.469    design_1_i/AdcLVDS_Top_0/inst/u_clock/dco_mr_out
    BUFR_X0Y13           BUFR (Prop_bufr_I_O)         0.223     1.692 r  design_1_i/AdcLVDS_Top_0/inst/u_clock/i_bufr/O
                         net (fo=122, routed)         0.275     1.967    design_1_i/AdcLVDS_Top_0/inst/lane_gen[0].u_lane/clk_word
    SLICE_X6Y199         FDRE                                         r  design_1_i/AdcLVDS_Top_0/inst/lane_gen[0].u_lane/ADCData_reg[1]/C
  -------------------------------------------------------------------    -------------------
    SLICE_X6Y199         FDRE (Prop_fdre_C_Q)         0.118     2.085 r  design_1_i/AdcLVDS_Top_0/inst/lane_gen[0].u_lane/ADCData_reg[1]/Q
                         net (fo=2, routed)           0.174     2.259    design_1_i/axi_dma_0/U0/I_PRMRY_DATAMOVER/GEN_S2MM_FULL.I_S2MM_FULL_WRAPPER/ENABLE_AXIS_SKID.I_S2MM_STRM_SKID_BUF/s_axis_s2mm_tdata[1]
    SLICE_X6Y201         LUT3 (Prop_lut3_I0_O)        0.028     2.287 r  design_1_i/axi_dma_0/U0/I_PRMRY_DATAMOVER/GEN_S2MM_FULL.I_S2MM_FULL_WRAPPER/ENABLE_AXIS_SKID.I_S2MM_STRM_SKID_BUF/sig_data_reg_out[1]_i_1/O
                         net (fo=1, routed)           0.000     2.287    design_1_i/axi_dma_0/U0/I_PRMRY_DATAMOVER/GEN_S2MM_FULL.I_S2MM_FULL_WRAPPER/ENABLE_AXIS_SKID.I_S2MM_STRM_SKID_BUF/sig_data_skid_mux_out[1]
    SLICE_X6Y201         FDRE                                         r  design_1_i/axi_dma_0/U0/I_PRMRY_DATAMOVER/GEN_S2MM_FULL.I_S2MM_FULL_WRAPPER/ENABLE_AXIS_SKID.I_S2MM_STRM_SKID_BUF/sig_data_reg_out_reg[1]/D
  -------------------------------------------------------------------    -------------------

                         (clock clk_fpga_0 rise edge)
                                                      0.000     0.000 r  
    PS7_X0Y0             PS7                          0.000     0.000 r  design_1_i/processing_system7_0/inst/PS7_i/FCLKCLK[0]
                         net (fo=1, routed)           0.808     0.808    design_1_i/processing_system7_0/inst/FCLK_CLK_unbuffered[0]
    BUFGCTRL_X0Y16       BUFG (Prop_bufg_I_O)         0.030     0.838 r  design_1_i/processing_system7_0/inst/buffer_fclk_clk_0.FCLK_CLK_0_BUFG/O
                         net (fo=3740, routed)        0.966     1.804    design_1_i/axi_dma_0/U0/I_PRMRY_DATAMOVER/GEN_S2MM_FULL.I_S2MM_FULL_WRAPPER/ENABLE_AXIS_SKID.I_S2MM_STRM_SKID_BUF/m_axi_s2mm_aclk
    SLICE_X6Y201         FDRE                                         r  design_1_i/axi_dma_0/U0/I_PRMRY_DATAMOVER/GEN_S2MM_FULL.I_S2MM_FULL_WRAPPER/ENABLE_AXIS_SKID.I_S2MM_STRM_SKID_BUF/sig_data_reg_out_reg[1]/C
                         clock pessimism              0.000     1.804    
                         clock uncertainty            0.154     1.958    
    SLICE_X6Y201         FDRE (Hold_fdre_C_D)         0.087     2.045    design_1_i/axi_dma_0/U0/I_PRMRY_DATAMOVER/GEN_S2MM_FULL.I_S2MM_FULL_WRAPPER/ENABLE_AXIS_SKID.I_S2MM_STRM_SKID_BUF/sig_data_reg_out_reg[1]
  -------------------------------------------------------------------
                         required time                         -2.045    
                         arrival time                           2.287    
  -------------------------------------------------------------------
                         slack                                  0.242    

Slack (MET) :             0.246ns  (arrival time - required time)
  Source:                 design_1_i/AdcLVDS_Top_0/inst/lane_gen[2].u_lane/ADCData_reg[12]/C
                            (rising edge-triggered cell FDRE clocked by clk_s  {rise@0.000ns fall@37.500ns period=87.500ns})
  Destination:            design_1_i/axi_dma_0/U0/I_PRMRY_DATAMOVER/GEN_S2MM_FULL.I_S2MM_FULL_WRAPPER/ENABLE_AXIS_SKID.I_S2MM_STRM_SKID_BUF/sig_data_skid_reg_reg[44]/D
                            (rising edge-triggered cell FDRE clocked by clk_fpga_0  {rise@0.000ns fall@5.000ns period=10.000ns})
  Path Group:             clk_fpga_0
  Path Type:              Hold (Min at Fast Process Corner)
  Requirement:            0.000ns  (clk_fpga_0 rise@0.000ns - clk_s rise@0.000ns)
  Data Path Delay:        0.278ns  (logic 0.118ns (42.380%)  route 0.160ns (57.620%))
  Logic Levels:           0  
  Clock Path Skew:        -0.162ns (DCD - SCD - CPR)
    Destination Clock Delay (DCD):    1.805ns
    Source Clock Delay      (SCD):    1.967ns
    Clock Pessimism Removal (CPR):    -0.000ns
  Clock Uncertainty:      0.154ns  ((TSJ^2 + TIJ^2)^1/2 + DJ) / 2 + PE
    Total System Jitter     (TSJ):    0.071ns
    Total Input Jitter      (TIJ):    0.300ns
    Discrete Jitter          (DJ):    0.000ns
    Phase Error              (PE):    0.000ns
  Clock Domain Crossing:  Inter clock paths are considered valid unless explicitly excluded by timing constraints such as set_clock_groups or set_false_path.

    Location             Delay type                Incr(ns)  Path(ns)    Netlist Resource(s)
  -------------------------------------------------------------------    -------------------
                         (clock clk_s rise edge)      0.000     0.000 r  
    U26                                               0.000     0.000 r  lvds_dco_0_clk_p (IN)
                         net (fo=0)                   0.000     0.000    design_1_i/AdcLVDS_Top_0/inst/u_clock/lvds_dco_p
    U26                  IBUFDS (Prop_ibufds_I_O)     0.415     0.415 r  design_1_i/AdcLVDS_Top_0/inst/u_clock/i_ibufgds_dco/O
                         net (fo=1, routed)           0.492     0.907    design_1_i/AdcLVDS_Top_0/inst/u_clock/dco_out
    BUFMRCE_X0Y9         BUFMR (Prop_bufmr_I_O)       0.030     0.937 r  design_1_i/AdcLVDS_Top_0/inst/u_clock/i_bufmr/O
                         net (fo=2, routed)           0.532     1.469    design_1_i/AdcLVDS_Top_0/inst/u_clock/dco_mr_out
    BUFR_X0Y13           BUFR (Prop_bufr_I_O)         0.223     1.692 r  design_1_i/AdcLVDS_Top_0/inst/u_clock/i_bufr/O
                         net (fo=122, routed)         0.275     1.967    design_1_i/AdcLVDS_Top_0/inst/lane_gen[2].u_lane/clk_word
    SLICE_X2Y199         FDRE                                         r  design_1_i/AdcLVDS_Top_0/inst/lane_gen[2].u_lane/ADCData_reg[12]/C
  -------------------------------------------------------------------    -------------------
    SLICE_X2Y199         FDRE (Prop_fdre_C_Q)         0.118     2.085 r  design_1_i/AdcLVDS_Top_0/inst/lane_gen[2].u_lane/ADCData_reg[12]/Q
                         net (fo=2, routed)           0.160     2.245    design_1_i/axi_dma_0/U0/I_PRMRY_DATAMOVER/GEN_S2MM_FULL.I_S2MM_FULL_WRAPPER/ENABLE_AXIS_SKID.I_S2MM_STRM_SKID_BUF/s_axis_s2mm_tdata[44]
    SLICE_X2Y200         FDRE                                         r  design_1_i/axi_dma_0/U0/I_PRMRY_DATAMOVER/GEN_S2MM_FULL.I_S2MM_FULL_WRAPPER/ENABLE_AXIS_SKID.I_S2MM_STRM_SKID_BUF/sig_data_skid_reg_reg[44]/D
  -------------------------------------------------------------------    -------------------

                         (clock clk_fpga_0 rise edge)
                                                      0.000     0.000 r  
    PS7_X0Y0             PS7                          0.000     0.000 r  design_1_i/processing_system7_0/inst/PS7_i/FCLKCLK[0]
                         net (fo=1, routed)           0.808     0.808    design_1_i/processing_system7_0/inst/FCLK_CLK_unbuffered[0]
    BUFGCTRL_X0Y16       BUFG (Prop_bufg_I_O)         0.030     0.838 r  design_1_i/processing_system7_0/inst/buffer_fclk_clk_0.FCLK_CLK_0_BUFG/O
                         net (fo=3740, routed)        0.967     1.805    design_1_i/axi_dma_0/U0/I_PRMRY_DATAMOVER/GEN_S2MM_FULL.I_S2MM_FULL_WRAPPER/ENABLE_AXIS_SKID.I_S2MM_STRM_SKID_BUF/m_axi_s2mm_aclk
    SLICE_X2Y200         FDRE                                         r  design_1_i/axi_dma_0/U0/I_PRMRY_DATAMOVER/GEN_S2MM_FULL.I_S2MM_FULL_WRAPPER/ENABLE_AXIS_SKID.I_S2MM_STRM_SKID_BUF/sig_data_skid_reg_reg[44]/C
                         clock pessimism              0.000     1.805    
                         clock uncertainty            0.154     1.959    
    SLICE_X2Y200         FDRE (Hold_fdre_C_D)         0.040     1.999    design_1_i/axi_dma_0/U0/I_PRMRY_DATAMOVER/GEN_S2MM_FULL.I_S2MM_FULL_WRAPPER/ENABLE_AXIS_SKID.I_S2MM_STRM_SKID_BUF/sig_data_skid_reg_reg[44]
  -------------------------------------------------------------------
                         required time                         -1.999    
                         arrival time                           2.245    
  -------------------------------------------------------------------
                         slack                                  0.246    

Slack (MET) :             0.249ns  (arrival time - required time)
  Source:                 design_1_i/AdcLVDS_Top_0/inst/lane_gen[1].u_lane/ADCData_reg[10]/C
                            (rising edge-triggered cell FDRE clocked by clk_s  {rise@0.000ns fall@37.500ns period=87.500ns})
  Destination:            design_1_i/axi_dma_0/U0/I_PRMRY_DATAMOVER/GEN_S2MM_FULL.I_S2MM_FULL_WRAPPER/ENABLE_AXIS_SKID.I_S2MM_STRM_SKID_BUF/sig_data_skid_reg_reg[26]/D
                            (rising edge-triggered cell FDRE clocked by clk_fpga_0  {rise@0.000ns fall@5.000ns period=10.000ns})
  Path Group:             clk_fpga_0
  Path Type:              Hold (Min at Fast Process Corner)
  Requirement:            0.000ns  (clk_fpga_0 rise@0.000ns - clk_s rise@0.000ns)
  Data Path Delay:        0.278ns  (logic 0.118ns (42.414%)  route 0.160ns (57.586%))
  Logic Levels:           0  
  Clock Path Skew:        -0.162ns (DCD - SCD - CPR)
    Destination Clock Delay (DCD):    1.805ns
    Source Clock Delay      (SCD):    1.967ns
    Clock Pessimism Removal (CPR):    -0.000ns
  Clock Uncertainty:      0.154ns  ((TSJ^2 + TIJ^2)^1/2 + DJ) / 2 + PE
    Total System Jitter     (TSJ):    0.071ns
    Total Input Jitter      (TIJ):    0.300ns
    Discrete Jitter          (DJ):    0.000ns
    Phase Error              (PE):    0.000ns
  Clock Domain Crossing:  Inter clock paths are considered valid unless explicitly excluded by timing constraints such as set_clock_groups or set_false_path.

    Location             Delay type                Incr(ns)  Path(ns)    Netlist Resource(s)
  -------------------------------------------------------------------    -------------------
                         (clock clk_s rise edge)      0.000     0.000 r  
    U26                                               0.000     0.000 r  lvds_dco_0_clk_p (IN)
                         net (fo=0)                   0.000     0.000    design_1_i/AdcLVDS_Top_0/inst/u_clock/lvds_dco_p
    U26                  IBUFDS (Prop_ibufds_I_O)     0.415     0.415 r  design_1_i/AdcLVDS_Top_0/inst/u_clock/i_ibufgds_dco/O
                         net (fo=1, routed)           0.492     0.907    design_1_i/AdcLVDS_Top_0/inst/u_clock/dco_out
    BUFMRCE_X0Y9         BUFMR (Prop_bufmr_I_O)       0.030     0.937 r  design_1_i/AdcLVDS_Top_0/inst/u_clock/i_bufmr/O
                         net (fo=2, routed)           0.532     1.469    design_1_i/AdcLVDS_Top_0/inst/u_clock/dco_mr_out
    BUFR_X0Y13           BUFR (Prop_bufr_I_O)         0.223     1.692 r  design_1_i/AdcLVDS_Top_0/inst/u_clock/i_bufr/O
                         net (fo=122, routed)         0.275     1.967    design_1_i/AdcLVDS_Top_0/inst/lane_gen[1].u_lane/clk_word
    SLICE_X2Y199         FDRE                                         r  design_1_i/AdcLVDS_Top_0/inst/lane_gen[1].u_lane/ADCData_reg[10]/C
  -------------------------------------------------------------------    -------------------
    SLICE_X2Y199         FDRE (Prop_fdre_C_Q)         0.118     2.085 r  design_1_i/AdcLVDS_Top_0/inst/lane_gen[1].u_lane/ADCData_reg[10]/Q
                         net (fo=2, routed)           0.160     2.245    design_1_i/axi_dma_0/U0/I_PRMRY_DATAMOVER/GEN_S2MM_FULL.I_S2MM_FULL_WRAPPER/ENABLE_AXIS_SKID.I_S2MM_STRM_SKID_BUF/s_axis_s2mm_tdata[26]
    SLICE_X2Y200         FDRE                                         r  design_1_i/axi_dma_0/U0/I_PRMRY_DATAMOVER/GEN_S2MM_FULL.I_S2MM_FULL_WRAPPER/ENABLE_AXIS_SKID.I_S2MM_STRM_SKID_BUF/sig_data_skid_reg_reg[26]/D
  -------------------------------------------------------------------    -------------------

                         (clock clk_fpga_0 rise edge)
                                                      0.000     0.000 r  
    PS7_X0Y0             PS7                          0.000     0.000 r  design_1_i/processing_system7_0/inst/PS7_i/FCLKCLK[0]
                         net (fo=1, routed)           0.808     0.808    design_1_i/processing_system7_0/inst/FCLK_CLK_unbuffered[0]
    BUFGCTRL_X0Y16       BUFG (Prop_bufg_I_O)         0.030     0.838 r  design_1_i/processing_system7_0/inst/buffer_fclk_clk_0.FCLK_CLK_0_BUFG/O
                         net (fo=3740, routed)        0.967     1.805    design_1_i/axi_dma_0/U0/I_PRMRY_DATAMOVER/GEN_S2MM_FULL.I_S2MM_FULL_WRAPPER/ENABLE_AXIS_SKID.I_S2MM_STRM_SKID_BUF/m_axi_s2mm_aclk
    SLICE_X2Y200         FDRE                                         r  design_1_i/axi_dma_0/U0/I_PRMRY_DATAMOVER/GEN_S2MM_FULL.I_S2MM_FULL_WRAPPER/ENABLE_AXIS_SKID.I_S2MM_STRM_SKID_BUF/sig_data_skid_reg_reg[26]/C
                         clock pessimism              0.000     1.805    
                         clock uncertainty            0.154     1.959    
    SLICE_X2Y200         FDRE (Hold_fdre_C_D)         0.037     1.996    design_1_i/axi_dma_0/U0/I_PRMRY_DATAMOVER/GEN_S2MM_FULL.I_S2MM_FULL_WRAPPER/ENABLE_AXIS_SKID.I_S2MM_STRM_SKID_BUF/sig_data_skid_reg_reg[26]
  -------------------------------------------------------------------
                         required time                         -1.996    
                         arrival time                           2.245    
  -------------------------------------------------------------------
                         slack                                  0.249    

Slack (MET) :             0.256ns  (arrival time - required time)
  Source:                 design_1_i/AdcLVDS_Top_0/inst/lane_gen[1].u_lane/ADCData_reg[7]/C
                            (rising edge-triggered cell FDRE clocked by clk_s  {rise@0.000ns fall@37.500ns period=87.500ns})
  Destination:            design_1_i/axi_dma_0/U0/I_PRMRY_DATAMOVER/GEN_S2MM_FULL.I_S2MM_FULL_WRAPPER/ENABLE_AXIS_SKID.I_S2MM_STRM_SKID_BUF/sig_data_reg_out_reg[23]/D
                            (rising edge-triggered cell FDRE clocked by clk_fpga_0  {rise@0.000ns fall@5.000ns period=10.000ns})
  Path Group:             clk_fpga_0
  Path Type:              Hold (Min at Fast Process Corner)
  Requirement:            0.000ns  (clk_fpga_0 rise@0.000ns - clk_s rise@0.000ns)
  Data Path Delay:        0.335ns  (logic 0.128ns (38.181%)  route 0.207ns (61.819%))
  Logic Levels:           1  (LUT3=1)
  Clock Path Skew:        -0.162ns (DCD - SCD - CPR)
    Destination Clock Delay (DCD):    1.805ns
    Source Clock Delay      (SCD):    1.967ns
    Clock Pessimism Removal (CPR):    -0.000ns
  Clock Uncertainty:      0.154ns  ((TSJ^2 + TIJ^2)^1/2 + DJ) / 2 + PE
    Total System Jitter     (TSJ):    0.071ns
    Total Input Jitter      (TIJ):    0.300ns
    Discrete Jitter          (DJ):    0.000ns
    Phase Error              (PE):    0.000ns
  Clock Domain Crossing:  Inter clock paths are considered valid unless explicitly excluded by timing constraints such as set_clock_groups or set_false_path.

    Location             Delay type                Incr(ns)  Path(ns)    Netlist Resource(s)
  -------------------------------------------------------------------    -------------------
                         (clock clk_s rise edge)      0.000     0.000 r  
    U26                                               0.000     0.000 r  lvds_dco_0_clk_p (IN)
                         net (fo=0)                   0.000     0.000    design_1_i/AdcLVDS_Top_0/inst/u_clock/lvds_dco_p
    U26                  IBUFDS (Prop_ibufds_I_O)     0.415     0.415 r  design_1_i/AdcLVDS_Top_0/inst/u_clock/i_ibufgds_dco/O
                         net (fo=1, routed)           0.492     0.907    design_1_i/AdcLVDS_Top_0/inst/u_clock/dco_out
    BUFMRCE_X0Y9         BUFMR (Prop_bufmr_I_O)       0.030     0.937 r  design_1_i/AdcLVDS_Top_0/inst/u_clock/i_bufmr/O
                         net (fo=2, routed)           0.532     1.469    design_1_i/AdcLVDS_Top_0/inst/u_clock/dco_mr_out
    BUFR_X0Y13           BUFR (Prop_bufr_I_O)         0.223     1.692 r  design_1_i/AdcLVDS_Top_0/inst/u_clock/i_bufr/O
                         net (fo=122, routed)         0.275     1.967    design_1_i/AdcLVDS_Top_0/inst/lane_gen[1].u_lane/clk_word
    SLICE_X1Y199         FDRE                                         r  design_1_i/AdcLVDS_Top_0/inst/lane_gen[1].u_lane/ADCData_reg[7]/C
  -------------------------------------------------------------------    -------------------
    SLICE_X1Y199         FDRE (Prop_fdre_C_Q)         0.100     2.067 r  design_1_i/AdcLVDS_Top_0/inst/lane_gen[1].u_lane/ADCData_reg[7]/Q
                         net (fo=2, routed)           0.207     2.274    design_1_i/axi_dma_0/U0/I_PRMRY_DATAMOVER/GEN_S2MM_FULL.I_S2MM_FULL_WRAPPER/ENABLE_AXIS_SKID.I_S2MM_STRM_SKID_BUF/s_axis_s2mm_tdata[23]
    SLICE_X0Y200         LUT3 (Prop_lut3_I0_O)        0.028     2.302 r  design_1_i/axi_dma_0/U0/I_PRMRY_DATAMOVER/GEN_S2MM_FULL.I_S2MM_FULL_WRAPPER/ENABLE_AXIS_SKID.I_S2MM_STRM_SKID_BUF/sig_data_reg_out[23]_i_1/O
                         net (fo=1, routed)           0.000     2.302    design_1_i/axi_dma_0/U0/I_PRMRY_DATAMOVER/GEN_S2MM_FULL.I_S2MM_FULL_WRAPPER/ENABLE_AXIS_SKID.I_S2MM_STRM_SKID_BUF/sig_data_skid_mux_out[23]
    SLICE_X0Y200         FDRE                                         r  design_1_i/axi_dma_0/U0/I_PRMRY_DATAMOVER/GEN_S2MM_FULL.I_S2MM_FULL_WRAPPER/ENABLE_AXIS_SKID.I_S2MM_STRM_SKID_BUF/sig_data_reg_out_reg[23]/D
  -------------------------------------------------------------------    -------------------

                         (clock clk_fpga_0 rise edge)
                                                      0.000     0.000 r  
    PS7_X0Y0             PS7                          0.000     0.000 r  design_1_i/processing_system7_0/inst/PS7_i/FCLKCLK[0]
                         net (fo=1, routed)           0.808     0.808    design_1_i/processing_system7_0/inst/FCLK_CLK_unbuffered[0]
    BUFGCTRL_X0Y16       BUFG (Prop_bufg_I_O)         0.030     0.838 r  design_1_i/processing_system7_0/inst/buffer_fclk_clk_0.FCLK_CLK_0_BUFG/O
                         net (fo=3740, routed)        0.967     1.805    design_1_i/axi_dma_0/U0/I_PRMRY_DATAMOVER/GEN_S2MM_FULL.I_S2MM_FULL_WRAPPER/ENABLE_AXIS_SKID.I_S2MM_STRM_SKID_BUF/m_axi_s2mm_aclk
    SLICE_X0Y200         FDRE                                         r  design_1_i/axi_dma_0/U0/I_PRMRY_DATAMOVER/GEN_S2MM_FULL.I_S2MM_FULL_WRAPPER/ENABLE_AXIS_SKID.I_S2MM_STRM_SKID_BUF/sig_data_reg_out_reg[23]/C
                         clock pessimism              0.000     1.805    
                         clock uncertainty            0.154     1.959    
    SLICE_X0Y200         FDRE (Hold_fdre_C_D)         0.087     2.046    design_1_i/axi_dma_0/U0/I_PRMRY_DATAMOVER/GEN_S2MM_FULL.I_S2MM_FULL_WRAPPER/ENABLE_AXIS_SKID.I_S2MM_STRM_SKID_BUF/sig_data_reg_out_reg[23]
  -------------------------------------------------------------------
                         required time                         -2.046    
                         arrival time                           2.302    
  -------------------------------------------------------------------
                         slack                                  0.256    

Slack (MET) :             0.259ns  (arrival time - required time)
  Source:                 design_1_i/AdcLVDS_Top_0/inst/lane_gen[2].u_lane/ADCData_reg[11]/C
                            (rising edge-triggered cell FDRE clocked by clk_s  {rise@0.000ns fall@37.500ns period=87.500ns})
  Destination:            design_1_i/axi_dma_0/U0/I_PRMRY_DATAMOVER/GEN_S2MM_FULL.I_S2MM_FULL_WRAPPER/ENABLE_AXIS_SKID.I_S2MM_STRM_SKID_BUF/sig_data_skid_reg_reg[43]/D
                            (rising edge-triggered cell FDRE clocked by clk_fpga_0  {rise@0.000ns fall@5.000ns period=10.000ns})
  Path Group:             clk_fpga_0
  Path Type:              Hold (Min at Fast Process Corner)
  Requirement:            0.000ns  (clk_fpga_0 rise@0.000ns - clk_s rise@0.000ns)
  Data Path Delay:        0.283ns  (logic 0.100ns (35.320%)  route 0.183ns (64.680%))
  Logic Levels:           0  
  Clock Path Skew:        -0.162ns (DCD - SCD - CPR)
    Destination Clock Delay (DCD):    1.805ns
    Source Clock Delay      (SCD):    1.967ns
    Clock Pessimism Removal (CPR):    -0.000ns
  Clock Uncertainty:      0.154ns  ((TSJ^2 + TIJ^2)^1/2 + DJ) / 2 + PE
    Total System Jitter     (TSJ):    0.071ns
    Total Input Jitter      (TIJ):    0.300ns
    Discrete Jitter          (DJ):    0.000ns
    Phase Error              (PE):    0.000ns
  Clock Domain Crossing:  Inter clock paths are considered valid unless explicitly excluded by timing constraints such as set_clock_groups or set_false_path.

    Location             Delay type                Incr(ns)  Path(ns)    Netlist Resource(s)
  -------------------------------------------------------------------    -------------------
                         (clock clk_s rise edge)      0.000     0.000 r  
    U26                                               0.000     0.000 r  lvds_dco_0_clk_p (IN)
                         net (fo=0)                   0.000     0.000    design_1_i/AdcLVDS_Top_0/inst/u_clock/lvds_dco_p
    U26                  IBUFDS (Prop_ibufds_I_O)     0.415     0.415 r  design_1_i/AdcLVDS_Top_0/inst/u_clock/i_ibufgds_dco/O
                         net (fo=1, routed)           0.492     0.907    design_1_i/AdcLVDS_Top_0/inst/u_clock/dco_out
    BUFMRCE_X0Y9         BUFMR (Prop_bufmr_I_O)       0.030     0.937 r  design_1_i/AdcLVDS_Top_0/inst/u_clock/i_bufmr/O
                         net (fo=2, routed)           0.532     1.469    design_1_i/AdcLVDS_Top_0/inst/u_clock/dco_mr_out
    BUFR_X0Y13           BUFR (Prop_bufr_I_O)         0.223     1.692 r  design_1_i/AdcLVDS_Top_0/inst/u_clock/i_bufr/O
                         net (fo=122, routed)         0.275     1.967    design_1_i/AdcLVDS_Top_0/inst/lane_gen[2].u_lane/clk_word
    SLICE_X3Y199         FDRE                                         r  design_1_i/AdcLVDS_Top_0/inst/lane_gen[2].u_lane/ADCData_reg[11]/C
  -------------------------------------------------------------------    -------------------
    SLICE_X3Y199         FDRE (Prop_fdre_C_Q)         0.100     2.067 r  design_1_i/AdcLVDS_Top_0/inst/lane_gen[2].u_lane/ADCData_reg[11]/Q
                         net (fo=2, routed)           0.183     2.250    design_1_i/axi_dma_0/U0/I_PRMRY_DATAMOVER/GEN_S2MM_FULL.I_S2MM_FULL_WRAPPER/ENABLE_AXIS_SKID.I_S2MM_STRM_SKID_BUF/s_axis_s2mm_tdata[43]
    SLICE_X3Y200         FDRE                                         r  design_1_i/axi_dma_0/U0/I_PRMRY_DATAMOVER/GEN_S2MM_FULL.I_S2MM_FULL_WRAPPER/ENABLE_AXIS_SKID.I_S2MM_STRM_SKID_BUF/sig_data_skid_reg_reg[43]/D
  -------------------------------------------------------------------    -------------------

                         (clock clk_fpga_0 rise edge)
                                                      0.000     0.000 r  
    PS7_X0Y0             PS7                          0.000     0.000 r  design_1_i/processing_system7_0/inst/PS7_i/FCLKCLK[0]
                         net (fo=1, routed)           0.808     0.808    design_1_i/processing_system7_0/inst/FCLK_CLK_unbuffered[0]
    BUFGCTRL_X0Y16       BUFG (Prop_bufg_I_O)         0.030     0.838 r  design_1_i/processing_system7_0/inst/buffer_fclk_clk_0.FCLK_CLK_0_BUFG/O
                         net (fo=3740, routed)        0.967     1.805    design_1_i/axi_dma_0/U0/I_PRMRY_DATAMOVER/GEN_S2MM_FULL.I_S2MM_FULL_WRAPPER/ENABLE_AXIS_SKID.I_S2MM_STRM_SKID_BUF/m_axi_s2mm_aclk
    SLICE_X3Y200         FDRE                                         r  design_1_i/axi_dma_0/U0/I_PRMRY_DATAMOVER/GEN_S2MM_FULL.I_S2MM_FULL_WRAPPER/ENABLE_AXIS_SKID.I_S2MM_STRM_SKID_BUF/sig_data_skid_reg_reg[43]/C
                         clock pessimism              0.000     1.805    
                         clock uncertainty            0.154     1.959    
    SLICE_X3Y200         FDRE (Hold_fdre_C_D)         0.032     1.991    design_1_i/axi_dma_0/U0/I_PRMRY_DATAMOVER/GEN_S2MM_FULL.I_S2MM_FULL_WRAPPER/ENABLE_AXIS_SKID.I_S2MM_STRM_SKID_BUF/sig_data_skid_reg_reg[43]
  -------------------------------------------------------------------
                         required time                         -1.991    
                         arrival time                           2.250    
  -------------------------------------------------------------------
                         slack                                  0.259    

Slack (MET) :             0.259ns  (arrival time - required time)
  Source:                 design_1_i/AdcLVDS_Top_0/inst/lane_gen[3].u_lane/ADCData_reg[6]/C
                            (rising edge-triggered cell FDRE clocked by clk_s  {rise@0.000ns fall@37.500ns period=87.500ns})
  Destination:            design_1_i/axi_dma_0/U0/I_PRMRY_DATAMOVER/GEN_S2MM_FULL.I_S2MM_FULL_WRAPPER/ENABLE_AXIS_SKID.I_S2MM_STRM_SKID_BUF/sig_data_skid_reg_reg[54]/D
                            (rising edge-triggered cell FDRE clocked by clk_fpga_0  {rise@0.000ns fall@5.000ns period=10.000ns})
  Path Group:             clk_fpga_0
  Path Type:              Hold (Min at Fast Process Corner)
  Requirement:            0.000ns  (clk_fpga_0 rise@0.000ns - clk_s rise@0.000ns)
  Data Path Delay:        0.250ns  (logic 0.107ns (42.848%)  route 0.143ns (57.152%))
  Logic Levels:           0  
  Clock Path Skew:        -0.163ns (DCD - SCD - CPR)
    Destination Clock Delay (DCD):    1.804ns
    Source Clock Delay      (SCD):    1.967ns
    Clock Pessimism Removal (CPR):    -0.000ns
  Clock Uncertainty:      0.154ns  ((TSJ^2 + TIJ^2)^1/2 + DJ) / 2 + PE
    Total System Jitter     (TSJ):    0.071ns
    Total Input Jitter      (TIJ):    0.300ns
    Discrete Jitter          (DJ):    0.000ns
    Phase Error              (PE):    0.000ns
  Clock Domain Crossing:  Inter clock paths are considered valid unless explicitly excluded by timing constraints such as set_clock_groups or set_false_path.

    Location             Delay type                Incr(ns)  Path(ns)    Netlist Resource(s)
  -------------------------------------------------------------------    -------------------
                         (clock clk_s rise edge)      0.000     0.000 r  
    U26                                               0.000     0.000 r  lvds_dco_0_clk_p (IN)
                         net (fo=0)                   0.000     0.000    design_1_i/AdcLVDS_Top_0/inst/u_clock/lvds_dco_p
    U26                  IBUFDS (Prop_ibufds_I_O)     0.415     0.415 r  design_1_i/AdcLVDS_Top_0/inst/u_clock/i_ibufgds_dco/O
                         net (fo=1, routed)           0.492     0.907    design_1_i/AdcLVDS_Top_0/inst/u_clock/dco_out
    BUFMRCE_X0Y9         BUFMR (Prop_bufmr_I_O)       0.030     0.937 r  design_1_i/AdcLVDS_Top_0/inst/u_clock/i_bufmr/O
                         net (fo=2, routed)           0.532     1.469    design_1_i/AdcLVDS_Top_0/inst/u_clock/dco_mr_out
    BUFR_X0Y13           BUFR (Prop_bufr_I_O)         0.223     1.692 r  design_1_i/AdcLVDS_Top_0/inst/u_clock/i_bufr/O
                         net (fo=122, routed)         0.275     1.967    design_1_i/AdcLVDS_Top_0/inst/lane_gen[3].u_lane/clk_word
    SLICE_X6Y199         FDRE                                         r  design_1_i/AdcLVDS_Top_0/inst/lane_gen[3].u_lane/ADCData_reg[6]/C
  -------------------------------------------------------------------    -------------------
    SLICE_X6Y199         FDRE (Prop_fdre_C_Q)         0.107     2.074 r  design_1_i/AdcLVDS_Top_0/inst/lane_gen[3].u_lane/ADCData_reg[6]/Q
                         net (fo=2, routed)           0.143     2.217    design_1_i/axi_dma_0/U0/I_PRMRY_DATAMOVER/GEN_S2MM_FULL.I_S2MM_FULL_WRAPPER/ENABLE_AXIS_SKID.I_S2MM_STRM_SKID_BUF/s_axis_s2mm_tdata[54]
    SLICE_X5Y200         FDRE                                         r  design_1_i/axi_dma_0/U0/I_PRMRY_DATAMOVER/GEN_S2MM_FULL.I_S2MM_FULL_WRAPPER/ENABLE_AXIS_SKID.I_S2MM_STRM_SKID_BUF/sig_data_skid_reg_reg[54]/D
  -------------------------------------------------------------------    -------------------

                         (clock clk_fpga_0 rise edge)
                                                      0.000     0.000 r  
    PS7_X0Y0             PS7                          0.000     0.000 r  design_1_i/processing_system7_0/inst/PS7_i/FCLKCLK[0]
                         net (fo=1, routed)           0.808     0.808    design_1_i/processing_system7_0/inst/FCLK_CLK_unbuffered[0]
    BUFGCTRL_X0Y16       BUFG (Prop_bufg_I_O)         0.030     0.838 r  design_1_i/processing_system7_0/inst/buffer_fclk_clk_0.FCLK_CLK_0_BUFG/O
                         net (fo=3740, routed)        0.966     1.804    design_1_i/axi_dma_0/U0/I_PRMRY_DATAMOVER/GEN_S2MM_FULL.I_S2MM_FULL_WRAPPER/ENABLE_AXIS_SKID.I_S2MM_STRM_SKID_BUF/m_axi_s2mm_aclk
    SLICE_X5Y200         FDRE                                         r  design_1_i/axi_dma_0/U0/I_PRMRY_DATAMOVER/GEN_S2MM_FULL.I_S2MM_FULL_WRAPPER/ENABLE_AXIS_SKID.I_S2MM_STRM_SKID_BUF/sig_data_skid_reg_reg[54]/C
                         clock pessimism              0.000     1.804    
                         clock uncertainty            0.154     1.958    
    SLICE_X5Y200         FDRE (Hold_fdre_C_D)        -0.001     1.957    design_1_i/axi_dma_0/U0/I_PRMRY_DATAMOVER/GEN_S2MM_FULL.I_S2MM_FULL_WRAPPER/ENABLE_AXIS_SKID.I_S2MM_STRM_SKID_BUF/sig_data_skid_reg_reg[54]
  -------------------------------------------------------------------
                         required time                         -1.957    
                         arrival time                           2.217    
  -------------------------------------------------------------------
                         slack                                  0.259    





---------------------------------------------------------------------------------------------------
From Clock:  clk_fpga_0
  To Clock:  clk_s

Setup :            0  Failing Endpoints,  Worst Slack        0.324ns,  Total Violation        0.000ns
Hold  :            0  Failing Endpoints,  Worst Slack        0.094ns,  Total Violation        0.000ns
---------------------------------------------------------------------------------------------------


Max Delay Paths
--------------------------------------------------------------------------------------
Slack (MET) :             0.324ns  (required time - arrival time)
  Source:                 design_1_i/rst_ps7_0_100M/U0/PR_OUT_DFF[0].FDRE_PER/C
                            (rising edge-triggered cell FDRE clocked by clk_fpga_0  {rise@0.000ns fall@5.000ns period=10.000ns})
  Destination:            design_1_i/AdcLVDS_Top_0/inst/lane_gen[6].u_lane/inst_Serdes_1x14_DDR_Data_Line/ISERDESE2_inst_slave/RST
                            (rising edge-triggered cell ISERDESE2 clocked by clk_s  {rise@0.000ns fall@37.500ns period=87.500ns})
  Path Group:             clk_s
  Path Type:              Setup (Max at Slow Process Corner)
  Requirement:            2.500ns  (clk_s rise@262.500ns - clk_fpga_0 rise@260.000ns)
  Data Path Delay:        2.550ns  (logic 0.259ns (10.156%)  route 2.291ns (89.844%))
  Logic Levels:           0  
  Clock Path Skew:        0.971ns (DCD - SCD + CPR)
    Destination Clock Delay (DCD):    3.872ns = ( 266.372 - 262.500 ) 
    Source Clock Delay      (SCD):    2.901ns = ( 262.901 - 260.000 ) 
    Clock Pessimism Removal (CPR):    0.000ns
  Clock Uncertainty:      0.154ns  ((TSJ^2 + TIJ^2)^1/2 + DJ) / 2 + PE
    Total System Jitter     (TSJ):    0.071ns
    Total Input Jitter      (TIJ):    0.300ns
    Discrete Jitter          (DJ):    0.000ns
    Phase Error              (PE):    0.000ns
  Clock Domain Crossing:  Inter clock paths are considered valid unless explicitly excluded by timing constraints such as set_clock_groups or set_false_path.

    Location             Delay type                Incr(ns)  Path(ns)    Netlist Resource(s)
  -------------------------------------------------------------------    -------------------
                         (clock clk_fpga_0 rise edge)
                                                    260.000   260.000 r  
    PS7_X0Y0             PS7                          0.000   260.000 r  design_1_i/processing_system7_0/inst/PS7_i/FCLKCLK[0]
                         net (fo=1, routed)           1.393   261.393    design_1_i/processing_system7_0/inst/FCLK_CLK_unbuffered[0]
    BUFGCTRL_X0Y16       BUFG (Prop_bufg_I_O)         0.093   261.486 r  design_1_i/processing_system7_0/inst/buffer_fclk_clk_0.FCLK_CLK_0_BUFG/O
                         net (fo=3740, routed)        1.415   262.901    design_1_i/rst_ps7_0_100M/U0/slowest_sync_clk
    SLICE_X0Y178         FDRE                                         r  design_1_i/rst_ps7_0_100M/U0/PR_OUT_DFF[0].FDRE_PER/C
  -------------------------------------------------------------------    -------------------
    SLICE_X0Y178         FDRE (Prop_fdre_C_Q)         0.259   263.160 r  design_1_i/rst_ps7_0_100M/U0/PR_OUT_DFF[0].FDRE_PER/Q
                         net (fo=23, routed)          2.291   265.451    design_1_i/AdcLVDS_Top_0/inst/lane_gen[6].u_lane/inst_Serdes_1x14_DDR_Data_Line/sys_rst
    ILOGIC_X0Y167        ISERDESE2                                    r  design_1_i/AdcLVDS_Top_0/inst/lane_gen[6].u_lane/inst_Serdes_1x14_DDR_Data_Line/ISERDESE2_inst_slave/RST
  -------------------------------------------------------------------    -------------------

                         (clock clk_s rise edge)    262.500   262.500 r  
    U26                                               0.000   262.500 r  lvds_dco_0_clk_p (IN)
                         net (fo=0)                   0.000   262.500    design_1_i/AdcLVDS_Top_0/inst/u_clock/lvds_dco_p
    U26                  IBUFDS (Prop_ibufds_I_O)     0.714   263.214 r  design_1_i/AdcLVDS_Top_0/inst/u_clock/i_ibufgds_dco/O
                         net (fo=1, routed)           0.859   264.073    design_1_i/AdcLVDS_Top_0/inst/u_clock/dco_out
    BUFMRCE_X0Y9         BUFMR (Prop_bufmr_I_O)       0.076   264.149 r  design_1_i/AdcLVDS_Top_0/inst/u_clock/i_bufmr/O
                         net (fo=2, routed)           1.102   265.251    design_1_i/AdcLVDS_Top_0/inst/u_clock/dco_mr_out
    BUFR_X0Y13           BUFR (Prop_bufr_I_O)         0.614   265.865 r  design_1_i/AdcLVDS_Top_0/inst/u_clock/i_bufr/O
                         net (fo=122, routed)         0.507   266.372    design_1_i/AdcLVDS_Top_0/inst/lane_gen[6].u_lane/inst_Serdes_1x14_DDR_Data_Line/clk_word
    ILOGIC_X0Y167        ISERDESE2                                    r  design_1_i/AdcLVDS_Top_0/inst/lane_gen[6].u_lane/inst_Serdes_1x14_DDR_Data_Line/ISERDESE2_inst_slave/CLKDIV
                         clock pessimism              0.000   266.372    
                         clock uncertainty           -0.154   266.218    
    ILOGIC_X0Y167        ISERDESE2 (Setup_iserdese2_CLKDIV_RST)
                                                     -0.443   265.775    design_1_i/AdcLVDS_Top_0/inst/lane_gen[6].u_lane/inst_Serdes_1x14_DDR_Data_Line/ISERDESE2_inst_slave
  -------------------------------------------------------------------
                         required time                        265.775    
                         arrival time                        -265.451    
  -------------------------------------------------------------------
                         slack                                  0.324    

Slack (MET) :             0.327ns  (required time - arrival time)
  Source:                 design_1_i/rst_ps7_0_100M/U0/PR_OUT_DFF[0].FDRE_PER/C
                            (rising edge-triggered cell FDRE clocked by clk_fpga_0  {rise@0.000ns fall@5.000ns period=10.000ns})
  Destination:            design_1_i/AdcLVDS_Top_0/inst/u_frame/rBitslipCnt_reg[0]/R
                            (rising edge-triggered cell FDRE clocked by clk_s  {rise@0.000ns fall@37.500ns period=87.500ns})
  Path Group:             clk_s
  Path Type:              Setup (Max at Slow Process Corner)
  Requirement:            2.500ns  (clk_s rise@262.500ns - clk_fpga_0 rise@260.000ns)
  Data Path Delay:        2.719ns  (logic 0.259ns (9.525%)  route 2.460ns (90.475%))
  Logic Levels:           0  
  Clock Path Skew:        0.981ns (DCD - SCD + CPR)
    Destination Clock Delay (DCD):    3.882ns = ( 266.382 - 262.500 ) 
    Source Clock Delay      (SCD):    2.901ns = ( 262.901 - 260.000 ) 
    Clock Pessimism Removal (CPR):    0.000ns
  Clock Uncertainty:      0.154ns  ((TSJ^2 + TIJ^2)^1/2 + DJ) / 2 + PE
    Total System Jitter     (TSJ):    0.071ns
    Total Input Jitter      (TIJ):    0.300ns
    Discrete Jitter          (DJ):    0.000ns
    Phase Error              (PE):    0.000ns
  Clock Domain Crossing:  Inter clock paths are considered valid unless explicitly excluded by timing constraints such as set_clock_groups or set_false_path.

    Location             Delay type                Incr(ns)  Path(ns)    Netlist Resource(s)
  -------------------------------------------------------------------    -------------------
                         (clock clk_fpga_0 rise edge)
                                                    260.000   260.000 r  
    PS7_X0Y0             PS7                          0.000   260.000 r  design_1_i/processing_system7_0/inst/PS7_i/FCLKCLK[0]
                         net (fo=1, routed)           1.393   261.393    design_1_i/processing_system7_0/inst/FCLK_CLK_unbuffered[0]
    BUFGCTRL_X0Y16       BUFG (Prop_bufg_I_O)         0.093   261.486 r  design_1_i/processing_system7_0/inst/buffer_fclk_clk_0.FCLK_CLK_0_BUFG/O
                         net (fo=3740, routed)        1.415   262.901    design_1_i/rst_ps7_0_100M/U0/slowest_sync_clk
    SLICE_X0Y178         FDRE                                         r  design_1_i/rst_ps7_0_100M/U0/PR_OUT_DFF[0].FDRE_PER/C
  -------------------------------------------------------------------    -------------------
    SLICE_X0Y178         FDRE (Prop_fdre_C_Q)         0.259   263.160 r  design_1_i/rst_ps7_0_100M/U0/PR_OUT_DFF[0].FDRE_PER/Q
                         net (fo=23, routed)          2.460   265.620    design_1_i/AdcLVDS_Top_0/inst/u_frame/sys_rst
    SLICE_X0Y163         FDRE                                         r  design_1_i/AdcLVDS_Top_0/inst/u_frame/rBitslipCnt_reg[0]/R
  -------------------------------------------------------------------    -------------------

                         (clock clk_s rise edge)    262.500   262.500 r  
    U26                                               0.000   262.500 r  lvds_dco_0_clk_p (IN)
                         net (fo=0)                   0.000   262.500    design_1_i/AdcLVDS_Top_0/inst/u_clock/lvds_dco_p
    U26                  IBUFDS (Prop_ibufds_I_O)     0.714   263.214 r  design_1_i/AdcLVDS_Top_0/inst/u_clock/i_ibufgds_dco/O
                         net (fo=1, routed)           0.859   264.073    design_1_i/AdcLVDS_Top_0/inst/u_clock/dco_out
    BUFMRCE_X0Y9         BUFMR (Prop_bufmr_I_O)       0.076   264.149 r  design_1_i/AdcLVDS_Top_0/inst/u_clock/i_bufmr/O
                         net (fo=2, routed)           1.102   265.251    design_1_i/AdcLVDS_Top_0/inst/u_clock/dco_mr_out
    BUFR_X0Y13           BUFR (Prop_bufr_I_O)         0.614   265.865 r  design_1_i/AdcLVDS_Top_0/inst/u_clock/i_bufr/O
                         net (fo=122, routed)         0.517   266.382    design_1_i/AdcLVDS_Top_0/inst/u_frame/clk_word
    SLICE_X0Y163         FDRE                                         r  design_1_i/AdcLVDS_Top_0/inst/u_frame/rBitslipCnt_reg[0]/C
                         clock pessimism              0.000   266.382    
                         clock uncertainty           -0.154   266.228    
    SLICE_X0Y163         FDRE (Setup_fdre_C_R)       -0.281   265.947    design_1_i/AdcLVDS_Top_0/inst/u_frame/rBitslipCnt_reg[0]
  -------------------------------------------------------------------
                         required time                        265.947    
                         arrival time                        -265.620    
  -------------------------------------------------------------------
                         slack                                  0.327    

Slack (MET) :             0.327ns  (required time - arrival time)
  Source:                 design_1_i/rst_ps7_0_100M/U0/PR_OUT_DFF[0].FDRE_PER/C
                            (rising edge-triggered cell FDRE clocked by clk_fpga_0  {rise@0.000ns fall@5.000ns period=10.000ns})
  Destination:            design_1_i/AdcLVDS_Top_0/inst/u_frame/rBitslipCnt_reg[1]/R
                            (rising edge-triggered cell FDRE clocked by clk_s  {rise@0.000ns fall@37.500ns period=87.500ns})
  Path Group:             clk_s
  Path Type:              Setup (Max at Slow Process Corner)
  Requirement:            2.500ns  (clk_s rise@262.500ns - clk_fpga_0 rise@260.000ns)
  Data Path Delay:        2.719ns  (logic 0.259ns (9.525%)  route 2.460ns (90.475%))
  Logic Levels:           0  
  Clock Path Skew:        0.981ns (DCD - SCD + CPR)
    Destination Clock Delay (DCD):    3.882ns = ( 266.382 - 262.500 ) 
    Source Clock Delay      (SCD):    2.901ns = ( 262.901 - 260.000 ) 
    Clock Pessimism Removal (CPR):    0.000ns
  Clock Uncertainty:      0.154ns  ((TSJ^2 + TIJ^2)^1/2 + DJ) / 2 + PE
    Total System Jitter     (TSJ):    0.071ns
    Total Input Jitter      (TIJ):    0.300ns
    Discrete Jitter          (DJ):    0.000ns
    Phase Error              (PE):    0.000ns
  Clock Domain Crossing:  Inter clock paths are considered valid unless explicitly excluded by timing constraints such as set_clock_groups or set_false_path.

    Location             Delay type                Incr(ns)  Path(ns)    Netlist Resource(s)
  -------------------------------------------------------------------    -------------------
                         (clock clk_fpga_0 rise edge)
                                                    260.000   260.000 r  
    PS7_X0Y0             PS7                          0.000   260.000 r  design_1_i/processing_system7_0/inst/PS7_i/FCLKCLK[0]
                         net (fo=1, routed)           1.393   261.393    design_1_i/processing_system7_0/inst/FCLK_CLK_unbuffered[0]
    BUFGCTRL_X0Y16       BUFG (Prop_bufg_I_O)         0.093   261.486 r  design_1_i/processing_system7_0/inst/buffer_fclk_clk_0.FCLK_CLK_0_BUFG/O
                         net (fo=3740, routed)        1.415   262.901    design_1_i/rst_ps7_0_100M/U0/slowest_sync_clk
    SLICE_X0Y178         FDRE                                         r  design_1_i/rst_ps7_0_100M/U0/PR_OUT_DFF[0].FDRE_PER/C
  -------------------------------------------------------------------    -------------------
    SLICE_X0Y178         FDRE (Prop_fdre_C_Q)         0.259   263.160 r  design_1_i/rst_ps7_0_100M/U0/PR_OUT_DFF[0].FDRE_PER/Q
                         net (fo=23, routed)          2.460   265.620    design_1_i/AdcLVDS_Top_0/inst/u_frame/sys_rst
    SLICE_X0Y163         FDRE                                         r  design_1_i/AdcLVDS_Top_0/inst/u_frame/rBitslipCnt_reg[1]/R
  -------------------------------------------------------------------    -------------------

                         (clock clk_s rise edge)    262.500   262.500 r  
    U26                                               0.000   262.500 r  lvds_dco_0_clk_p (IN)
                         net (fo=0)                   0.000   262.500    design_1_i/AdcLVDS_Top_0/inst/u_clock/lvds_dco_p
    U26                  IBUFDS (Prop_ibufds_I_O)     0.714   263.214 r  design_1_i/AdcLVDS_Top_0/inst/u_clock/i_ibufgds_dco/O
                         net (fo=1, routed)           0.859   264.073    design_1_i/AdcLVDS_Top_0/inst/u_clock/dco_out
    BUFMRCE_X0Y9         BUFMR (Prop_bufmr_I_O)       0.076   264.149 r  design_1_i/AdcLVDS_Top_0/inst/u_clock/i_bufmr/O
                         net (fo=2, routed)           1.102   265.251    design_1_i/AdcLVDS_Top_0/inst/u_clock/dco_mr_out
    BUFR_X0Y13           BUFR (Prop_bufr_I_O)         0.614   265.865 r  design_1_i/AdcLVDS_Top_0/inst/u_clock/i_bufr/O
                         net (fo=122, routed)         0.517   266.382    design_1_i/AdcLVDS_Top_0/inst/u_frame/clk_word
    SLICE_X0Y163         FDRE                                         r  design_1_i/AdcLVDS_Top_0/inst/u_frame/rBitslipCnt_reg[1]/C
                         clock pessimism              0.000   266.382    
                         clock uncertainty           -0.154   266.228    
    SLICE_X0Y163         FDRE (Setup_fdre_C_R)       -0.281   265.947    design_1_i/AdcLVDS_Top_0/inst/u_frame/rBitslipCnt_reg[1]
  -------------------------------------------------------------------
                         required time                        265.947    
                         arrival time                        -265.620    
  -------------------------------------------------------------------
                         slack                                  0.327    

Slack (MET) :             0.327ns  (required time - arrival time)
  Source:                 design_1_i/rst_ps7_0_100M/U0/PR_OUT_DFF[0].FDRE_PER/C
                            (rising edge-triggered cell FDRE clocked by clk_fpga_0  {rise@0.000ns fall@5.000ns period=10.000ns})
  Destination:            design_1_i/AdcLVDS_Top_0/inst/u_frame/rBitslipCnt_reg[2]/R
                            (rising edge-triggered cell FDRE clocked by clk_s  {rise@0.000ns fall@37.500ns period=87.500ns})
  Path Group:             clk_s
  Path Type:              Setup (Max at Slow Process Corner)
  Requirement:            2.500ns  (clk_s rise@262.500ns - clk_fpga_0 rise@260.000ns)
  Data Path Delay:        2.719ns  (logic 0.259ns (9.525%)  route 2.460ns (90.475%))
  Logic Levels:           0  
  Clock Path Skew:        0.981ns (DCD - SCD + CPR)
    Destination Clock Delay (DCD):    3.882ns = ( 266.382 - 262.500 ) 
    Source Clock Delay      (SCD):    2.901ns = ( 262.901 - 260.000 ) 
    Clock Pessimism Removal (CPR):    0.000ns
  Clock Uncertainty:      0.154ns  ((TSJ^2 + TIJ^2)^1/2 + DJ) / 2 + PE
    Total System Jitter     (TSJ):    0.071ns
    Total Input Jitter      (TIJ):    0.300ns
    Discrete Jitter          (DJ):    0.000ns
    Phase Error              (PE):    0.000ns
  Clock Domain Crossing:  Inter clock paths are considered valid unless explicitly excluded by timing constraints such as set_clock_groups or set_false_path.

    Location             Delay type                Incr(ns)  Path(ns)    Netlist Resource(s)
  -------------------------------------------------------------------    -------------------
                         (clock clk_fpga_0 rise edge)
                                                    260.000   260.000 r  
    PS7_X0Y0             PS7                          0.000   260.000 r  design_1_i/processing_system7_0/inst/PS7_i/FCLKCLK[0]
                         net (fo=1, routed)           1.393   261.393    design_1_i/processing_system7_0/inst/FCLK_CLK_unbuffered[0]
    BUFGCTRL_X0Y16       BUFG (Prop_bufg_I_O)         0.093   261.486 r  design_1_i/processing_system7_0/inst/buffer_fclk_clk_0.FCLK_CLK_0_BUFG/O
                         net (fo=3740, routed)        1.415   262.901    design_1_i/rst_ps7_0_100M/U0/slowest_sync_clk
    SLICE_X0Y178         FDRE                                         r  design_1_i/rst_ps7_0_100M/U0/PR_OUT_DFF[0].FDRE_PER/C
  -------------------------------------------------------------------    -------------------
    SLICE_X0Y178         FDRE (Prop_fdre_C_Q)         0.259   263.160 r  design_1_i/rst_ps7_0_100M/U0/PR_OUT_DFF[0].FDRE_PER/Q
                         net (fo=23, routed)          2.460   265.620    design_1_i/AdcLVDS_Top_0/inst/u_frame/sys_rst
    SLICE_X0Y163         FDRE                                         r  design_1_i/AdcLVDS_Top_0/inst/u_frame/rBitslipCnt_reg[2]/R
  -------------------------------------------------------------------    -------------------

                         (clock clk_s rise edge)    262.500   262.500 r  
    U26                                               0.000   262.500 r  lvds_dco_0_clk_p (IN)
                         net (fo=0)                   0.000   262.500    design_1_i/AdcLVDS_Top_0/inst/u_clock/lvds_dco_p
    U26                  IBUFDS (Prop_ibufds_I_O)     0.714   263.214 r  design_1_i/AdcLVDS_Top_0/inst/u_clock/i_ibufgds_dco/O
                         net (fo=1, routed)           0.859   264.073    design_1_i/AdcLVDS_Top_0/inst/u_clock/dco_out
    BUFMRCE_X0Y9         BUFMR (Prop_bufmr_I_O)       0.076   264.149 r  design_1_i/AdcLVDS_Top_0/inst/u_clock/i_bufmr/O
                         net (fo=2, routed)           1.102   265.251    design_1_i/AdcLVDS_Top_0/inst/u_clock/dco_mr_out
    BUFR_X0Y13           BUFR (Prop_bufr_I_O)         0.614   265.865 r  design_1_i/AdcLVDS_Top_0/inst/u_clock/i_bufr/O
                         net (fo=122, routed)         0.517   266.382    design_1_i/AdcLVDS_Top_0/inst/u_frame/clk_word
    SLICE_X0Y163         FDRE                                         r  design_1_i/AdcLVDS_Top_0/inst/u_frame/rBitslipCnt_reg[2]/C
                         clock pessimism              0.000   266.382    
                         clock uncertainty           -0.154   266.228    
    SLICE_X0Y163         FDRE (Setup_fdre_C_R)       -0.281   265.947    design_1_i/AdcLVDS_Top_0/inst/u_frame/rBitslipCnt_reg[2]
  -------------------------------------------------------------------
                         required time                        265.947    
                         arrival time                        -265.620    
  -------------------------------------------------------------------
                         slack                                  0.327    

Slack (MET) :             0.327ns  (required time - arrival time)
  Source:                 design_1_i/rst_ps7_0_100M/U0/PR_OUT_DFF[0].FDRE_PER/C
                            (rising edge-triggered cell FDRE clocked by clk_fpga_0  {rise@0.000ns fall@5.000ns period=10.000ns})
  Destination:            design_1_i/AdcLVDS_Top_0/inst/u_frame/rBitslipCnt_reg[3]/R
                            (rising edge-triggered cell FDRE clocked by clk_s  {rise@0.000ns fall@37.500ns period=87.500ns})
  Path Group:             clk_s
  Path Type:              Setup (Max at Slow Process Corner)
  Requirement:            2.500ns  (clk_s rise@262.500ns - clk_fpga_0 rise@260.000ns)
  Data Path Delay:        2.719ns  (logic 0.259ns (9.525%)  route 2.460ns (90.475%))
  Logic Levels:           0  
  Clock Path Skew:        0.981ns (DCD - SCD + CPR)
    Destination Clock Delay (DCD):    3.882ns = ( 266.382 - 262.500 ) 
    Source Clock Delay      (SCD):    2.901ns = ( 262.901 - 260.000 ) 
    Clock Pessimism Removal (CPR):    0.000ns
  Clock Uncertainty:      0.154ns  ((TSJ^2 + TIJ^2)^1/2 + DJ) / 2 + PE
    Total System Jitter     (TSJ):    0.071ns
    Total Input Jitter      (TIJ):    0.300ns
    Discrete Jitter          (DJ):    0.000ns
    Phase Error              (PE):    0.000ns
  Clock Domain Crossing:  Inter clock paths are considered valid unless explicitly excluded by timing constraints such as set_clock_groups or set_false_path.

    Location             Delay type                Incr(ns)  Path(ns)    Netlist Resource(s)
  -------------------------------------------------------------------    -------------------
                         (clock clk_fpga_0 rise edge)
                                                    260.000   260.000 r  
    PS7_X0Y0             PS7                          0.000   260.000 r  design_1_i/processing_system7_0/inst/PS7_i/FCLKCLK[0]
                         net (fo=1, routed)           1.393   261.393    design_1_i/processing_system7_0/inst/FCLK_CLK_unbuffered[0]
    BUFGCTRL_X0Y16       BUFG (Prop_bufg_I_O)         0.093   261.486 r  design_1_i/processing_system7_0/inst/buffer_fclk_clk_0.FCLK_CLK_0_BUFG/O
                         net (fo=3740, routed)        1.415   262.901    design_1_i/rst_ps7_0_100M/U0/slowest_sync_clk
    SLICE_X0Y178         FDRE                                         r  design_1_i/rst_ps7_0_100M/U0/PR_OUT_DFF[0].FDRE_PER/C
  -------------------------------------------------------------------    -------------------
    SLICE_X0Y178         FDRE (Prop_fdre_C_Q)         0.259   263.160 r  design_1_i/rst_ps7_0_100M/U0/PR_OUT_DFF[0].FDRE_PER/Q
                         net (fo=23, routed)          2.460   265.620    design_1_i/AdcLVDS_Top_0/inst/u_frame/sys_rst
    SLICE_X0Y163         FDRE                                         r  design_1_i/AdcLVDS_Top_0/inst/u_frame/rBitslipCnt_reg[3]/R
  -------------------------------------------------------------------    -------------------

                         (clock clk_s rise edge)    262.500   262.500 r  
    U26                                               0.000   262.500 r  lvds_dco_0_clk_p (IN)
                         net (fo=0)                   0.000   262.500    design_1_i/AdcLVDS_Top_0/inst/u_clock/lvds_dco_p
    U26                  IBUFDS (Prop_ibufds_I_O)     0.714   263.214 r  design_1_i/AdcLVDS_Top_0/inst/u_clock/i_ibufgds_dco/O
                         net (fo=1, routed)           0.859   264.073    design_1_i/AdcLVDS_Top_0/inst/u_clock/dco_out
    BUFMRCE_X0Y9         BUFMR (Prop_bufmr_I_O)       0.076   264.149 r  design_1_i/AdcLVDS_Top_0/inst/u_clock/i_bufmr/O
                         net (fo=2, routed)           1.102   265.251    design_1_i/AdcLVDS_Top_0/inst/u_clock/dco_mr_out
    BUFR_X0Y13           BUFR (Prop_bufr_I_O)         0.614   265.865 r  design_1_i/AdcLVDS_Top_0/inst/u_clock/i_bufr/O
                         net (fo=122, routed)         0.517   266.382    design_1_i/AdcLVDS_Top_0/inst/u_frame/clk_word
    SLICE_X0Y163         FDRE                                         r  design_1_i/AdcLVDS_Top_0/inst/u_frame/rBitslipCnt_reg[3]/C
                         clock pessimism              0.000   266.382    
                         clock uncertainty           -0.154   266.228    
    SLICE_X0Y163         FDRE (Setup_fdre_C_R)       -0.281   265.947    design_1_i/AdcLVDS_Top_0/inst/u_frame/rBitslipCnt_reg[3]
  -------------------------------------------------------------------
                         required time                        265.947    
                         arrival time                        -265.620    
  -------------------------------------------------------------------
                         slack                                  0.327    

Slack (MET) :             0.351ns  (required time - arrival time)
  Source:                 design_1_i/rst_ps7_0_100M/U0/PR_OUT_DFF[0].FDRE_PER/C
                            (rising edge-triggered cell FDRE clocked by clk_fpga_0  {rise@0.000ns fall@5.000ns period=10.000ns})
  Destination:            design_1_i/AdcLVDS_Top_0/inst/u_frame/inst_Serdes_1x14_DDR_Data_Line/ISERDESE2_inst_master/RST
                            (rising edge-triggered cell ISERDESE2 clocked by clk_s  {rise@0.000ns fall@37.500ns period=87.500ns})
  Path Group:             clk_s
  Path Type:              Setup (Max at Slow Process Corner)
  Requirement:            2.500ns  (clk_s rise@262.500ns - clk_fpga_0 rise@260.000ns)
  Data Path Delay:        2.519ns  (logic 0.259ns (10.284%)  route 2.260ns (89.716%))
  Logic Levels:           0  
  Clock Path Skew:        0.967ns (DCD - SCD + CPR)
    Destination Clock Delay (DCD):    3.868ns = ( 266.368 - 262.500 ) 
    Source Clock Delay      (SCD):    2.901ns = ( 262.901 - 260.000 ) 
    Clock Pessimism Removal (CPR):    0.000ns
  Clock Uncertainty:      0.154ns  ((TSJ^2 + TIJ^2)^1/2 + DJ) / 2 + PE
    Total System Jitter     (TSJ):    0.071ns
    Total Input Jitter      (TIJ):    0.300ns
    Discrete Jitter          (DJ):    0.000ns
    Phase Error              (PE):    0.000ns
  Clock Domain Crossing:  Inter clock paths are considered valid unless explicitly excluded by timing constraints such as set_clock_groups or set_false_path.

    Location             Delay type                Incr(ns)  Path(ns)    Netlist Resource(s)
  -------------------------------------------------------------------    -------------------
                         (clock clk_fpga_0 rise edge)
                                                    260.000   260.000 r  
    PS7_X0Y0             PS7                          0.000   260.000 r  design_1_i/processing_system7_0/inst/PS7_i/FCLKCLK[0]
                         net (fo=1, routed)           1.393   261.393    design_1_i/processing_system7_0/inst/FCLK_CLK_unbuffered[0]
    BUFGCTRL_X0Y16       BUFG (Prop_bufg_I_O)         0.093   261.486 r  design_1_i/processing_system7_0/inst/buffer_fclk_clk_0.FCLK_CLK_0_BUFG/O
                         net (fo=3740, routed)        1.415   262.901    design_1_i/rst_ps7_0_100M/U0/slowest_sync_clk
    SLICE_X0Y178         FDRE                                         r  design_1_i/rst_ps7_0_100M/U0/PR_OUT_DFF[0].FDRE_PER/C
  -------------------------------------------------------------------    -------------------
    SLICE_X0Y178         FDRE (Prop_fdre_C_Q)         0.259   263.160 r  design_1_i/rst_ps7_0_100M/U0/PR_OUT_DFF[0].FDRE_PER/Q
                         net (fo=23, routed)          2.260   265.420    design_1_i/AdcLVDS_Top_0/inst/u_frame/inst_Serdes_1x14_DDR_Data_Line/sys_rst
    ILOGIC_X0Y178        ISERDESE2                                    r  design_1_i/AdcLVDS_Top_0/inst/u_frame/inst_Serdes_1x14_DDR_Data_Line/ISERDESE2_inst_master/RST
  -------------------------------------------------------------------    -------------------

                         (clock clk_s rise edge)    262.500   262.500 r  
    U26                                               0.000   262.500 r  lvds_dco_0_clk_p (IN)
                         net (fo=0)                   0.000   262.500    design_1_i/AdcLVDS_Top_0/inst/u_clock/lvds_dco_p
    U26                  IBUFDS (Prop_ibufds_I_O)     0.714   263.214 r  design_1_i/AdcLVDS_Top_0/inst/u_clock/i_ibufgds_dco/O
                         net (fo=1, routed)           0.859   264.073    design_1_i/AdcLVDS_Top_0/inst/u_clock/dco_out
    BUFMRCE_X0Y9         BUFMR (Prop_bufmr_I_O)       0.076   264.149 r  design_1_i/AdcLVDS_Top_0/inst/u_clock/i_bufmr/O
                         net (fo=2, routed)           1.102   265.251    design_1_i/AdcLVDS_Top_0/inst/u_clock/dco_mr_out
    BUFR_X0Y13           BUFR (Prop_bufr_I_O)         0.614   265.865 r  design_1_i/AdcLVDS_Top_0/inst/u_clock/i_bufr/O
                         net (fo=122, routed)         0.503   266.368    design_1_i/AdcLVDS_Top_0/inst/u_frame/inst_Serdes_1x14_DDR_Data_Line/clk_word
    ILOGIC_X0Y178        ISERDESE2                                    r  design_1_i/AdcLVDS_Top_0/inst/u_frame/inst_Serdes_1x14_DDR_Data_Line/ISERDESE2_inst_master/CLKDIV
                         clock pessimism              0.000   266.368    
                         clock uncertainty           -0.154   266.214    
    ILOGIC_X0Y178        ISERDESE2 (Setup_iserdese2_CLKDIV_RST)
                                                     -0.443   265.771    design_1_i/AdcLVDS_Top_0/inst/u_frame/inst_Serdes_1x14_DDR_Data_Line/ISERDESE2_inst_master
  -------------------------------------------------------------------
                         required time                        265.771    
                         arrival time                        -265.420    
  -------------------------------------------------------------------
                         slack                                  0.351    

Slack (MET) :             0.359ns  (required time - arrival time)
  Source:                 design_1_i/rst_ps7_0_100M/U0/PR_OUT_DFF[0].FDRE_PER/C
                            (rising edge-triggered cell FDRE clocked by clk_fpga_0  {rise@0.000ns fall@5.000ns period=10.000ns})
  Destination:            design_1_i/AdcLVDS_Top_0/inst/lane_gen[3].u_lane/inst_Serdes_1x14_DDR_Data_Line/ISERDESE2_inst_slave/RST
                            (rising edge-triggered cell ISERDESE2 clocked by clk_s  {rise@0.000ns fall@37.500ns period=87.500ns})
  Path Group:             clk_s
  Path Type:              Setup (Max at Slow Process Corner)
  Requirement:            2.500ns  (clk_s rise@262.500ns - clk_fpga_0 rise@260.000ns)
  Data Path Delay:        2.517ns  (logic 0.259ns (10.291%)  route 2.258ns (89.709%))
  Logic Levels:           0  
  Clock Path Skew:        0.973ns (DCD - SCD + CPR)
    Destination Clock Delay (DCD):    3.874ns = ( 266.374 - 262.500 ) 
    Source Clock Delay      (SCD):    2.901ns = ( 262.901 - 260.000 ) 
    Clock Pessimism Removal (CPR):    0.000ns
  Clock Uncertainty:      0.154ns  ((TSJ^2 + TIJ^2)^1/2 + DJ) / 2 + PE
    Total System Jitter     (TSJ):    0.071ns
    Total Input Jitter      (TIJ):    0.300ns
    Discrete Jitter          (DJ):    0.000ns
    Phase Error              (PE):    0.000ns
  Clock Domain Crossing:  Inter clock paths are considered valid unless explicitly excluded by timing constraints such as set_clock_groups or set_false_path.

    Location             Delay type                Incr(ns)  Path(ns)    Netlist Resource(s)
  -------------------------------------------------------------------    -------------------
                         (clock clk_fpga_0 rise edge)
                                                    260.000   260.000 r  
    PS7_X0Y0             PS7                          0.000   260.000 r  design_1_i/processing_system7_0/inst/PS7_i/FCLKCLK[0]
                         net (fo=1, routed)           1.393   261.393    design_1_i/processing_system7_0/inst/FCLK_CLK_unbuffered[0]
    BUFGCTRL_X0Y16       BUFG (Prop_bufg_I_O)         0.093   261.486 r  design_1_i/processing_system7_0/inst/buffer_fclk_clk_0.FCLK_CLK_0_BUFG/O
                         net (fo=3740, routed)        1.415   262.901    design_1_i/rst_ps7_0_100M/U0/slowest_sync_clk
    SLICE_X0Y178         FDRE                                         r  design_1_i/rst_ps7_0_100M/U0/PR_OUT_DFF[0].FDRE_PER/C
  -------------------------------------------------------------------    -------------------
    SLICE_X0Y178         FDRE (Prop_fdre_C_Q)         0.259   263.160 r  design_1_i/rst_ps7_0_100M/U0/PR_OUT_DFF[0].FDRE_PER/Q
                         net (fo=23, routed)          2.258   265.418    design_1_i/AdcLVDS_Top_0/inst/lane_gen[3].u_lane/inst_Serdes_1x14_DDR_Data_Line/sys_rst
    ILOGIC_X0Y165        ISERDESE2                                    r  design_1_i/AdcLVDS_Top_0/inst/lane_gen[3].u_lane/inst_Serdes_1x14_DDR_Data_Line/ISERDESE2_inst_slave/RST
  -------------------------------------------------------------------    -------------------

                         (clock clk_s rise edge)    262.500   262.500 r  
    U26                                               0.000   262.500 r  lvds_dco_0_clk_p (IN)
                         net (fo=0)                   0.000   262.500    design_1_i/AdcLVDS_Top_0/inst/u_clock/lvds_dco_p
    U26                  IBUFDS (Prop_ibufds_I_O)     0.714   263.214 r  design_1_i/AdcLVDS_Top_0/inst/u_clock/i_ibufgds_dco/O
                         net (fo=1, routed)           0.859   264.073    design_1_i/AdcLVDS_Top_0/inst/u_clock/dco_out
    BUFMRCE_X0Y9         BUFMR (Prop_bufmr_I_O)       0.076   264.149 r  design_1_i/AdcLVDS_Top_0/inst/u_clock/i_bufmr/O
                         net (fo=2, routed)           1.102   265.251    design_1_i/AdcLVDS_Top_0/inst/u_clock/dco_mr_out
    BUFR_X0Y13           BUFR (Prop_bufr_I_O)         0.614   265.865 r  design_1_i/AdcLVDS_Top_0/inst/u_clock/i_bufr/O
                         net (fo=122, routed)         0.509   266.374    design_1_i/AdcLVDS_Top_0/inst/lane_gen[3].u_lane/inst_Serdes_1x14_DDR_Data_Line/clk_word
    ILOGIC_X0Y165        ISERDESE2                                    r  design_1_i/AdcLVDS_Top_0/inst/lane_gen[3].u_lane/inst_Serdes_1x14_DDR_Data_Line/ISERDESE2_inst_slave/CLKDIV
                         clock pessimism              0.000   266.374    
                         clock uncertainty           -0.154   266.220    
    ILOGIC_X0Y165        ISERDESE2 (Setup_iserdese2_CLKDIV_RST)
                                                     -0.443   265.777    design_1_i/AdcLVDS_Top_0/inst/lane_gen[3].u_lane/inst_Serdes_1x14_DDR_Data_Line/ISERDESE2_inst_slave
  -------------------------------------------------------------------
                         required time                        265.777    
                         arrival time                        -265.418    
  -------------------------------------------------------------------
                         slack                                  0.359    

Slack (MET) :             0.363ns  (required time - arrival time)
  Source:                 design_1_i/rst_ps7_0_100M/U0/PR_OUT_DFF[0].FDRE_PER/C
                            (rising edge-triggered cell FDRE clocked by clk_fpga_0  {rise@0.000ns fall@5.000ns period=10.000ns})
  Destination:            design_1_i/AdcLVDS_Top_0/inst/u_frame/rFrmAlignDone_reg/R
                            (rising edge-triggered cell FDRE clocked by clk_s  {rise@0.000ns fall@37.500ns period=87.500ns})
  Path Group:             clk_s
  Path Type:              Setup (Max at Slow Process Corner)
  Requirement:            2.500ns  (clk_s rise@262.500ns - clk_fpga_0 rise@260.000ns)
  Data Path Delay:        2.659ns  (logic 0.259ns (9.740%)  route 2.400ns (90.260%))
  Logic Levels:           0  
  Clock Path Skew:        0.980ns (DCD - SCD + CPR)
    Destination Clock Delay (DCD):    3.881ns = ( 266.381 - 262.500 ) 
    Source Clock Delay      (SCD):    2.901ns = ( 262.901 - 260.000 ) 
    Clock Pessimism Removal (CPR):    0.000ns
  Clock Uncertainty:      0.154ns  ((TSJ^2 + TIJ^2)^1/2 + DJ) / 2 + PE
    Total System Jitter     (TSJ):    0.071ns
    Total Input Jitter      (TIJ):    0.300ns
    Discrete Jitter          (DJ):    0.000ns
    Phase Error              (PE):    0.000ns
  Clock Domain Crossing:  Inter clock paths are considered valid unless explicitly excluded by timing constraints such as set_clock_groups or set_false_path.

    Location             Delay type                Incr(ns)  Path(ns)    Netlist Resource(s)
  -------------------------------------------------------------------    -------------------
                         (clock clk_fpga_0 rise edge)
                                                    260.000   260.000 r  
    PS7_X0Y0             PS7                          0.000   260.000 r  design_1_i/processing_system7_0/inst/PS7_i/FCLKCLK[0]
                         net (fo=1, routed)           1.393   261.393    design_1_i/processing_system7_0/inst/FCLK_CLK_unbuffered[0]
    BUFGCTRL_X0Y16       BUFG (Prop_bufg_I_O)         0.093   261.486 r  design_1_i/processing_system7_0/inst/buffer_fclk_clk_0.FCLK_CLK_0_BUFG/O
                         net (fo=3740, routed)        1.415   262.901    design_1_i/rst_ps7_0_100M/U0/slowest_sync_clk
    SLICE_X0Y178         FDRE                                         r  design_1_i/rst_ps7_0_100M/U0/PR_OUT_DFF[0].FDRE_PER/C
  -------------------------------------------------------------------    -------------------
    SLICE_X0Y178         FDRE (Prop_fdre_C_Q)         0.259   263.160 r  design_1_i/rst_ps7_0_100M/U0/PR_OUT_DFF[0].FDRE_PER/Q
                         net (fo=23, routed)          2.400   265.560    design_1_i/AdcLVDS_Top_0/inst/u_frame/sys_rst
    SLICE_X1Y164         FDRE                                         r  design_1_i/AdcLVDS_Top_0/inst/u_frame/rFrmAlignDone_reg/R
  -------------------------------------------------------------------    -------------------

                         (clock clk_s rise edge)    262.500   262.500 r  
    U26                                               0.000   262.500 r  lvds_dco_0_clk_p (IN)
                         net (fo=0)                   0.000   262.500    design_1_i/AdcLVDS_Top_0/inst/u_clock/lvds_dco_p
    U26                  IBUFDS (Prop_ibufds_I_O)     0.714   263.214 r  design_1_i/AdcLVDS_Top_0/inst/u_clock/i_ibufgds_dco/O
                         net (fo=1, routed)           0.859   264.073    design_1_i/AdcLVDS_Top_0/inst/u_clock/dco_out
    BUFMRCE_X0Y9         BUFMR (Prop_bufmr_I_O)       0.076   264.149 r  design_1_i/AdcLVDS_Top_0/inst/u_clock/i_bufmr/O
                         net (fo=2, routed)           1.102   265.251    design_1_i/AdcLVDS_Top_0/inst/u_clock/dco_mr_out
    BUFR_X0Y13           BUFR (Prop_bufr_I_O)         0.614   265.865 r  design_1_i/AdcLVDS_Top_0/inst/u_clock/i_bufr/O
                         net (fo=122, routed)         0.516   266.381    design_1_i/AdcLVDS_Top_0/inst/u_frame/clk_word
    SLICE_X1Y164         FDRE                                         r  design_1_i/AdcLVDS_Top_0/inst/u_frame/rFrmAlignDone_reg/C
                         clock pessimism              0.000   266.381    
                         clock uncertainty           -0.154   266.227    
    SLICE_X1Y164         FDRE (Setup_fdre_C_R)       -0.304   265.923    design_1_i/AdcLVDS_Top_0/inst/u_frame/rFrmAlignDone_reg
  -------------------------------------------------------------------
                         required time                        265.923    
                         arrival time                        -265.560    
  -------------------------------------------------------------------
                         slack                                  0.363    

Slack (MET) :             0.369ns  (required time - arrival time)
  Source:                 design_1_i/rst_ps7_0_100M/U0/PR_OUT_DFF[0].FDRE_PER/C
                            (rising edge-triggered cell FDRE clocked by clk_fpga_0  {rise@0.000ns fall@5.000ns period=10.000ns})
  Destination:            design_1_i/AdcLVDS_Top_0/inst/lane_gen[4].u_lane/inst_Serdes_1x14_DDR_Data_Line/ISERDESE2_inst_slave/RST
                            (rising edge-triggered cell ISERDESE2 clocked by clk_s  {rise@0.000ns fall@37.500ns period=87.500ns})
  Path Group:             clk_s
  Path Type:              Setup (Max at Slow Process Corner)
  Requirement:            2.500ns  (clk_s rise@262.500ns - clk_fpga_0 rise@260.000ns)
  Data Path Delay:        2.511ns  (logic 0.259ns (10.315%)  route 2.252ns (89.685%))
  Logic Levels:           0  
  Clock Path Skew:        0.977ns (DCD - SCD + CPR)
    Destination Clock Delay (DCD):    3.878ns = ( 266.378 - 262.500 ) 
    Source Clock Delay      (SCD):    2.901ns = ( 262.901 - 260.000 ) 
    Clock Pessimism Removal (CPR):    0.000ns
  Clock Uncertainty:      0.154ns  ((TSJ^2 + TIJ^2)^1/2 + DJ) / 2 + PE
    Total System Jitter     (TSJ):    0.071ns
    Total Input Jitter      (TIJ):    0.300ns
    Discrete Jitter          (DJ):    0.000ns
    Phase Error              (PE):    0.000ns
  Clock Domain Crossing:  Inter clock paths are considered valid unless explicitly excluded by timing constraints such as set_clock_groups or set_false_path.

    Location             Delay type                Incr(ns)  Path(ns)    Netlist Resource(s)
  -------------------------------------------------------------------    -------------------
                         (clock clk_fpga_0 rise edge)
                                                    260.000   260.000 r  
    PS7_X0Y0             PS7                          0.000   260.000 r  design_1_i/processing_system7_0/inst/PS7_i/FCLKCLK[0]
                         net (fo=1, routed)           1.393   261.393    design_1_i/processing_system7_0/inst/FCLK_CLK_unbuffered[0]
    BUFGCTRL_X0Y16       BUFG (Prop_bufg_I_O)         0.093   261.486 r  design_1_i/processing_system7_0/inst/buffer_fclk_clk_0.FCLK_CLK_0_BUFG/O
                         net (fo=3740, routed)        1.415   262.901    design_1_i/rst_ps7_0_100M/U0/slowest_sync_clk
    SLICE_X0Y178         FDRE                                         r  design_1_i/rst_ps7_0_100M/U0/PR_OUT_DFF[0].FDRE_PER/C
  -------------------------------------------------------------------    -------------------
    SLICE_X0Y178         FDRE (Prop_fdre_C_Q)         0.259   263.160 r  design_1_i/rst_ps7_0_100M/U0/PR_OUT_DFF[0].FDRE_PER/Q
                         net (fo=23, routed)          2.252   265.412    design_1_i/AdcLVDS_Top_0/inst/lane_gen[4].u_lane/inst_Serdes_1x14_DDR_Data_Line/sys_rst
    ILOGIC_X0Y159        ISERDESE2                                    r  design_1_i/AdcLVDS_Top_0/inst/lane_gen[4].u_lane/inst_Serdes_1x14_DDR_Data_Line/ISERDESE2_inst_slave/RST
  -------------------------------------------------------------------    -------------------

                         (clock clk_s rise edge)    262.500   262.500 r  
    U26                                               0.000   262.500 r  lvds_dco_0_clk_p (IN)
                         net (fo=0)                   0.000   262.500    design_1_i/AdcLVDS_Top_0/inst/u_clock/lvds_dco_p
    U26                  IBUFDS (Prop_ibufds_I_O)     0.714   263.214 r  design_1_i/AdcLVDS_Top_0/inst/u_clock/i_ibufgds_dco/O
                         net (fo=1, routed)           0.859   264.073    design_1_i/AdcLVDS_Top_0/inst/u_clock/dco_out
    BUFMRCE_X0Y9         BUFMR (Prop_bufmr_I_O)       0.076   264.149 r  design_1_i/AdcLVDS_Top_0/inst/u_clock/i_bufmr/O
                         net (fo=2, routed)           1.102   265.251    design_1_i/AdcLVDS_Top_0/inst/u_clock/dco_mr_out
    BUFR_X0Y13           BUFR (Prop_bufr_I_O)         0.614   265.865 r  design_1_i/AdcLVDS_Top_0/inst/u_clock/i_bufr/O
                         net (fo=122, routed)         0.513   266.378    design_1_i/AdcLVDS_Top_0/inst/lane_gen[4].u_lane/inst_Serdes_1x14_DDR_Data_Line/clk_word
    ILOGIC_X0Y159        ISERDESE2                                    r  design_1_i/AdcLVDS_Top_0/inst/lane_gen[4].u_lane/inst_Serdes_1x14_DDR_Data_Line/ISERDESE2_inst_slave/CLKDIV
                         clock pessimism              0.000   266.378    
                         clock uncertainty           -0.154   266.224    
    ILOGIC_X0Y159        ISERDESE2 (Setup_iserdese2_CLKDIV_RST)
                                                     -0.443   265.781    design_1_i/AdcLVDS_Top_0/inst/lane_gen[4].u_lane/inst_Serdes_1x14_DDR_Data_Line/ISERDESE2_inst_slave
  -------------------------------------------------------------------
                         required time                        265.781    
                         arrival time                        -265.412    
  -------------------------------------------------------------------
                         slack                                  0.369    

Slack (MET) :             0.377ns  (required time - arrival time)
  Source:                 design_1_i/rst_ps7_0_100M/U0/PR_OUT_DFF[0].FDRE_PER/C
                            (rising edge-triggered cell FDRE clocked by clk_fpga_0  {rise@0.000ns fall@5.000ns period=10.000ns})
  Destination:            design_1_i/AdcLVDS_Top_0/inst/u_frame/rBitslipCnt_reg[4]/R
                            (rising edge-triggered cell FDRE clocked by clk_s  {rise@0.000ns fall@37.500ns period=87.500ns})
  Path Group:             clk_s
  Path Type:              Setup (Max at Slow Process Corner)
  Requirement:            2.500ns  (clk_s rise@262.500ns - clk_fpga_0 rise@260.000ns)
  Data Path Delay:        2.646ns  (logic 0.259ns (9.789%)  route 2.387ns (90.211%))
  Logic Levels:           0  
  Clock Path Skew:        0.981ns (DCD - SCD + CPR)
    Destination Clock Delay (DCD):    3.882ns = ( 266.382 - 262.500 ) 
    Source Clock Delay      (SCD):    2.901ns = ( 262.901 - 260.000 ) 
    Clock Pessimism Removal (CPR):    0.000ns
  Clock Uncertainty:      0.154ns  ((TSJ^2 + TIJ^2)^1/2 + DJ) / 2 + PE
    Total System Jitter     (TSJ):    0.071ns
    Total Input Jitter      (TIJ):    0.300ns
    Discrete Jitter          (DJ):    0.000ns
    Phase Error              (PE):    0.000ns
  Clock Domain Crossing:  Inter clock paths are considered valid unless explicitly excluded by timing constraints such as set_clock_groups or set_false_path.

    Location             Delay type                Incr(ns)  Path(ns)    Netlist Resource(s)
  -------------------------------------------------------------------    -------------------
                         (clock clk_fpga_0 rise edge)
                                                    260.000   260.000 r  
    PS7_X0Y0             PS7                          0.000   260.000 r  design_1_i/processing_system7_0/inst/PS7_i/FCLKCLK[0]
                         net (fo=1, routed)           1.393   261.393    design_1_i/processing_system7_0/inst/FCLK_CLK_unbuffered[0]
    BUFGCTRL_X0Y16       BUFG (Prop_bufg_I_O)         0.093   261.486 r  design_1_i/processing_system7_0/inst/buffer_fclk_clk_0.FCLK_CLK_0_BUFG/O
                         net (fo=3740, routed)        1.415   262.901    design_1_i/rst_ps7_0_100M/U0/slowest_sync_clk
    SLICE_X0Y178         FDRE                                         r  design_1_i/rst_ps7_0_100M/U0/PR_OUT_DFF[0].FDRE_PER/C
  -------------------------------------------------------------------    -------------------
    SLICE_X0Y178         FDRE (Prop_fdre_C_Q)         0.259   263.160 r  design_1_i/rst_ps7_0_100M/U0/PR_OUT_DFF[0].FDRE_PER/Q
                         net (fo=23, routed)          2.387   265.547    design_1_i/AdcLVDS_Top_0/inst/u_frame/sys_rst
    SLICE_X1Y163         FDRE                                         r  design_1_i/AdcLVDS_Top_0/inst/u_frame/rBitslipCnt_reg[4]/R
  -------------------------------------------------------------------    -------------------

                         (clock clk_s rise edge)    262.500   262.500 r  
    U26                                               0.000   262.500 r  lvds_dco_0_clk_p (IN)
                         net (fo=0)                   0.000   262.500    design_1_i/AdcLVDS_Top_0/inst/u_clock/lvds_dco_p
    U26                  IBUFDS (Prop_ibufds_I_O)     0.714   263.214 r  design_1_i/AdcLVDS_Top_0/inst/u_clock/i_ibufgds_dco/O
                         net (fo=1, routed)           0.859   264.073    design_1_i/AdcLVDS_Top_0/inst/u_clock/dco_out
    BUFMRCE_X0Y9         BUFMR (Prop_bufmr_I_O)       0.076   264.149 r  design_1_i/AdcLVDS_Top_0/inst/u_clock/i_bufmr/O
                         net (fo=2, routed)           1.102   265.251    design_1_i/AdcLVDS_Top_0/inst/u_clock/dco_mr_out
    BUFR_X0Y13           BUFR (Prop_bufr_I_O)         0.614   265.865 r  design_1_i/AdcLVDS_Top_0/inst/u_clock/i_bufr/O
                         net (fo=122, routed)         0.517   266.382    design_1_i/AdcLVDS_Top_0/inst/u_frame/clk_word
    SLICE_X1Y163         FDRE                                         r  design_1_i/AdcLVDS_Top_0/inst/u_frame/rBitslipCnt_reg[4]/C
                         clock pessimism              0.000   266.382    
                         clock uncertainty           -0.154   266.228    
    SLICE_X1Y163         FDRE (Setup_fdre_C_R)       -0.304   265.924    design_1_i/AdcLVDS_Top_0/inst/u_frame/rBitslipCnt_reg[4]
  -------------------------------------------------------------------
                         required time                        265.924    
                         arrival time                        -265.547    
  -------------------------------------------------------------------
                         slack                                  0.377    





Min Delay Paths
--------------------------------------------------------------------------------------
Slack (MET) :             0.094ns  (arrival time - required time)
  Source:                 design_1_i/rst_ps7_0_100M/U0/PR_OUT_DFF[0].FDRE_PER/C
                            (rising edge-triggered cell FDRE clocked by clk_fpga_0  {rise@0.000ns fall@5.000ns period=10.000ns})
  Destination:            design_1_i/AdcLVDS_Top_0/inst/lane_gen[6].u_lane/inst_Serdes_1x14_DDR_Data_Line/ISERDESE2_inst_master/RST
                            (rising edge-triggered cell ISERDESE2 clocked by clk_s  {rise@0.000ns fall@37.500ns period=87.500ns})
  Path Group:             clk_s
  Path Type:              Hold (Min at Slow Process Corner)
  Requirement:            0.000ns  (clk_s rise@0.000ns - clk_fpga_0 rise@0.000ns)
  Data Path Delay:        1.821ns  (logic 0.206ns (11.313%)  route 1.615ns (88.687%))
  Logic Levels:           0  
  Clock Path Skew:        1.719ns (DCD - SCD - CPR)
    Destination Clock Delay (DCD):    4.370ns
    Source Clock Delay      (SCD):    2.651ns
    Clock Pessimism Removal (CPR):    -0.000ns
  Clock Uncertainty:      0.154ns  ((TSJ^2 + TIJ^2)^1/2 + DJ) / 2 + PE
    Total System Jitter     (TSJ):    0.071ns
    Total Input Jitter      (TIJ):    0.300ns
    Discrete Jitter          (DJ):    0.000ns
    Phase Error              (PE):    0.000ns
  Clock Domain Crossing:  Inter clock paths are considered valid unless explicitly excluded by timing constraints such as set_clock_groups or set_false_path.

    Location             Delay type                Incr(ns)  Path(ns)    Netlist Resource(s)
  -------------------------------------------------------------------    -------------------
                         (clock clk_fpga_0 rise edge)
                                                      0.000     0.000 r  
    PS7_X0Y0             PS7                          0.000     0.000 r  design_1_i/processing_system7_0/inst/PS7_i/FCLKCLK[0]
                         net (fo=1, routed)           1.294     1.294    design_1_i/processing_system7_0/inst/FCLK_CLK_unbuffered[0]
    BUFGCTRL_X0Y16       BUFG (Prop_bufg_I_O)         0.083     1.377 r  design_1_i/processing_system7_0/inst/buffer_fclk_clk_0.FCLK_CLK_0_BUFG/O
                         net (fo=3740, routed)        1.274     2.651    design_1_i/rst_ps7_0_100M/U0/slowest_sync_clk
    SLICE_X0Y178         FDRE                                         r  design_1_i/rst_ps7_0_100M/U0/PR_OUT_DFF[0].FDRE_PER/C
  -------------------------------------------------------------------    -------------------
    SLICE_X0Y178         FDRE (Prop_fdre_C_Q)         0.206     2.857 r  design_1_i/rst_ps7_0_100M/U0/PR_OUT_DFF[0].FDRE_PER/Q
                         net (fo=23, routed)          1.615     4.472    design_1_i/AdcLVDS_Top_0/inst/lane_gen[6].u_lane/inst_Serdes_1x14_DDR_Data_Line/sys_rst
    ILOGIC_X0Y168        ISERDESE2                                    r  design_1_i/AdcLVDS_Top_0/inst/lane_gen[6].u_lane/inst_Serdes_1x14_DDR_Data_Line/ISERDESE2_inst_master/RST
  -------------------------------------------------------------------    -------------------

                         (clock clk_s rise edge)      0.000     0.000 r  
    U26                                               0.000     0.000 r  lvds_dco_0_clk_p (IN)
                         net (fo=0)                   0.000     0.000    design_1_i/AdcLVDS_Top_0/inst/u_clock/lvds_dco_p
    U26                  IBUFDS (Prop_ibufds_I_O)     0.791     0.791 r  design_1_i/AdcLVDS_Top_0/inst/u_clock/i_ibufgds_dco/O
                         net (fo=1, routed)           1.040     1.831    design_1_i/AdcLVDS_Top_0/inst/u_clock/dco_out
    BUFMRCE_X0Y9         BUFMR (Prop_bufmr_I_O)       0.085     1.916 r  design_1_i/AdcLVDS_Top_0/inst/u_clock/i_bufmr/O
                         net (fo=2, routed)           1.239     3.155    design_1_i/AdcLVDS_Top_0/inst/u_clock/dco_mr_out
    BUFR_X0Y13           BUFR (Prop_bufr_I_O)         0.650     3.805 r  design_1_i/AdcLVDS_Top_0/inst/u_clock/i_bufr/O
                         net (fo=122, routed)         0.565     4.370    design_1_i/AdcLVDS_Top_0/inst/lane_gen[6].u_lane/inst_Serdes_1x14_DDR_Data_Line/clk_word
    ILOGIC_X0Y168        ISERDESE2                                    r  design_1_i/AdcLVDS_Top_0/inst/lane_gen[6].u_lane/inst_Serdes_1x14_DDR_Data_Line/ISERDESE2_inst_master/CLKDIV
                         clock pessimism              0.000     4.370    
                         clock uncertainty            0.154     4.524    
    ILOGIC_X0Y168        ISERDESE2 (Hold_iserdese2_CLKDIV_RST)
                                                     -0.146     4.378    design_1_i/AdcLVDS_Top_0/inst/lane_gen[6].u_lane/inst_Serdes_1x14_DDR_Data_Line/ISERDESE2_inst_master
  -------------------------------------------------------------------
                         required time                         -4.378    
                         arrival time                           4.472    
  -------------------------------------------------------------------
                         slack                                  0.094    

Slack (MET) :             0.136ns  (arrival time - required time)
  Source:                 design_1_i/rst_ps7_0_100M/U0/PR_OUT_DFF[0].FDRE_PER/C
                            (rising edge-triggered cell FDRE clocked by clk_fpga_0  {rise@0.000ns fall@5.000ns period=10.000ns})
  Destination:            design_1_i/AdcLVDS_Top_0/inst/lane_gen[7].u_lane/inst_Serdes_1x14_DDR_Data_Line/ISERDESE2_inst_master/RST
                            (rising edge-triggered cell ISERDESE2 clocked by clk_s  {rise@0.000ns fall@37.500ns period=87.500ns})
  Path Group:             clk_s
  Path Type:              Hold (Min at Slow Process Corner)
  Requirement:            0.000ns  (clk_s rise@0.000ns - clk_fpga_0 rise@0.000ns)
  Data Path Delay:        1.861ns  (logic 0.206ns (11.072%)  route 1.655ns (88.928%))
  Logic Levels:           0  
  Clock Path Skew:        1.717ns (DCD - SCD - CPR)
    Destination Clock Delay (DCD):    4.368ns
    Source Clock Delay      (SCD):    2.651ns
    Clock Pessimism Removal (CPR):    -0.000ns
  Clock Uncertainty:      0.154ns  ((TSJ^2 + TIJ^2)^1/2 + DJ) / 2 + PE
    Total System Jitter     (TSJ):    0.071ns
    Total Input Jitter      (TIJ):    0.300ns
    Discrete Jitter          (DJ):    0.000ns
    Phase Error              (PE):    0.000ns
  Clock Domain Crossing:  Inter clock paths are considered valid unless explicitly excluded by timing constraints such as set_clock_groups or set_false_path.

    Location             Delay type                Incr(ns)  Path(ns)    Netlist Resource(s)
  -------------------------------------------------------------------    -------------------
                         (clock clk_fpga_0 rise edge)
                                                      0.000     0.000 r  
    PS7_X0Y0             PS7                          0.000     0.000 r  design_1_i/processing_system7_0/inst/PS7_i/FCLKCLK[0]
                         net (fo=1, routed)           1.294     1.294    design_1_i/processing_system7_0/inst/FCLK_CLK_unbuffered[0]
    BUFGCTRL_X0Y16       BUFG (Prop_bufg_I_O)         0.083     1.377 r  design_1_i/processing_system7_0/inst/buffer_fclk_clk_0.FCLK_CLK_0_BUFG/O
                         net (fo=3740, routed)        1.274     2.651    design_1_i/rst_ps7_0_100M/U0/slowest_sync_clk
    SLICE_X0Y178         FDRE                                         r  design_1_i/rst_ps7_0_100M/U0/PR_OUT_DFF[0].FDRE_PER/C
  -------------------------------------------------------------------    -------------------
    SLICE_X0Y178         FDRE (Prop_fdre_C_Q)         0.206     2.857 r  design_1_i/rst_ps7_0_100M/U0/PR_OUT_DFF[0].FDRE_PER/Q
                         net (fo=23, routed)          1.655     4.512    design_1_i/AdcLVDS_Top_0/inst/lane_gen[7].u_lane/inst_Serdes_1x14_DDR_Data_Line/sys_rst
    ILOGIC_X0Y170        ISERDESE2                                    r  design_1_i/AdcLVDS_Top_0/inst/lane_gen[7].u_lane/inst_Serdes_1x14_DDR_Data_Line/ISERDESE2_inst_master/RST
  -------------------------------------------------------------------    -------------------

                         (clock clk_s rise edge)      0.000     0.000 r  
    U26                                               0.000     0.000 r  lvds_dco_0_clk_p (IN)
                         net (fo=0)                   0.000     0.000    design_1_i/AdcLVDS_Top_0/inst/u_clock/lvds_dco_p
    U26                  IBUFDS (Prop_ibufds_I_O)     0.791     0.791 r  design_1_i/AdcLVDS_Top_0/inst/u_clock/i_ibufgds_dco/O
                         net (fo=1, routed)           1.040     1.831    design_1_i/AdcLVDS_Top_0/inst/u_clock/dco_out
    BUFMRCE_X0Y9         BUFMR (Prop_bufmr_I_O)       0.085     1.916 r  design_1_i/AdcLVDS_Top_0/inst/u_clock/i_bufmr/O
                         net (fo=2, routed)           1.239     3.155    design_1_i/AdcLVDS_Top_0/inst/u_clock/dco_mr_out
    BUFR_X0Y13           BUFR (Prop_bufr_I_O)         0.650     3.805 r  design_1_i/AdcLVDS_Top_0/inst/u_clock/i_bufr/O
                         net (fo=122, routed)         0.563     4.368    design_1_i/AdcLVDS_Top_0/inst/lane_gen[7].u_lane/inst_Serdes_1x14_DDR_Data_Line/clk_word
    ILOGIC_X0Y170        ISERDESE2                                    r  design_1_i/AdcLVDS_Top_0/inst/lane_gen[7].u_lane/inst_Serdes_1x14_DDR_Data_Line/ISERDESE2_inst_master/CLKDIV
                         clock pessimism              0.000     4.368    
                         clock uncertainty            0.154     4.522    
    ILOGIC_X0Y170        ISERDESE2 (Hold_iserdese2_CLKDIV_RST)
                                                     -0.146     4.376    design_1_i/AdcLVDS_Top_0/inst/lane_gen[7].u_lane/inst_Serdes_1x14_DDR_Data_Line/ISERDESE2_inst_master
  -------------------------------------------------------------------
                         required time                         -4.376    
                         arrival time                           4.512    
  -------------------------------------------------------------------
                         slack                                  0.136    

Slack (MET) :             0.190ns  (arrival time - required time)
  Source:                 design_1_i/rst_ps7_0_100M/U0/PR_OUT_DFF[0].FDRE_PER/C
                            (rising edge-triggered cell FDRE clocked by clk_fpga_0  {rise@0.000ns fall@5.000ns period=10.000ns})
  Destination:            design_1_i/AdcLVDS_Top_0/inst/lane_gen[0].u_lane/inst_Serdes_1x14_DDR_Data_Line/ISERDESE2_inst_slave/RST
                            (rising edge-triggered cell ISERDESE2 clocked by clk_s  {rise@0.000ns fall@37.500ns period=87.500ns})
  Path Group:             clk_s
  Path Type:              Hold (Min at Slow Process Corner)
  Requirement:            0.000ns  (clk_s rise@0.000ns - clk_fpga_0 rise@0.000ns)
  Data Path Delay:        1.928ns  (logic 0.206ns (10.686%)  route 1.722ns (89.314%))
  Logic Levels:           0  
  Clock Path Skew:        1.730ns (DCD - SCD - CPR)
    Destination Clock Delay (DCD):    4.381ns
    Source Clock Delay      (SCD):    2.651ns
    Clock Pessimism Removal (CPR):    -0.000ns
  Clock Uncertainty:      0.154ns  ((TSJ^2 + TIJ^2)^1/2 + DJ) / 2 + PE
    Total System Jitter     (TSJ):    0.071ns
    Total Input Jitter      (TIJ):    0.300ns
    Discrete Jitter          (DJ):    0.000ns
    Phase Error              (PE):    0.000ns
  Clock Domain Crossing:  Inter clock paths are considered valid unless explicitly excluded by timing constraints such as set_clock_groups or set_false_path.

    Location             Delay type                Incr(ns)  Path(ns)    Netlist Resource(s)
  -------------------------------------------------------------------    -------------------
                         (clock clk_fpga_0 rise edge)
                                                      0.000     0.000 r  
    PS7_X0Y0             PS7                          0.000     0.000 r  design_1_i/processing_system7_0/inst/PS7_i/FCLKCLK[0]
                         net (fo=1, routed)           1.294     1.294    design_1_i/processing_system7_0/inst/FCLK_CLK_unbuffered[0]
    BUFGCTRL_X0Y16       BUFG (Prop_bufg_I_O)         0.083     1.377 r  design_1_i/processing_system7_0/inst/buffer_fclk_clk_0.FCLK_CLK_0_BUFG/O
                         net (fo=3740, routed)        1.274     2.651    design_1_i/rst_ps7_0_100M/U0/slowest_sync_clk
    SLICE_X0Y178         FDRE                                         r  design_1_i/rst_ps7_0_100M/U0/PR_OUT_DFF[0].FDRE_PER/C
  -------------------------------------------------------------------    -------------------
    SLICE_X0Y178         FDRE (Prop_fdre_C_Q)         0.206     2.857 r  design_1_i/rst_ps7_0_100M/U0/PR_OUT_DFF[0].FDRE_PER/Q
                         net (fo=23, routed)          1.722     4.579    design_1_i/AdcLVDS_Top_0/inst/lane_gen[0].u_lane/inst_Serdes_1x14_DDR_Data_Line/sys_rst
    ILOGIC_X0Y155        ISERDESE2                                    r  design_1_i/AdcLVDS_Top_0/inst/lane_gen[0].u_lane/inst_Serdes_1x14_DDR_Data_Line/ISERDESE2_inst_slave/RST
  -------------------------------------------------------------------    -------------------

                         (clock clk_s rise edge)      0.000     0.000 r  
    U26                                               0.000     0.000 r  lvds_dco_0_clk_p (IN)
                         net (fo=0)                   0.000     0.000    design_1_i/AdcLVDS_Top_0/inst/u_clock/lvds_dco_p
    U26                  IBUFDS (Prop_ibufds_I_O)     0.791     0.791 r  design_1_i/AdcLVDS_Top_0/inst/u_clock/i_ibufgds_dco/O
                         net (fo=1, routed)           1.040     1.831    design_1_i/AdcLVDS_Top_0/inst/u_clock/dco_out
    BUFMRCE_X0Y9         BUFMR (Prop_bufmr_I_O)       0.085     1.916 r  design_1_i/AdcLVDS_Top_0/inst/u_clock/i_bufmr/O
                         net (fo=2, routed)           1.239     3.155    design_1_i/AdcLVDS_Top_0/inst/u_clock/dco_mr_out
    BUFR_X0Y13           BUFR (Prop_bufr_I_O)         0.650     3.805 r  design_1_i/AdcLVDS_Top_0/inst/u_clock/i_bufr/O
                         net (fo=122, routed)         0.576     4.381    design_1_i/AdcLVDS_Top_0/inst/lane_gen[0].u_lane/inst_Serdes_1x14_DDR_Data_Line/clk_word
    ILOGIC_X0Y155        ISERDESE2                                    r  design_1_i/AdcLVDS_Top_0/inst/lane_gen[0].u_lane/inst_Serdes_1x14_DDR_Data_Line/ISERDESE2_inst_slave/CLKDIV
                         clock pessimism              0.000     4.381    
                         clock uncertainty            0.154     4.535    
    ILOGIC_X0Y155        ISERDESE2 (Hold_iserdese2_CLKDIV_RST)
                                                     -0.146     4.389    design_1_i/AdcLVDS_Top_0/inst/lane_gen[0].u_lane/inst_Serdes_1x14_DDR_Data_Line/ISERDESE2_inst_slave
  -------------------------------------------------------------------
                         required time                         -4.389    
                         arrival time                           4.579    
  -------------------------------------------------------------------
                         slack                                  0.190    

Slack (MET) :             0.236ns  (arrival time - required time)
  Source:                 design_1_i/rst_ps7_0_100M/U0/PR_OUT_DFF[0].FDRE_PER/C
                            (rising edge-triggered cell FDRE clocked by clk_fpga_0  {rise@0.000ns fall@5.000ns period=10.000ns})
  Destination:            design_1_i/AdcLVDS_Top_0/inst/u_frame/inst_Serdes_1x14_DDR_Data_Line/ISERDESE2_inst_slave/RST
                            (rising edge-triggered cell ISERDESE2 clocked by clk_s  {rise@0.000ns fall@37.500ns period=87.500ns})
  Path Group:             clk_s
  Path Type:              Hold (Min at Slow Process Corner)
  Requirement:            0.000ns  (clk_s rise@0.000ns - clk_fpga_0 rise@0.000ns)
  Data Path Delay:        1.958ns  (logic 0.206ns (10.523%)  route 1.752ns (89.477%))
  Logic Levels:           0  
  Clock Path Skew:        1.714ns (DCD - SCD - CPR)
    Destination Clock Delay (DCD):    4.365ns
    Source Clock Delay      (SCD):    2.651ns
    Clock Pessimism Removal (CPR):    -0.000ns
  Clock Uncertainty:      0.154ns  ((TSJ^2 + TIJ^2)^1/2 + DJ) / 2 + PE
    Total System Jitter     (TSJ):    0.071ns
    Total Input Jitter      (TIJ):    0.300ns
    Discrete Jitter          (DJ):    0.000ns
    Phase Error              (PE):    0.000ns
  Clock Domain Crossing:  Inter clock paths are considered valid unless explicitly excluded by timing constraints such as set_clock_groups or set_false_path.

    Location             Delay type                Incr(ns)  Path(ns)    Netlist Resource(s)
  -------------------------------------------------------------------    -------------------
                         (clock clk_fpga_0 rise edge)
                                                      0.000     0.000 r  
    PS7_X0Y0             PS7                          0.000     0.000 r  design_1_i/processing_system7_0/inst/PS7_i/FCLKCLK[0]
                         net (fo=1, routed)           1.294     1.294    design_1_i/processing_system7_0/inst/FCLK_CLK_unbuffered[0]
    BUFGCTRL_X0Y16       BUFG (Prop_bufg_I_O)         0.083     1.377 r  design_1_i/processing_system7_0/inst/buffer_fclk_clk_0.FCLK_CLK_0_BUFG/O
                         net (fo=3740, routed)        1.274     2.651    design_1_i/rst_ps7_0_100M/U0/slowest_sync_clk
    SLICE_X0Y178         FDRE                                         r  design_1_i/rst_ps7_0_100M/U0/PR_OUT_DFF[0].FDRE_PER/C
  -------------------------------------------------------------------    -------------------
    SLICE_X0Y178         FDRE (Prop_fdre_C_Q)         0.206     2.857 r  design_1_i/rst_ps7_0_100M/U0/PR_OUT_DFF[0].FDRE_PER/Q
                         net (fo=23, routed)          1.752     4.609    design_1_i/AdcLVDS_Top_0/inst/u_frame/inst_Serdes_1x14_DDR_Data_Line/sys_rst
    ILOGIC_X0Y177        ISERDESE2                                    r  design_1_i/AdcLVDS_Top_0/inst/u_frame/inst_Serdes_1x14_DDR_Data_Line/ISERDESE2_inst_slave/RST
  -------------------------------------------------------------------    -------------------

                         (clock clk_s rise edge)      0.000     0.000 r  
    U26                                               0.000     0.000 r  lvds_dco_0_clk_p (IN)
                         net (fo=0)                   0.000     0.000    design_1_i/AdcLVDS_Top_0/inst/u_clock/lvds_dco_p
    U26                  IBUFDS (Prop_ibufds_I_O)     0.791     0.791 r  design_1_i/AdcLVDS_Top_0/inst/u_clock/i_ibufgds_dco/O
                         net (fo=1, routed)           1.040     1.831    design_1_i/AdcLVDS_Top_0/inst/u_clock/dco_out
    BUFMRCE_X0Y9         BUFMR (Prop_bufmr_I_O)       0.085     1.916 r  design_1_i/AdcLVDS_Top_0/inst/u_clock/i_bufmr/O
                         net (fo=2, routed)           1.239     3.155    design_1_i/AdcLVDS_Top_0/inst/u_clock/dco_mr_out
    BUFR_X0Y13           BUFR (Prop_bufr_I_O)         0.650     3.805 r  design_1_i/AdcLVDS_Top_0/inst/u_clock/i_bufr/O
                         net (fo=122, routed)         0.560     4.365    design_1_i/AdcLVDS_Top_0/inst/u_frame/inst_Serdes_1x14_DDR_Data_Line/clk_word
    ILOGIC_X0Y177        ISERDESE2                                    r  design_1_i/AdcLVDS_Top_0/inst/u_frame/inst_Serdes_1x14_DDR_Data_Line/ISERDESE2_inst_slave/CLKDIV
                         clock pessimism              0.000     4.365    
                         clock uncertainty            0.154     4.519    
    ILOGIC_X0Y177        ISERDESE2 (Hold_iserdese2_CLKDIV_RST)
                                                     -0.146     4.373    design_1_i/AdcLVDS_Top_0/inst/u_frame/inst_Serdes_1x14_DDR_Data_Line/ISERDESE2_inst_slave
  -------------------------------------------------------------------
                         required time                         -4.373    
                         arrival time                           4.609    
  -------------------------------------------------------------------
                         slack                                  0.236    

Slack (MET) :             0.271ns  (arrival time - required time)
  Source:                 design_1_i/rst_ps7_0_100M/U0/PR_OUT_DFF[0].FDRE_PER/C
                            (rising edge-triggered cell FDRE clocked by clk_fpga_0  {rise@0.000ns fall@5.000ns period=10.000ns})
  Destination:            design_1_i/AdcLVDS_Top_0/inst/lane_gen[3].u_lane/inst_Serdes_1x14_DDR_Data_Line/ISERDESE2_inst_master/RST
                            (rising edge-triggered cell ISERDESE2 clocked by clk_s  {rise@0.000ns fall@37.500ns period=87.500ns})
  Path Group:             clk_s
  Path Type:              Hold (Min at Slow Process Corner)
  Requirement:            0.000ns  (clk_s rise@0.000ns - clk_fpga_0 rise@0.000ns)
  Data Path Delay:        2.000ns  (logic 0.206ns (10.299%)  route 1.794ns (89.701%))
  Logic Levels:           0  
  Clock Path Skew:        1.721ns (DCD - SCD - CPR)
    Destination Clock Delay (DCD):    4.372ns
    Source Clock Delay      (SCD):    2.651ns
    Clock Pessimism Removal (CPR):    -0.000ns
  Clock Uncertainty:      0.154ns  ((TSJ^2 + TIJ^2)^1/2 + DJ) / 2 + PE
    Total System Jitter     (TSJ):    0.071ns
    Total Input Jitter      (TIJ):    0.300ns
    Discrete Jitter          (DJ):    0.000ns
    Phase Error              (PE):    0.000ns
  Clock Domain Crossing:  Inter clock paths are considered valid unless explicitly excluded by timing constraints such as set_clock_groups or set_false_path.

    Location             Delay type                Incr(ns)  Path(ns)    Netlist Resource(s)
  -------------------------------------------------------------------    -------------------
                         (clock clk_fpga_0 rise edge)
                                                      0.000     0.000 r  
    PS7_X0Y0             PS7                          0.000     0.000 r  design_1_i/processing_system7_0/inst/PS7_i/FCLKCLK[0]
                         net (fo=1, routed)           1.294     1.294    design_1_i/processing_system7_0/inst/FCLK_CLK_unbuffered[0]
    BUFGCTRL_X0Y16       BUFG (Prop_bufg_I_O)         0.083     1.377 r  design_1_i/processing_system7_0/inst/buffer_fclk_clk_0.FCLK_CLK_0_BUFG/O
                         net (fo=3740, routed)        1.274     2.651    design_1_i/rst_ps7_0_100M/U0/slowest_sync_clk
    SLICE_X0Y178         FDRE                                         r  design_1_i/rst_ps7_0_100M/U0/PR_OUT_DFF[0].FDRE_PER/C
  -------------------------------------------------------------------    -------------------
    SLICE_X0Y178         FDRE (Prop_fdre_C_Q)         0.206     2.857 r  design_1_i/rst_ps7_0_100M/U0/PR_OUT_DFF[0].FDRE_PER/Q
                         net (fo=23, routed)          1.794     4.651    design_1_i/AdcLVDS_Top_0/inst/lane_gen[3].u_lane/inst_Serdes_1x14_DDR_Data_Line/sys_rst
    ILOGIC_X0Y166        ISERDESE2                                    r  design_1_i/AdcLVDS_Top_0/inst/lane_gen[3].u_lane/inst_Serdes_1x14_DDR_Data_Line/ISERDESE2_inst_master/RST
  -------------------------------------------------------------------    -------------------

                         (clock clk_s rise edge)      0.000     0.000 r  
    U26                                               0.000     0.000 r  lvds_dco_0_clk_p (IN)
                         net (fo=0)                   0.000     0.000    design_1_i/AdcLVDS_Top_0/inst/u_clock/lvds_dco_p
    U26                  IBUFDS (Prop_ibufds_I_O)     0.791     0.791 r  design_1_i/AdcLVDS_Top_0/inst/u_clock/i_ibufgds_dco/O
                         net (fo=1, routed)           1.040     1.831    design_1_i/AdcLVDS_Top_0/inst/u_clock/dco_out
    BUFMRCE_X0Y9         BUFMR (Prop_bufmr_I_O)       0.085     1.916 r  design_1_i/AdcLVDS_Top_0/inst/u_clock/i_bufmr/O
                         net (fo=2, routed)           1.239     3.155    design_1_i/AdcLVDS_Top_0/inst/u_clock/dco_mr_out
    BUFR_X0Y13           BUFR (Prop_bufr_I_O)         0.650     3.805 r  design_1_i/AdcLVDS_Top_0/inst/u_clock/i_bufr/O
                         net (fo=122, routed)         0.567     4.372    design_1_i/AdcLVDS_Top_0/inst/lane_gen[3].u_lane/inst_Serdes_1x14_DDR_Data_Line/clk_word
    ILOGIC_X0Y166        ISERDESE2                                    r  design_1_i/AdcLVDS_Top_0/inst/lane_gen[3].u_lane/inst_Serdes_1x14_DDR_Data_Line/ISERDESE2_inst_master/CLKDIV
                         clock pessimism              0.000     4.372    
                         clock uncertainty            0.154     4.526    
    ILOGIC_X0Y166        ISERDESE2 (Hold_iserdese2_CLKDIV_RST)
                                                     -0.146     4.380    design_1_i/AdcLVDS_Top_0/inst/lane_gen[3].u_lane/inst_Serdes_1x14_DDR_Data_Line/ISERDESE2_inst_master
  -------------------------------------------------------------------
                         required time                         -4.380    
                         arrival time                           4.651    
  -------------------------------------------------------------------
                         slack                                  0.271    

Slack (MET) :             0.305ns  (arrival time - required time)
  Source:                 design_1_i/rst_ps7_0_100M/U0/PR_OUT_DFF[0].FDRE_PER/C
                            (rising edge-triggered cell FDRE clocked by clk_fpga_0  {rise@0.000ns fall@5.000ns period=10.000ns})
  Destination:            design_1_i/AdcLVDS_Top_0/inst/lane_gen[7].u_lane/inst_Serdes_1x14_DDR_Data_Line/ISERDESE2_inst_slave/RST
                            (rising edge-triggered cell ISERDESE2 clocked by clk_s  {rise@0.000ns fall@37.500ns period=87.500ns})
  Path Group:             clk_s
  Path Type:              Hold (Min at Slow Process Corner)
  Requirement:            0.000ns  (clk_s rise@0.000ns - clk_fpga_0 rise@0.000ns)
  Data Path Delay:        2.032ns  (logic 0.206ns (10.140%)  route 1.826ns (89.860%))
  Logic Levels:           0  
  Clock Path Skew:        1.718ns (DCD - SCD - CPR)
    Destination Clock Delay (DCD):    4.369ns
    Source Clock Delay      (SCD):    2.651ns
    Clock Pessimism Removal (CPR):    -0.000ns
  Clock Uncertainty:      0.154ns  ((TSJ^2 + TIJ^2)^1/2 + DJ) / 2 + PE
    Total System Jitter     (TSJ):    0.071ns
    Total Input Jitter      (TIJ):    0.300ns
    Discrete Jitter          (DJ):    0.000ns
    Phase Error              (PE):    0.000ns
  Clock Domain Crossing:  Inter clock paths are considered valid unless explicitly excluded by timing constraints such as set_clock_groups or set_false_path.

    Location             Delay type                Incr(ns)  Path(ns)    Netlist Resource(s)
  -------------------------------------------------------------------    -------------------
                         (clock clk_fpga_0 rise edge)
                                                      0.000     0.000 r  
    PS7_X0Y0             PS7                          0.000     0.000 r  design_1_i/processing_system7_0/inst/PS7_i/FCLKCLK[0]
                         net (fo=1, routed)           1.294     1.294    design_1_i/processing_system7_0/inst/FCLK_CLK_unbuffered[0]
    BUFGCTRL_X0Y16       BUFG (Prop_bufg_I_O)         0.083     1.377 r  design_1_i/processing_system7_0/inst/buffer_fclk_clk_0.FCLK_CLK_0_BUFG/O
                         net (fo=3740, routed)        1.274     2.651    design_1_i/rst_ps7_0_100M/U0/slowest_sync_clk
    SLICE_X0Y178         FDRE                                         r  design_1_i/rst_ps7_0_100M/U0/PR_OUT_DFF[0].FDRE_PER/C
  -------------------------------------------------------------------    -------------------
    SLICE_X0Y178         FDRE (Prop_fdre_C_Q)         0.206     2.857 r  design_1_i/rst_ps7_0_100M/U0/PR_OUT_DFF[0].FDRE_PER/Q
                         net (fo=23, routed)          1.826     4.683    design_1_i/AdcLVDS_Top_0/inst/lane_gen[7].u_lane/inst_Serdes_1x14_DDR_Data_Line/sys_rst
    ILOGIC_X0Y169        ISERDESE2                                    r  design_1_i/AdcLVDS_Top_0/inst/lane_gen[7].u_lane/inst_Serdes_1x14_DDR_Data_Line/ISERDESE2_inst_slave/RST
  -------------------------------------------------------------------    -------------------

                         (clock clk_s rise edge)      0.000     0.000 r  
    U26                                               0.000     0.000 r  lvds_dco_0_clk_p (IN)
                         net (fo=0)                   0.000     0.000    design_1_i/AdcLVDS_Top_0/inst/u_clock/lvds_dco_p
    U26                  IBUFDS (Prop_ibufds_I_O)     0.791     0.791 r  design_1_i/AdcLVDS_Top_0/inst/u_clock/i_ibufgds_dco/O
                         net (fo=1, routed)           1.040     1.831    design_1_i/AdcLVDS_Top_0/inst/u_clock/dco_out
    BUFMRCE_X0Y9         BUFMR (Prop_bufmr_I_O)       0.085     1.916 r  design_1_i/AdcLVDS_Top_0/inst/u_clock/i_bufmr/O
                         net (fo=2, routed)           1.239     3.155    design_1_i/AdcLVDS_Top_0/inst/u_clock/dco_mr_out
    BUFR_X0Y13           BUFR (Prop_bufr_I_O)         0.650     3.805 r  design_1_i/AdcLVDS_Top_0/inst/u_clock/i_bufr/O
                         net (fo=122, routed)         0.564     4.369    design_1_i/AdcLVDS_Top_0/inst/lane_gen[7].u_lane/inst_Serdes_1x14_DDR_Data_Line/clk_word
    ILOGIC_X0Y169        ISERDESE2                                    r  design_1_i/AdcLVDS_Top_0/inst/lane_gen[7].u_lane/inst_Serdes_1x14_DDR_Data_Line/ISERDESE2_inst_slave/CLKDIV
                         clock pessimism              0.000     4.369    
                         clock uncertainty            0.154     4.523    
    ILOGIC_X0Y169        ISERDESE2 (Hold_iserdese2_CLKDIV_RST)
                                                     -0.146     4.377    design_1_i/AdcLVDS_Top_0/inst/lane_gen[7].u_lane/inst_Serdes_1x14_DDR_Data_Line/ISERDESE2_inst_slave
  -------------------------------------------------------------------
                         required time                         -4.377    
                         arrival time                           4.683    
  -------------------------------------------------------------------
                         slack                                  0.305    

Slack (MET) :             0.333ns  (arrival time - required time)
  Source:                 design_1_i/rst_ps7_0_100M/U0/PR_OUT_DFF[0].FDRE_PER/C
                            (rising edge-triggered cell FDRE clocked by clk_fpga_0  {rise@0.000ns fall@5.000ns period=10.000ns})
  Destination:            design_1_i/AdcLVDS_Top_0/inst/lane_gen[0].u_lane/inst_Serdes_1x14_DDR_Data_Line/ISERDESE2_inst_master/RST
                            (rising edge-triggered cell ISERDESE2 clocked by clk_s  {rise@0.000ns fall@37.500ns period=87.500ns})
  Path Group:             clk_s
  Path Type:              Hold (Min at Slow Process Corner)
  Requirement:            0.000ns  (clk_s rise@0.000ns - clk_fpga_0 rise@0.000ns)
  Data Path Delay:        2.070ns  (logic 0.206ns (9.953%)  route 1.864ns (90.047%))
  Logic Levels:           0  
  Clock Path Skew:        1.729ns (DCD - SCD - CPR)
    Destination Clock Delay (DCD):    4.380ns
    Source Clock Delay      (SCD):    2.651ns
    Clock Pessimism Removal (CPR):    -0.000ns
  Clock Uncertainty:      0.154ns  ((TSJ^2 + TIJ^2)^1/2 + DJ) / 2 + PE
    Total System Jitter     (TSJ):    0.071ns
    Total Input Jitter      (TIJ):    0.300ns
    Discrete Jitter          (DJ):    0.000ns
    Phase Error              (PE):    0.000ns
  Clock Domain Crossing:  Inter clock paths are considered valid unless explicitly excluded by timing constraints such as set_clock_groups or set_false_path.

    Location             Delay type                Incr(ns)  Path(ns)    Netlist Resource(s)
  -------------------------------------------------------------------    -------------------
                         (clock clk_fpga_0 rise edge)
                                                      0.000     0.000 r  
    PS7_X0Y0             PS7                          0.000     0.000 r  design_1_i/processing_system7_0/inst/PS7_i/FCLKCLK[0]
                         net (fo=1, routed)           1.294     1.294    design_1_i/processing_system7_0/inst/FCLK_CLK_unbuffered[0]
    BUFGCTRL_X0Y16       BUFG (Prop_bufg_I_O)         0.083     1.377 r  design_1_i/processing_system7_0/inst/buffer_fclk_clk_0.FCLK_CLK_0_BUFG/O
                         net (fo=3740, routed)        1.274     2.651    design_1_i/rst_ps7_0_100M/U0/slowest_sync_clk
    SLICE_X0Y178         FDRE                                         r  design_1_i/rst_ps7_0_100M/U0/PR_OUT_DFF[0].FDRE_PER/C
  -------------------------------------------------------------------    -------------------
    SLICE_X0Y178         FDRE (Prop_fdre_C_Q)         0.206     2.857 r  design_1_i/rst_ps7_0_100M/U0/PR_OUT_DFF[0].FDRE_PER/Q
                         net (fo=23, routed)          1.864     4.721    design_1_i/AdcLVDS_Top_0/inst/lane_gen[0].u_lane/inst_Serdes_1x14_DDR_Data_Line/sys_rst
    ILOGIC_X0Y156        ISERDESE2                                    r  design_1_i/AdcLVDS_Top_0/inst/lane_gen[0].u_lane/inst_Serdes_1x14_DDR_Data_Line/ISERDESE2_inst_master/RST
  -------------------------------------------------------------------    -------------------

                         (clock clk_s rise edge)      0.000     0.000 r  
    U26                                               0.000     0.000 r  lvds_dco_0_clk_p (IN)
                         net (fo=0)                   0.000     0.000    design_1_i/AdcLVDS_Top_0/inst/u_clock/lvds_dco_p
    U26                  IBUFDS (Prop_ibufds_I_O)     0.791     0.791 r  design_1_i/AdcLVDS_Top_0/inst/u_clock/i_ibufgds_dco/O
                         net (fo=1, routed)           1.040     1.831    design_1_i/AdcLVDS_Top_0/inst/u_clock/dco_out
    BUFMRCE_X0Y9         BUFMR (Prop_bufmr_I_O)       0.085     1.916 r  design_1_i/AdcLVDS_Top_0/inst/u_clock/i_bufmr/O
                         net (fo=2, routed)           1.239     3.155    design_1_i/AdcLVDS_Top_0/inst/u_clock/dco_mr_out
    BUFR_X0Y13           BUFR (Prop_bufr_I_O)         0.650     3.805 r  design_1_i/AdcLVDS_Top_0/inst/u_clock/i_bufr/O
                         net (fo=122, routed)         0.575     4.380    design_1_i/AdcLVDS_Top_0/inst/lane_gen[0].u_lane/inst_Serdes_1x14_DDR_Data_Line/clk_word
    ILOGIC_X0Y156        ISERDESE2                                    r  design_1_i/AdcLVDS_Top_0/inst/lane_gen[0].u_lane/inst_Serdes_1x14_DDR_Data_Line/ISERDESE2_inst_master/CLKDIV
                         clock pessimism              0.000     4.380    
                         clock uncertainty            0.154     4.534    
    ILOGIC_X0Y156        ISERDESE2 (Hold_iserdese2_CLKDIV_RST)
                                                     -0.146     4.388    design_1_i/AdcLVDS_Top_0/inst/lane_gen[0].u_lane/inst_Serdes_1x14_DDR_Data_Line/ISERDESE2_inst_master
  -------------------------------------------------------------------
                         required time                         -4.388    
                         arrival time                           4.721    
  -------------------------------------------------------------------
                         slack                                  0.333    

Slack (MET) :             0.333ns  (arrival time - required time)
  Source:                 design_1_i/rst_ps7_0_100M/U0/PR_OUT_DFF[0].FDRE_PER/C
                            (rising edge-triggered cell FDRE clocked by clk_fpga_0  {rise@0.000ns fall@5.000ns period=10.000ns})
  Destination:            design_1_i/AdcLVDS_Top_0/inst/u_frame/rBitslipCnt_reg[4]/R
                            (rising edge-triggered cell FDRE clocked by clk_s  {rise@0.000ns fall@37.500ns period=87.500ns})
  Path Group:             clk_s
  Path Type:              Hold (Min at Slow Process Corner)
  Requirement:            0.000ns  (clk_s rise@0.000ns - clk_fpga_0 rise@0.000ns)
  Data Path Delay:        2.245ns  (logic 0.206ns (9.176%)  route 2.039ns (90.824%))
  Logic Levels:           0  
  Clock Path Skew:        1.732ns (DCD - SCD - CPR)
    Destination Clock Delay (DCD):    4.383ns
    Source Clock Delay      (SCD):    2.651ns
    Clock Pessimism Removal (CPR):    -0.000ns
  Clock Uncertainty:      0.154ns  ((TSJ^2 + TIJ^2)^1/2 + DJ) / 2 + PE
    Total System Jitter     (TSJ):    0.071ns
    Total Input Jitter      (TIJ):    0.300ns
    Discrete Jitter          (DJ):    0.000ns
    Phase Error              (PE):    0.000ns
  Clock Domain Crossing:  Inter clock paths are considered valid unless explicitly excluded by timing constraints such as set_clock_groups or set_false_path.

    Location             Delay type                Incr(ns)  Path(ns)    Netlist Resource(s)
  -------------------------------------------------------------------    -------------------
                         (clock clk_fpga_0 rise edge)
                                                      0.000     0.000 r  
    PS7_X0Y0             PS7                          0.000     0.000 r  design_1_i/processing_system7_0/inst/PS7_i/FCLKCLK[0]
                         net (fo=1, routed)           1.294     1.294    design_1_i/processing_system7_0/inst/FCLK_CLK_unbuffered[0]
    BUFGCTRL_X0Y16       BUFG (Prop_bufg_I_O)         0.083     1.377 r  design_1_i/processing_system7_0/inst/buffer_fclk_clk_0.FCLK_CLK_0_BUFG/O
                         net (fo=3740, routed)        1.274     2.651    design_1_i/rst_ps7_0_100M/U0/slowest_sync_clk
    SLICE_X0Y178         FDRE                                         r  design_1_i/rst_ps7_0_100M/U0/PR_OUT_DFF[0].FDRE_PER/C
  -------------------------------------------------------------------    -------------------
    SLICE_X0Y178         FDRE (Prop_fdre_C_Q)         0.206     2.857 r  design_1_i/rst_ps7_0_100M/U0/PR_OUT_DFF[0].FDRE_PER/Q
                         net (fo=23, routed)          2.039     4.896    design_1_i/AdcLVDS_Top_0/inst/u_frame/sys_rst
    SLICE_X1Y163         FDRE                                         r  design_1_i/AdcLVDS_Top_0/inst/u_frame/rBitslipCnt_reg[4]/R
  -------------------------------------------------------------------    -------------------

                         (clock clk_s rise edge)      0.000     0.000 r  
    U26                                               0.000     0.000 r  lvds_dco_0_clk_p (IN)
                         net (fo=0)                   0.000     0.000    design_1_i/AdcLVDS_Top_0/inst/u_clock/lvds_dco_p
    U26                  IBUFDS (Prop_ibufds_I_O)     0.791     0.791 r  design_1_i/AdcLVDS_Top_0/inst/u_clock/i_ibufgds_dco/O
                         net (fo=1, routed)           1.040     1.831    design_1_i/AdcLVDS_Top_0/inst/u_clock/dco_out
    BUFMRCE_X0Y9         BUFMR (Prop_bufmr_I_O)       0.085     1.916 r  design_1_i/AdcLVDS_Top_0/inst/u_clock/i_bufmr/O
                         net (fo=2, routed)           1.239     3.155    design_1_i/AdcLVDS_Top_0/inst/u_clock/dco_mr_out
    BUFR_X0Y13           BUFR (Prop_bufr_I_O)         0.650     3.805 r  design_1_i/AdcLVDS_Top_0/inst/u_clock/i_bufr/O
                         net (fo=122, routed)         0.578     4.383    design_1_i/AdcLVDS_Top_0/inst/u_frame/clk_word
    SLICE_X1Y163         FDRE                                         r  design_1_i/AdcLVDS_Top_0/inst/u_frame/rBitslipCnt_reg[4]/C
                         clock pessimism              0.000     4.383    
                         clock uncertainty            0.154     4.537    
    SLICE_X1Y163         FDRE (Hold_fdre_C_R)         0.026     4.563    design_1_i/AdcLVDS_Top_0/inst/u_frame/rBitslipCnt_reg[4]
  -------------------------------------------------------------------
                         required time                         -4.563    
                         arrival time                           4.896    
  -------------------------------------------------------------------
                         slack                                  0.333    

Slack (MET) :             0.334ns  (arrival time - required time)
  Source:                 design_1_i/rst_ps7_0_100M/U0/PR_OUT_DFF[0].FDRE_PER/C
                            (rising edge-triggered cell FDRE clocked by clk_fpga_0  {rise@0.000ns fall@5.000ns period=10.000ns})
  Destination:            design_1_i/AdcLVDS_Top_0/inst/lane_gen[1].u_lane/inst_Serdes_1x14_DDR_Data_Line/ISERDESE2_inst_slave/RST
                            (rising edge-triggered cell ISERDESE2 clocked by clk_s  {rise@0.000ns fall@37.500ns period=87.500ns})
  Path Group:             clk_s
  Path Type:              Hold (Min at Slow Process Corner)
  Requirement:            0.000ns  (clk_s rise@0.000ns - clk_fpga_0 rise@0.000ns)
  Data Path Delay:        2.071ns  (logic 0.206ns (9.945%)  route 1.865ns (90.055%))
  Logic Levels:           0  
  Clock Path Skew:        1.729ns (DCD - SCD - CPR)
    Destination Clock Delay (DCD):    4.380ns
    Source Clock Delay      (SCD):    2.651ns
    Clock Pessimism Removal (CPR):    -0.000ns
  Clock Uncertainty:      0.154ns  ((TSJ^2 + TIJ^2)^1/2 + DJ) / 2 + PE
    Total System Jitter     (TSJ):    0.071ns
    Total Input Jitter      (TIJ):    0.300ns
    Discrete Jitter          (DJ):    0.000ns
    Phase Error              (PE):    0.000ns
  Clock Domain Crossing:  Inter clock paths are considered valid unless explicitly excluded by timing constraints such as set_clock_groups or set_false_path.

    Location             Delay type                Incr(ns)  Path(ns)    Netlist Resource(s)
  -------------------------------------------------------------------    -------------------
                         (clock clk_fpga_0 rise edge)
                                                      0.000     0.000 r  
    PS7_X0Y0             PS7                          0.000     0.000 r  design_1_i/processing_system7_0/inst/PS7_i/FCLKCLK[0]
                         net (fo=1, routed)           1.294     1.294    design_1_i/processing_system7_0/inst/FCLK_CLK_unbuffered[0]
    BUFGCTRL_X0Y16       BUFG (Prop_bufg_I_O)         0.083     1.377 r  design_1_i/processing_system7_0/inst/buffer_fclk_clk_0.FCLK_CLK_0_BUFG/O
                         net (fo=3740, routed)        1.274     2.651    design_1_i/rst_ps7_0_100M/U0/slowest_sync_clk
    SLICE_X0Y178         FDRE                                         r  design_1_i/rst_ps7_0_100M/U0/PR_OUT_DFF[0].FDRE_PER/C
  -------------------------------------------------------------------    -------------------
    SLICE_X0Y178         FDRE (Prop_fdre_C_Q)         0.206     2.857 r  design_1_i/rst_ps7_0_100M/U0/PR_OUT_DFF[0].FDRE_PER/Q
                         net (fo=23, routed)          1.865     4.722    design_1_i/AdcLVDS_Top_0/inst/lane_gen[1].u_lane/inst_Serdes_1x14_DDR_Data_Line/sys_rst
    ILOGIC_X0Y157        ISERDESE2                                    r  design_1_i/AdcLVDS_Top_0/inst/lane_gen[1].u_lane/inst_Serdes_1x14_DDR_Data_Line/ISERDESE2_inst_slave/RST
  -------------------------------------------------------------------    -------------------

                         (clock clk_s rise edge)      0.000     0.000 r  
    U26                                               0.000     0.000 r  lvds_dco_0_clk_p (IN)
                         net (fo=0)                   0.000     0.000    design_1_i/AdcLVDS_Top_0/inst/u_clock/lvds_dco_p
    U26                  IBUFDS (Prop_ibufds_I_O)     0.791     0.791 r  design_1_i/AdcLVDS_Top_0/inst/u_clock/i_ibufgds_dco/O
                         net (fo=1, routed)           1.040     1.831    design_1_i/AdcLVDS_Top_0/inst/u_clock/dco_out
    BUFMRCE_X0Y9         BUFMR (Prop_bufmr_I_O)       0.085     1.916 r  design_1_i/AdcLVDS_Top_0/inst/u_clock/i_bufmr/O
                         net (fo=2, routed)           1.239     3.155    design_1_i/AdcLVDS_Top_0/inst/u_clock/dco_mr_out
    BUFR_X0Y13           BUFR (Prop_bufr_I_O)         0.650     3.805 r  design_1_i/AdcLVDS_Top_0/inst/u_clock/i_bufr/O
                         net (fo=122, routed)         0.575     4.380    design_1_i/AdcLVDS_Top_0/inst/lane_gen[1].u_lane/inst_Serdes_1x14_DDR_Data_Line/clk_word
    ILOGIC_X0Y157        ISERDESE2                                    r  design_1_i/AdcLVDS_Top_0/inst/lane_gen[1].u_lane/inst_Serdes_1x14_DDR_Data_Line/ISERDESE2_inst_slave/CLKDIV
                         clock pessimism              0.000     4.380    
                         clock uncertainty            0.154     4.534    
    ILOGIC_X0Y157        ISERDESE2 (Hold_iserdese2_CLKDIV_RST)
                                                     -0.146     4.388    design_1_i/AdcLVDS_Top_0/inst/lane_gen[1].u_lane/inst_Serdes_1x14_DDR_Data_Line/ISERDESE2_inst_slave
  -------------------------------------------------------------------
                         required time                         -4.388    
                         arrival time                           4.722    
  -------------------------------------------------------------------
                         slack                                  0.334    

Slack (MET) :             0.337ns  (arrival time - required time)
  Source:                 design_1_i/rst_ps7_0_100M/U0/PR_OUT_DFF[0].FDRE_PER/C
                            (rising edge-triggered cell FDRE clocked by clk_fpga_0  {rise@0.000ns fall@5.000ns period=10.000ns})
  Destination:            design_1_i/AdcLVDS_Top_0/inst/lane_gen[2].u_lane/inst_Serdes_1x14_DDR_Data_Line/ISERDESE2_inst_master/RST
                            (rising edge-triggered cell ISERDESE2 clocked by clk_s  {rise@0.000ns fall@37.500ns period=87.500ns})
  Path Group:             clk_s
  Path Type:              Hold (Min at Slow Process Corner)
  Requirement:            0.000ns  (clk_s rise@0.000ns - clk_fpga_0 rise@0.000ns)
  Data Path Delay:        2.075ns  (logic 0.206ns (9.928%)  route 1.869ns (90.072%))
  Logic Levels:           0  
  Clock Path Skew:        1.730ns (DCD - SCD - CPR)
    Destination Clock Delay (DCD):    4.381ns
    Source Clock Delay      (SCD):    2.651ns
    Clock Pessimism Removal (CPR):    -0.000ns
  Clock Uncertainty:      0.154ns  ((TSJ^2 + TIJ^2)^1/2 + DJ) / 2 + PE
    Total System Jitter     (TSJ):    0.071ns
    Total Input Jitter      (TIJ):    0.300ns
    Discrete Jitter          (DJ):    0.000ns
    Phase Error              (PE):    0.000ns
  Clock Domain Crossing:  Inter clock paths are considered valid unless explicitly excluded by timing constraints such as set_clock_groups or set_false_path.

    Location             Delay type                Incr(ns)  Path(ns)    Netlist Resource(s)
  -------------------------------------------------------------------    -------------------
                         (clock clk_fpga_0 rise edge)
                                                      0.000     0.000 r  
    PS7_X0Y0             PS7                          0.000     0.000 r  design_1_i/processing_system7_0/inst/PS7_i/FCLKCLK[0]
                         net (fo=1, routed)           1.294     1.294    design_1_i/processing_system7_0/inst/FCLK_CLK_unbuffered[0]
    BUFGCTRL_X0Y16       BUFG (Prop_bufg_I_O)         0.083     1.377 r  design_1_i/processing_system7_0/inst/buffer_fclk_clk_0.FCLK_CLK_0_BUFG/O
                         net (fo=3740, routed)        1.274     2.651    design_1_i/rst_ps7_0_100M/U0/slowest_sync_clk
    SLICE_X0Y178         FDRE                                         r  design_1_i/rst_ps7_0_100M/U0/PR_OUT_DFF[0].FDRE_PER/C
  -------------------------------------------------------------------    -------------------
    SLICE_X0Y178         FDRE (Prop_fdre_C_Q)         0.206     2.857 r  design_1_i/rst_ps7_0_100M/U0/PR_OUT_DFF[0].FDRE_PER/Q
                         net (fo=23, routed)          1.869     4.726    design_1_i/AdcLVDS_Top_0/inst/lane_gen[2].u_lane/inst_Serdes_1x14_DDR_Data_Line/sys_rst
    ILOGIC_X0Y154        ISERDESE2                                    r  design_1_i/AdcLVDS_Top_0/inst/lane_gen[2].u_lane/inst_Serdes_1x14_DDR_Data_Line/ISERDESE2_inst_master/RST
  -------------------------------------------------------------------    -------------------

                         (clock clk_s rise edge)      0.000     0.000 r  
    U26                                               0.000     0.000 r  lvds_dco_0_clk_p (IN)
                         net (fo=0)                   0.000     0.000    design_1_i/AdcLVDS_Top_0/inst/u_clock/lvds_dco_p
    U26                  IBUFDS (Prop_ibufds_I_O)     0.791     0.791 r  design_1_i/AdcLVDS_Top_0/inst/u_clock/i_ibufgds_dco/O
                         net (fo=1, routed)           1.040     1.831    design_1_i/AdcLVDS_Top_0/inst/u_clock/dco_out
    BUFMRCE_X0Y9         BUFMR (Prop_bufmr_I_O)       0.085     1.916 r  design_1_i/AdcLVDS_Top_0/inst/u_clock/i_bufmr/O
                         net (fo=2, routed)           1.239     3.155    design_1_i/AdcLVDS_Top_0/inst/u_clock/dco_mr_out
    BUFR_X0Y13           BUFR (Prop_bufr_I_O)         0.650     3.805 r  design_1_i/AdcLVDS_Top_0/inst/u_clock/i_bufr/O
                         net (fo=122, routed)         0.576     4.381    design_1_i/AdcLVDS_Top_0/inst/lane_gen[2].u_lane/inst_Serdes_1x14_DDR_Data_Line/clk_word
    ILOGIC_X0Y154        ISERDESE2                                    r  design_1_i/AdcLVDS_Top_0/inst/lane_gen[2].u_lane/inst_Serdes_1x14_DDR_Data_Line/ISERDESE2_inst_master/CLKDIV
                         clock pessimism              0.000     4.381    
                         clock uncertainty            0.154     4.535    
    ILOGIC_X0Y154        ISERDESE2 (Hold_iserdese2_CLKDIV_RST)
                                                     -0.146     4.389    design_1_i/AdcLVDS_Top_0/inst/lane_gen[2].u_lane/inst_Serdes_1x14_DDR_Data_Line/ISERDESE2_inst_master
  -------------------------------------------------------------------
                         required time                         -4.389    
                         arrival time                           4.726    
  -------------------------------------------------------------------
                         slack                                  0.337    





---------------------------------------------------------------------------------------------------
Path Group:  **async_default**
From Clock:  clk_fpga_0
  To Clock:  clk_fpga_0

Setup :            0  Failing Endpoints,  Worst Slack        7.984ns,  Total Violation        0.000ns
Hold  :            0  Failing Endpoints,  Worst Slack        0.454ns,  Total Violation        0.000ns
---------------------------------------------------------------------------------------------------


Max Delay Paths
--------------------------------------------------------------------------------------
Slack (MET) :             7.984ns  (required time - arrival time)
  Source:                 design_1_i/axi_mem_intercon/s00_couplers/auto_ds/inst/gen_downsizer.gen_cascaded_downsizer.gen_axi3_conv.axi3_conv_inst/gen_axi4_axi3.axi3_conv_inst/USE_WRITE.write_addr_inst/USE_BURSTS.cmd_queue/inst/fifo_gen_inst/inst_fifo_gen/gconvfifo.rf/grf.rf/rstblk/ngwrdrst.grst.g7serrst.gnsckt_wrst.gcc_rst.sckt_wr_rst_cc_reg[0]/C
                            (rising edge-triggered cell FDRE clocked by clk_fpga_0  {rise@0.000ns fall@5.000ns period=10.000ns})
  Destination:            design_1_i/axi_mem_intercon/s00_couplers/auto_ds/inst/gen_downsizer.gen_cascaded_downsizer.gen_axi3_conv.axi3_conv_inst/gen_axi4_axi3.axi3_conv_inst/USE_WRITE.write_addr_inst/USE_BURSTS.cmd_queue/inst/fifo_gen_inst/inst_fifo_gen/gconvfifo.rf/grf.rf/gntv_or_sync_fifo.gl0.rd/gr1.gr1_int.rfwft/gpregsm1.user_valid_reg/CLR
                            (recovery check against rising-edge clock clk_fpga_0  {rise@0.000ns fall@5.000ns period=10.000ns})
  Path Group:             **async_default**
  Path Type:              Recovery (Max at Slow Process Corner)
  Requirement:            10.000ns  (clk_fpga_0 rise@10.000ns - clk_fpga_0 rise@0.000ns)
  Data Path Delay:        1.384ns  (logic 0.302ns (21.824%)  route 1.082ns (78.176%))
  Logic Levels:           1  (LUT3=1)
  Clock Path Skew:        -0.266ns (DCD - SCD + CPR)
    Destination Clock Delay (DCD):    2.731ns = ( 12.731 - 10.000 ) 
    Source Clock Delay      (SCD):    3.149ns
    Clock Pessimism Removal (CPR):    0.152ns
  Clock Uncertainty:      0.154ns  ((TSJ^2 + TIJ^2)^1/2 + DJ) / 2 + PE
    Total System Jitter     (TSJ):    0.071ns
    Total Input Jitter      (TIJ):    0.300ns
    Discrete Jitter          (DJ):    0.000ns
    Phase Error              (PE):    0.000ns

    Location             Delay type                Incr(ns)  Path(ns)    Netlist Resource(s)
  -------------------------------------------------------------------    -------------------
                         (clock clk_fpga_0 rise edge)
                                                      0.000     0.000 r  
    PS7_X0Y0             PS7                          0.000     0.000 r  design_1_i/processing_system7_0/inst/PS7_i/FCLKCLK[0]
                         net (fo=1, routed)           1.393     1.393    design_1_i/processing_system7_0/inst/FCLK_CLK_unbuffered[0]
    BUFGCTRL_X0Y16       BUFG (Prop_bufg_I_O)         0.093     1.486 r  design_1_i/processing_system7_0/inst/buffer_fclk_clk_0.FCLK_CLK_0_BUFG/O
                         net (fo=3740, routed)        1.663     3.149    design_1_i/axi_mem_intercon/s00_couplers/auto_ds/inst/gen_downsizer.gen_cascaded_downsizer.gen_axi3_conv.axi3_conv_inst/gen_axi4_axi3.axi3_conv_inst/USE_WRITE.write_addr_inst/USE_BURSTS.cmd_queue/inst/fifo_gen_inst/inst_fifo_gen/gconvfifo.rf/grf.rf/rstblk/clk
    SLICE_X26Y254        FDRE                                         r  design_1_i/axi_mem_intercon/s00_couplers/auto_ds/inst/gen_downsizer.gen_cascaded_downsizer.gen_axi3_conv.axi3_conv_inst/gen_axi4_axi3.axi3_conv_inst/USE_WRITE.write_addr_inst/USE_BURSTS.cmd_queue/inst/fifo_gen_inst/inst_fifo_gen/gconvfifo.rf/grf.rf/rstblk/ngwrdrst.grst.g7serrst.gnsckt_wrst.gcc_rst.sckt_wr_rst_cc_reg[0]/C
  -------------------------------------------------------------------    -------------------
    SLICE_X26Y254        FDRE (Prop_fdre_C_Q)         0.259     3.408 f  design_1_i/axi_mem_intercon/s00_couplers/auto_ds/inst/gen_downsizer.gen_cascaded_downsizer.gen_axi3_conv.axi3_conv_inst/gen_axi4_axi3.axi3_conv_inst/USE_WRITE.write_addr_inst/USE_BURSTS.cmd_queue/inst/fifo_gen_inst/inst_fifo_gen/gconvfifo.rf/grf.rf/rstblk/ngwrdrst.grst.g7serrst.gnsckt_wrst.gcc_rst.sckt_wr_rst_cc_reg[0]/Q
                         net (fo=3, routed)           0.489     3.897    design_1_i/axi_mem_intercon/s00_couplers/auto_ds/inst/gen_downsizer.gen_cascaded_downsizer.gen_axi3_conv.axi3_conv_inst/gen_axi4_axi3.axi3_conv_inst/USE_WRITE.write_addr_inst/USE_BURSTS.cmd_queue/inst/fifo_gen_inst/inst_fifo_gen/gconvfifo.rf/grf.rf/rstblk/sckt_wr_rst_cc[0]
    SLICE_X26Y253        LUT3 (Prop_lut3_I1_O)        0.043     3.940 f  design_1_i/axi_mem_intercon/s00_couplers/auto_ds/inst/gen_downsizer.gen_cascaded_downsizer.gen_axi3_conv.axi3_conv_inst/gen_axi4_axi3.axi3_conv_inst/USE_WRITE.write_addr_inst/USE_BURSTS.cmd_queue/inst/fifo_gen_inst/inst_fifo_gen/gconvfifo.rf/grf.rf/rstblk/gpregsm1.curr_fwft_state[1]_i_2/O
                         net (fo=32, routed)          0.593     4.533    design_1_i/axi_mem_intercon/s00_couplers/auto_ds/inst/gen_downsizer.gen_cascaded_downsizer.gen_axi3_conv.axi3_conv_inst/gen_axi4_axi3.axi3_conv_inst/USE_WRITE.write_addr_inst/USE_BURSTS.cmd_queue/inst/fifo_gen_inst/inst_fifo_gen/gconvfifo.rf/grf.rf/gntv_or_sync_fifo.gl0.rd/gr1.gr1_int.rfwft/gpregsm1.user_valid_reg_0
    SLICE_X28Y248        FDCE                                         f  design_1_i/axi_mem_intercon/s00_couplers/auto_ds/inst/gen_downsizer.gen_cascaded_downsizer.gen_axi3_conv.axi3_conv_inst/gen_axi4_axi3.axi3_conv_inst/USE_WRITE.write_addr_inst/USE_BURSTS.cmd_queue/inst/fifo_gen_inst/inst_fifo_gen/gconvfifo.rf/grf.rf/gntv_or_sync_fifo.gl0.rd/gr1.gr1_int.rfwft/gpregsm1.user_valid_reg/CLR
  -------------------------------------------------------------------    -------------------

                         (clock clk_fpga_0 rise edge)
                                                     10.000    10.000 r  
    PS7_X0Y0             PS7                          0.000    10.000 r  design_1_i/processing_system7_0/inst/PS7_i/FCLKCLK[0]
                         net (fo=1, routed)           1.294    11.294    design_1_i/processing_system7_0/inst/FCLK_CLK_unbuffered[0]
    BUFGCTRL_X0Y16       BUFG (Prop_bufg_I_O)         0.083    11.377 r  design_1_i/processing_system7_0/inst/buffer_fclk_clk_0.FCLK_CLK_0_BUFG/O
                         net (fo=3740, routed)        1.354    12.731    design_1_i/axi_mem_intercon/s00_couplers/auto_ds/inst/gen_downsizer.gen_cascaded_downsizer.gen_axi3_conv.axi3_conv_inst/gen_axi4_axi3.axi3_conv_inst/USE_WRITE.write_addr_inst/USE_BURSTS.cmd_queue/inst/fifo_gen_inst/inst_fifo_gen/gconvfifo.rf/grf.rf/gntv_or_sync_fifo.gl0.rd/gr1.gr1_int.rfwft/clk
    SLICE_X28Y248        FDCE                                         r  design_1_i/axi_mem_intercon/s00_couplers/auto_ds/inst/gen_downsizer.gen_cascaded_downsizer.gen_axi3_conv.axi3_conv_inst/gen_axi4_axi3.axi3_conv_inst/USE_WRITE.write_addr_inst/USE_BURSTS.cmd_queue/inst/fifo_gen_inst/inst_fifo_gen/gconvfifo.rf/grf.rf/gntv_or_sync_fifo.gl0.rd/gr1.gr1_int.rfwft/gpregsm1.user_valid_reg/C
                         clock pessimism              0.152    12.883    
                         clock uncertainty           -0.154    12.729    
    SLICE_X28Y248        FDCE (Recov_fdce_C_CLR)     -0.212    12.517    design_1_i/axi_mem_intercon/s00_couplers/auto_ds/inst/gen_downsizer.gen_cascaded_downsizer.gen_axi3_conv.axi3_conv_inst/gen_axi4_axi3.axi3_conv_inst/USE_WRITE.write_addr_inst/USE_BURSTS.cmd_queue/inst/fifo_gen_inst/inst_fifo_gen/gconvfifo.rf/grf.rf/gntv_or_sync_fifo.gl0.rd/gr1.gr1_int.rfwft/gpregsm1.user_valid_reg
  -------------------------------------------------------------------
                         required time                         12.517    
                         arrival time                          -4.533    
  -------------------------------------------------------------------
                         slack                                  7.984    

Slack (MET) :             7.987ns  (required time - arrival time)
  Source:                 design_1_i/axi_mem_intercon/s00_couplers/auto_ds/inst/gen_downsizer.gen_cascaded_downsizer.first_downsizer_inst/USE_WRITE.write_addr_inst/cmd_queue/inst/fifo_gen_inst/inst_fifo_gen/gconvfifo.rf/grf.rf/rstblk/ngwrdrst.grst.g7serrst.gnsckt_wrst.gcc_rst.sckt_wr_rst_cc_reg[0]/C
                            (rising edge-triggered cell FDRE clocked by clk_fpga_0  {rise@0.000ns fall@5.000ns period=10.000ns})
  Destination:            design_1_i/axi_mem_intercon/s00_couplers/auto_ds/inst/gen_downsizer.gen_cascaded_downsizer.first_downsizer_inst/USE_WRITE.write_addr_inst/cmd_queue/inst/fifo_gen_inst/inst_fifo_gen/gconvfifo.rf/grf.rf/gntv_or_sync_fifo.gl0.wr/wpntr/gcc0.gc0.count_d1_reg[0]/CLR
                            (recovery check against rising-edge clock clk_fpga_0  {rise@0.000ns fall@5.000ns period=10.000ns})
  Path Group:             **async_default**
  Path Type:              Recovery (Max at Slow Process Corner)
  Requirement:            10.000ns  (clk_fpga_0 rise@10.000ns - clk_fpga_0 rise@0.000ns)
  Data Path Delay:        1.598ns  (logic 0.359ns (22.466%)  route 1.239ns (77.534%))
  Logic Levels:           1  (LUT3=1)
  Clock Path Skew:        -0.049ns (DCD - SCD + CPR)
    Destination Clock Delay (DCD):    2.678ns = ( 12.678 - 10.000 ) 
    Source Clock Delay      (SCD):    2.959ns
    Clock Pessimism Removal (CPR):    0.232ns
  Clock Uncertainty:      0.154ns  ((TSJ^2 + TIJ^2)^1/2 + DJ) / 2 + PE
    Total System Jitter     (TSJ):    0.071ns
    Total Input Jitter      (TIJ):    0.300ns
    Discrete Jitter          (DJ):    0.000ns
    Phase Error              (PE):    0.000ns

    Location             Delay type                Incr(ns)  Path(ns)    Netlist Resource(s)
  -------------------------------------------------------------------    -------------------
                         (clock clk_fpga_0 rise edge)
                                                      0.000     0.000 r  
    PS7_X0Y0             PS7                          0.000     0.000 r  design_1_i/processing_system7_0/inst/PS7_i/FCLKCLK[0]
                         net (fo=1, routed)           1.393     1.393    design_1_i/processing_system7_0/inst/FCLK_CLK_unbuffered[0]
    BUFGCTRL_X0Y16       BUFG (Prop_bufg_I_O)         0.093     1.486 r  design_1_i/processing_system7_0/inst/buffer_fclk_clk_0.FCLK_CLK_0_BUFG/O
                         net (fo=3740, routed)        1.473     2.959    design_1_i/axi_mem_intercon/s00_couplers/auto_ds/inst/gen_downsizer.gen_cascaded_downsizer.first_downsizer_inst/USE_WRITE.write_addr_inst/cmd_queue/inst/fifo_gen_inst/inst_fifo_gen/gconvfifo.rf/grf.rf/rstblk/clk
    SLICE_X36Y248        FDRE                                         r  design_1_i/axi_mem_intercon/s00_couplers/auto_ds/inst/gen_downsizer.gen_cascaded_downsizer.first_downsizer_inst/USE_WRITE.write_addr_inst/cmd_queue/inst/fifo_gen_inst/inst_fifo_gen/gconvfifo.rf/grf.rf/rstblk/ngwrdrst.grst.g7serrst.gnsckt_wrst.gcc_rst.sckt_wr_rst_cc_reg[0]/C
  -------------------------------------------------------------------    -------------------
    SLICE_X36Y248        FDRE (Prop_fdre_C_Q)         0.236     3.195 f  design_1_i/axi_mem_intercon/s00_couplers/auto_ds/inst/gen_downsizer.gen_cascaded_downsizer.first_downsizer_inst/USE_WRITE.write_addr_inst/cmd_queue/inst/fifo_gen_inst/inst_fifo_gen/gconvfifo.rf/grf.rf/rstblk/ngwrdrst.grst.g7serrst.gnsckt_wrst.gcc_rst.sckt_wr_rst_cc_reg[0]/Q
                         net (fo=3, routed)           0.457     3.652    design_1_i/axi_mem_intercon/s00_couplers/auto_ds/inst/gen_downsizer.gen_cascaded_downsizer.first_downsizer_inst/USE_WRITE.write_addr_inst/cmd_queue/inst/fifo_gen_inst/inst_fifo_gen/gconvfifo.rf/grf.rf/rstblk/sckt_wr_rst_cc[0]
    SLICE_X36Y249        LUT3 (Prop_lut3_I1_O)        0.123     3.775 f  design_1_i/axi_mem_intercon/s00_couplers/auto_ds/inst/gen_downsizer.gen_cascaded_downsizer.first_downsizer_inst/USE_WRITE.write_addr_inst/cmd_queue/inst/fifo_gen_inst/inst_fifo_gen/gconvfifo.rf/grf.rf/rstblk/gpregsm1.curr_fwft_state[1]_i_2/O
                         net (fo=32, routed)          0.782     4.557    design_1_i/axi_mem_intercon/s00_couplers/auto_ds/inst/gen_downsizer.gen_cascaded_downsizer.first_downsizer_inst/USE_WRITE.write_addr_inst/cmd_queue/inst/fifo_gen_inst/inst_fifo_gen/gconvfifo.rf/grf.rf/gntv_or_sync_fifo.gl0.wr/wpntr/AR[0]
    SLICE_X35Y247        FDCE                                         f  design_1_i/axi_mem_intercon/s00_couplers/auto_ds/inst/gen_downsizer.gen_cascaded_downsizer.first_downsizer_inst/USE_WRITE.write_addr_inst/cmd_queue/inst/fifo_gen_inst/inst_fifo_gen/gconvfifo.rf/grf.rf/gntv_or_sync_fifo.gl0.wr/wpntr/gcc0.gc0.count_d1_reg[0]/CLR
  -------------------------------------------------------------------    -------------------

                         (clock clk_fpga_0 rise edge)
                                                     10.000    10.000 r  
    PS7_X0Y0             PS7                          0.000    10.000 r  design_1_i/processing_system7_0/inst/PS7_i/FCLKCLK[0]
                         net (fo=1, routed)           1.294    11.294    design_1_i/processing_system7_0/inst/FCLK_CLK_unbuffered[0]
    BUFGCTRL_X0Y16       BUFG (Prop_bufg_I_O)         0.083    11.377 r  design_1_i/processing_system7_0/inst/buffer_fclk_clk_0.FCLK_CLK_0_BUFG/O
                         net (fo=3740, routed)        1.301    12.678    design_1_i/axi_mem_intercon/s00_couplers/auto_ds/inst/gen_downsizer.gen_cascaded_downsizer.first_downsizer_inst/USE_WRITE.write_addr_inst/cmd_queue/inst/fifo_gen_inst/inst_fifo_gen/gconvfifo.rf/grf.rf/gntv_or_sync_fifo.gl0.wr/wpntr/clk
    SLICE_X35Y247        FDCE                                         r  design_1_i/axi_mem_intercon/s00_couplers/auto_ds/inst/gen_downsizer.gen_cascaded_downsizer.first_downsizer_inst/USE_WRITE.write_addr_inst/cmd_queue/inst/fifo_gen_inst/inst_fifo_gen/gconvfifo.rf/grf.rf/gntv_or_sync_fifo.gl0.wr/wpntr/gcc0.gc0.count_d1_reg[0]/C
                         clock pessimism              0.232    12.910    
                         clock uncertainty           -0.154    12.756    
    SLICE_X35Y247        FDCE (Recov_fdce_C_CLR)     -0.212    12.544    design_1_i/axi_mem_intercon/s00_couplers/auto_ds/inst/gen_downsizer.gen_cascaded_downsizer.first_downsizer_inst/USE_WRITE.write_addr_inst/cmd_queue/inst/fifo_gen_inst/inst_fifo_gen/gconvfifo.rf/grf.rf/gntv_or_sync_fifo.gl0.wr/wpntr/gcc0.gc0.count_d1_reg[0]
  -------------------------------------------------------------------
                         required time                         12.544    
                         arrival time                          -4.557    
  -------------------------------------------------------------------
                         slack                                  7.987    

Slack (MET) :             7.987ns  (required time - arrival time)
  Source:                 design_1_i/axi_mem_intercon/s00_couplers/auto_ds/inst/gen_downsizer.gen_cascaded_downsizer.first_downsizer_inst/USE_WRITE.write_addr_inst/cmd_queue/inst/fifo_gen_inst/inst_fifo_gen/gconvfifo.rf/grf.rf/rstblk/ngwrdrst.grst.g7serrst.gnsckt_wrst.gcc_rst.sckt_wr_rst_cc_reg[0]/C
                            (rising edge-triggered cell FDRE clocked by clk_fpga_0  {rise@0.000ns fall@5.000ns period=10.000ns})
  Destination:            design_1_i/axi_mem_intercon/s00_couplers/auto_ds/inst/gen_downsizer.gen_cascaded_downsizer.first_downsizer_inst/USE_WRITE.write_addr_inst/cmd_queue/inst/fifo_gen_inst/inst_fifo_gen/gconvfifo.rf/grf.rf/gntv_or_sync_fifo.gl0.wr/wpntr/gcc0.gc0.count_d1_reg[3]/CLR
                            (recovery check against rising-edge clock clk_fpga_0  {rise@0.000ns fall@5.000ns period=10.000ns})
  Path Group:             **async_default**
  Path Type:              Recovery (Max at Slow Process Corner)
  Requirement:            10.000ns  (clk_fpga_0 rise@10.000ns - clk_fpga_0 rise@0.000ns)
  Data Path Delay:        1.598ns  (logic 0.359ns (22.466%)  route 1.239ns (77.534%))
  Logic Levels:           1  (LUT3=1)
  Clock Path Skew:        -0.049ns (DCD - SCD + CPR)
    Destination Clock Delay (DCD):    2.678ns = ( 12.678 - 10.000 ) 
    Source Clock Delay      (SCD):    2.959ns
    Clock Pessimism Removal (CPR):    0.232ns
  Clock Uncertainty:      0.154ns  ((TSJ^2 + TIJ^2)^1/2 + DJ) / 2 + PE
    Total System Jitter     (TSJ):    0.071ns
    Total Input Jitter      (TIJ):    0.300ns
    Discrete Jitter          (DJ):    0.000ns
    Phase Error              (PE):    0.000ns

    Location             Delay type                Incr(ns)  Path(ns)    Netlist Resource(s)
  -------------------------------------------------------------------    -------------------
                         (clock clk_fpga_0 rise edge)
                                                      0.000     0.000 r  
    PS7_X0Y0             PS7                          0.000     0.000 r  design_1_i/processing_system7_0/inst/PS7_i/FCLKCLK[0]
                         net (fo=1, routed)           1.393     1.393    design_1_i/processing_system7_0/inst/FCLK_CLK_unbuffered[0]
    BUFGCTRL_X0Y16       BUFG (Prop_bufg_I_O)         0.093     1.486 r  design_1_i/processing_system7_0/inst/buffer_fclk_clk_0.FCLK_CLK_0_BUFG/O
                         net (fo=3740, routed)        1.473     2.959    design_1_i/axi_mem_intercon/s00_couplers/auto_ds/inst/gen_downsizer.gen_cascaded_downsizer.first_downsizer_inst/USE_WRITE.write_addr_inst/cmd_queue/inst/fifo_gen_inst/inst_fifo_gen/gconvfifo.rf/grf.rf/rstblk/clk
    SLICE_X36Y248        FDRE                                         r  design_1_i/axi_mem_intercon/s00_couplers/auto_ds/inst/gen_downsizer.gen_cascaded_downsizer.first_downsizer_inst/USE_WRITE.write_addr_inst/cmd_queue/inst/fifo_gen_inst/inst_fifo_gen/gconvfifo.rf/grf.rf/rstblk/ngwrdrst.grst.g7serrst.gnsckt_wrst.gcc_rst.sckt_wr_rst_cc_reg[0]/C
  -------------------------------------------------------------------    -------------------
    SLICE_X36Y248        FDRE (Prop_fdre_C_Q)         0.236     3.195 f  design_1_i/axi_mem_intercon/s00_couplers/auto_ds/inst/gen_downsizer.gen_cascaded_downsizer.first_downsizer_inst/USE_WRITE.write_addr_inst/cmd_queue/inst/fifo_gen_inst/inst_fifo_gen/gconvfifo.rf/grf.rf/rstblk/ngwrdrst.grst.g7serrst.gnsckt_wrst.gcc_rst.sckt_wr_rst_cc_reg[0]/Q
                         net (fo=3, routed)           0.457     3.652    design_1_i/axi_mem_intercon/s00_couplers/auto_ds/inst/gen_downsizer.gen_cascaded_downsizer.first_downsizer_inst/USE_WRITE.write_addr_inst/cmd_queue/inst/fifo_gen_inst/inst_fifo_gen/gconvfifo.rf/grf.rf/rstblk/sckt_wr_rst_cc[0]
    SLICE_X36Y249        LUT3 (Prop_lut3_I1_O)        0.123     3.775 f  design_1_i/axi_mem_intercon/s00_couplers/auto_ds/inst/gen_downsizer.gen_cascaded_downsizer.first_downsizer_inst/USE_WRITE.write_addr_inst/cmd_queue/inst/fifo_gen_inst/inst_fifo_gen/gconvfifo.rf/grf.rf/rstblk/gpregsm1.curr_fwft_state[1]_i_2/O
                         net (fo=32, routed)          0.782     4.557    design_1_i/axi_mem_intercon/s00_couplers/auto_ds/inst/gen_downsizer.gen_cascaded_downsizer.first_downsizer_inst/USE_WRITE.write_addr_inst/cmd_queue/inst/fifo_gen_inst/inst_fifo_gen/gconvfifo.rf/grf.rf/gntv_or_sync_fifo.gl0.wr/wpntr/AR[0]
    SLICE_X35Y247        FDCE                                         f  design_1_i/axi_mem_intercon/s00_couplers/auto_ds/inst/gen_downsizer.gen_cascaded_downsizer.first_downsizer_inst/USE_WRITE.write_addr_inst/cmd_queue/inst/fifo_gen_inst/inst_fifo_gen/gconvfifo.rf/grf.rf/gntv_or_sync_fifo.gl0.wr/wpntr/gcc0.gc0.count_d1_reg[3]/CLR
  -------------------------------------------------------------------    -------------------

                         (clock clk_fpga_0 rise edge)
                                                     10.000    10.000 r  
    PS7_X0Y0             PS7                          0.000    10.000 r  design_1_i/processing_system7_0/inst/PS7_i/FCLKCLK[0]
                         net (fo=1, routed)           1.294    11.294    design_1_i/processing_system7_0/inst/FCLK_CLK_unbuffered[0]
    BUFGCTRL_X0Y16       BUFG (Prop_bufg_I_O)         0.083    11.377 r  design_1_i/processing_system7_0/inst/buffer_fclk_clk_0.FCLK_CLK_0_BUFG/O
                         net (fo=3740, routed)        1.301    12.678    design_1_i/axi_mem_intercon/s00_couplers/auto_ds/inst/gen_downsizer.gen_cascaded_downsizer.first_downsizer_inst/USE_WRITE.write_addr_inst/cmd_queue/inst/fifo_gen_inst/inst_fifo_gen/gconvfifo.rf/grf.rf/gntv_or_sync_fifo.gl0.wr/wpntr/clk
    SLICE_X35Y247        FDCE                                         r  design_1_i/axi_mem_intercon/s00_couplers/auto_ds/inst/gen_downsizer.gen_cascaded_downsizer.first_downsizer_inst/USE_WRITE.write_addr_inst/cmd_queue/inst/fifo_gen_inst/inst_fifo_gen/gconvfifo.rf/grf.rf/gntv_or_sync_fifo.gl0.wr/wpntr/gcc0.gc0.count_d1_reg[3]/C
                         clock pessimism              0.232    12.910    
                         clock uncertainty           -0.154    12.756    
    SLICE_X35Y247        FDCE (Recov_fdce_C_CLR)     -0.212    12.544    design_1_i/axi_mem_intercon/s00_couplers/auto_ds/inst/gen_downsizer.gen_cascaded_downsizer.first_downsizer_inst/USE_WRITE.write_addr_inst/cmd_queue/inst/fifo_gen_inst/inst_fifo_gen/gconvfifo.rf/grf.rf/gntv_or_sync_fifo.gl0.wr/wpntr/gcc0.gc0.count_d1_reg[3]
  -------------------------------------------------------------------
                         required time                         12.544    
                         arrival time                          -4.557    
  -------------------------------------------------------------------
                         slack                                  7.987    

Slack (MET) :             7.987ns  (required time - arrival time)
  Source:                 design_1_i/axi_mem_intercon/s00_couplers/auto_ds/inst/gen_downsizer.gen_cascaded_downsizer.first_downsizer_inst/USE_WRITE.write_addr_inst/cmd_queue/inst/fifo_gen_inst/inst_fifo_gen/gconvfifo.rf/grf.rf/rstblk/ngwrdrst.grst.g7serrst.gnsckt_wrst.gcc_rst.sckt_wr_rst_cc_reg[0]/C
                            (rising edge-triggered cell FDRE clocked by clk_fpga_0  {rise@0.000ns fall@5.000ns period=10.000ns})
  Destination:            design_1_i/axi_mem_intercon/s00_couplers/auto_ds/inst/gen_downsizer.gen_cascaded_downsizer.first_downsizer_inst/USE_WRITE.write_addr_inst/cmd_queue/inst/fifo_gen_inst/inst_fifo_gen/gconvfifo.rf/grf.rf/gntv_or_sync_fifo.gl0.wr/wpntr/gcc0.gc0.count_d1_reg[4]/CLR
                            (recovery check against rising-edge clock clk_fpga_0  {rise@0.000ns fall@5.000ns period=10.000ns})
  Path Group:             **async_default**
  Path Type:              Recovery (Max at Slow Process Corner)
  Requirement:            10.000ns  (clk_fpga_0 rise@10.000ns - clk_fpga_0 rise@0.000ns)
  Data Path Delay:        1.598ns  (logic 0.359ns (22.466%)  route 1.239ns (77.534%))
  Logic Levels:           1  (LUT3=1)
  Clock Path Skew:        -0.049ns (DCD - SCD + CPR)
    Destination Clock Delay (DCD):    2.678ns = ( 12.678 - 10.000 ) 
    Source Clock Delay      (SCD):    2.959ns
    Clock Pessimism Removal (CPR):    0.232ns
  Clock Uncertainty:      0.154ns  ((TSJ^2 + TIJ^2)^1/2 + DJ) / 2 + PE
    Total System Jitter     (TSJ):    0.071ns
    Total Input Jitter      (TIJ):    0.300ns
    Discrete Jitter          (DJ):    0.000ns
    Phase Error              (PE):    0.000ns

    Location             Delay type                Incr(ns)  Path(ns)    Netlist Resource(s)
  -------------------------------------------------------------------    -------------------
                         (clock clk_fpga_0 rise edge)
                                                      0.000     0.000 r  
    PS7_X0Y0             PS7                          0.000     0.000 r  design_1_i/processing_system7_0/inst/PS7_i/FCLKCLK[0]
                         net (fo=1, routed)           1.393     1.393    design_1_i/processing_system7_0/inst/FCLK_CLK_unbuffered[0]
    BUFGCTRL_X0Y16       BUFG (Prop_bufg_I_O)         0.093     1.486 r  design_1_i/processing_system7_0/inst/buffer_fclk_clk_0.FCLK_CLK_0_BUFG/O
                         net (fo=3740, routed)        1.473     2.959    design_1_i/axi_mem_intercon/s00_couplers/auto_ds/inst/gen_downsizer.gen_cascaded_downsizer.first_downsizer_inst/USE_WRITE.write_addr_inst/cmd_queue/inst/fifo_gen_inst/inst_fifo_gen/gconvfifo.rf/grf.rf/rstblk/clk
    SLICE_X36Y248        FDRE                                         r  design_1_i/axi_mem_intercon/s00_couplers/auto_ds/inst/gen_downsizer.gen_cascaded_downsizer.first_downsizer_inst/USE_WRITE.write_addr_inst/cmd_queue/inst/fifo_gen_inst/inst_fifo_gen/gconvfifo.rf/grf.rf/rstblk/ngwrdrst.grst.g7serrst.gnsckt_wrst.gcc_rst.sckt_wr_rst_cc_reg[0]/C
  -------------------------------------------------------------------    -------------------
    SLICE_X36Y248        FDRE (Prop_fdre_C_Q)         0.236     3.195 f  design_1_i/axi_mem_intercon/s00_couplers/auto_ds/inst/gen_downsizer.gen_cascaded_downsizer.first_downsizer_inst/USE_WRITE.write_addr_inst/cmd_queue/inst/fifo_gen_inst/inst_fifo_gen/gconvfifo.rf/grf.rf/rstblk/ngwrdrst.grst.g7serrst.gnsckt_wrst.gcc_rst.sckt_wr_rst_cc_reg[0]/Q
                         net (fo=3, routed)           0.457     3.652    design_1_i/axi_mem_intercon/s00_couplers/auto_ds/inst/gen_downsizer.gen_cascaded_downsizer.first_downsizer_inst/USE_WRITE.write_addr_inst/cmd_queue/inst/fifo_gen_inst/inst_fifo_gen/gconvfifo.rf/grf.rf/rstblk/sckt_wr_rst_cc[0]
    SLICE_X36Y249        LUT3 (Prop_lut3_I1_O)        0.123     3.775 f  design_1_i/axi_mem_intercon/s00_couplers/auto_ds/inst/gen_downsizer.gen_cascaded_downsizer.first_downsizer_inst/USE_WRITE.write_addr_inst/cmd_queue/inst/fifo_gen_inst/inst_fifo_gen/gconvfifo.rf/grf.rf/rstblk/gpregsm1.curr_fwft_state[1]_i_2/O
                         net (fo=32, routed)          0.782     4.557    design_1_i/axi_mem_intercon/s00_couplers/auto_ds/inst/gen_downsizer.gen_cascaded_downsizer.first_downsizer_inst/USE_WRITE.write_addr_inst/cmd_queue/inst/fifo_gen_inst/inst_fifo_gen/gconvfifo.rf/grf.rf/gntv_or_sync_fifo.gl0.wr/wpntr/AR[0]
    SLICE_X35Y247        FDCE                                         f  design_1_i/axi_mem_intercon/s00_couplers/auto_ds/inst/gen_downsizer.gen_cascaded_downsizer.first_downsizer_inst/USE_WRITE.write_addr_inst/cmd_queue/inst/fifo_gen_inst/inst_fifo_gen/gconvfifo.rf/grf.rf/gntv_or_sync_fifo.gl0.wr/wpntr/gcc0.gc0.count_d1_reg[4]/CLR
  -------------------------------------------------------------------    -------------------

                         (clock clk_fpga_0 rise edge)
                                                     10.000    10.000 r  
    PS7_X0Y0             PS7                          0.000    10.000 r  design_1_i/processing_system7_0/inst/PS7_i/FCLKCLK[0]
                         net (fo=1, routed)           1.294    11.294    design_1_i/processing_system7_0/inst/FCLK_CLK_unbuffered[0]
    BUFGCTRL_X0Y16       BUFG (Prop_bufg_I_O)         0.083    11.377 r  design_1_i/processing_system7_0/inst/buffer_fclk_clk_0.FCLK_CLK_0_BUFG/O
                         net (fo=3740, routed)        1.301    12.678    design_1_i/axi_mem_intercon/s00_couplers/auto_ds/inst/gen_downsizer.gen_cascaded_downsizer.first_downsizer_inst/USE_WRITE.write_addr_inst/cmd_queue/inst/fifo_gen_inst/inst_fifo_gen/gconvfifo.rf/grf.rf/gntv_or_sync_fifo.gl0.wr/wpntr/clk
    SLICE_X35Y247        FDCE                                         r  design_1_i/axi_mem_intercon/s00_couplers/auto_ds/inst/gen_downsizer.gen_cascaded_downsizer.first_downsizer_inst/USE_WRITE.write_addr_inst/cmd_queue/inst/fifo_gen_inst/inst_fifo_gen/gconvfifo.rf/grf.rf/gntv_or_sync_fifo.gl0.wr/wpntr/gcc0.gc0.count_d1_reg[4]/C
                         clock pessimism              0.232    12.910    
                         clock uncertainty           -0.154    12.756    
    SLICE_X35Y247        FDCE (Recov_fdce_C_CLR)     -0.212    12.544    design_1_i/axi_mem_intercon/s00_couplers/auto_ds/inst/gen_downsizer.gen_cascaded_downsizer.first_downsizer_inst/USE_WRITE.write_addr_inst/cmd_queue/inst/fifo_gen_inst/inst_fifo_gen/gconvfifo.rf/grf.rf/gntv_or_sync_fifo.gl0.wr/wpntr/gcc0.gc0.count_d1_reg[4]
  -------------------------------------------------------------------
                         required time                         12.544    
                         arrival time                          -4.557    
  -------------------------------------------------------------------
                         slack                                  7.987    

Slack (MET) :             7.987ns  (required time - arrival time)
  Source:                 design_1_i/axi_mem_intercon/s00_couplers/auto_ds/inst/gen_downsizer.gen_cascaded_downsizer.first_downsizer_inst/USE_WRITE.write_addr_inst/cmd_queue/inst/fifo_gen_inst/inst_fifo_gen/gconvfifo.rf/grf.rf/rstblk/ngwrdrst.grst.g7serrst.gnsckt_wrst.gcc_rst.sckt_wr_rst_cc_reg[0]/C
                            (rising edge-triggered cell FDRE clocked by clk_fpga_0  {rise@0.000ns fall@5.000ns period=10.000ns})
  Destination:            design_1_i/axi_mem_intercon/s00_couplers/auto_ds/inst/gen_downsizer.gen_cascaded_downsizer.first_downsizer_inst/USE_WRITE.write_addr_inst/cmd_queue/inst/fifo_gen_inst/inst_fifo_gen/gconvfifo.rf/grf.rf/gntv_or_sync_fifo.gl0.wr/wpntr/gcc0.gc0.count_reg[3]/CLR
                            (recovery check against rising-edge clock clk_fpga_0  {rise@0.000ns fall@5.000ns period=10.000ns})
  Path Group:             **async_default**
  Path Type:              Recovery (Max at Slow Process Corner)
  Requirement:            10.000ns  (clk_fpga_0 rise@10.000ns - clk_fpga_0 rise@0.000ns)
  Data Path Delay:        1.598ns  (logic 0.359ns (22.466%)  route 1.239ns (77.534%))
  Logic Levels:           1  (LUT3=1)
  Clock Path Skew:        -0.049ns (DCD - SCD + CPR)
    Destination Clock Delay (DCD):    2.678ns = ( 12.678 - 10.000 ) 
    Source Clock Delay      (SCD):    2.959ns
    Clock Pessimism Removal (CPR):    0.232ns
  Clock Uncertainty:      0.154ns  ((TSJ^2 + TIJ^2)^1/2 + DJ) / 2 + PE
    Total System Jitter     (TSJ):    0.071ns
    Total Input Jitter      (TIJ):    0.300ns
    Discrete Jitter          (DJ):    0.000ns
    Phase Error              (PE):    0.000ns

    Location             Delay type                Incr(ns)  Path(ns)    Netlist Resource(s)
  -------------------------------------------------------------------    -------------------
                         (clock clk_fpga_0 rise edge)
                                                      0.000     0.000 r  
    PS7_X0Y0             PS7                          0.000     0.000 r  design_1_i/processing_system7_0/inst/PS7_i/FCLKCLK[0]
                         net (fo=1, routed)           1.393     1.393    design_1_i/processing_system7_0/inst/FCLK_CLK_unbuffered[0]
    BUFGCTRL_X0Y16       BUFG (Prop_bufg_I_O)         0.093     1.486 r  design_1_i/processing_system7_0/inst/buffer_fclk_clk_0.FCLK_CLK_0_BUFG/O
                         net (fo=3740, routed)        1.473     2.959    design_1_i/axi_mem_intercon/s00_couplers/auto_ds/inst/gen_downsizer.gen_cascaded_downsizer.first_downsizer_inst/USE_WRITE.write_addr_inst/cmd_queue/inst/fifo_gen_inst/inst_fifo_gen/gconvfifo.rf/grf.rf/rstblk/clk
    SLICE_X36Y248        FDRE                                         r  design_1_i/axi_mem_intercon/s00_couplers/auto_ds/inst/gen_downsizer.gen_cascaded_downsizer.first_downsizer_inst/USE_WRITE.write_addr_inst/cmd_queue/inst/fifo_gen_inst/inst_fifo_gen/gconvfifo.rf/grf.rf/rstblk/ngwrdrst.grst.g7serrst.gnsckt_wrst.gcc_rst.sckt_wr_rst_cc_reg[0]/C
  -------------------------------------------------------------------    -------------------
    SLICE_X36Y248        FDRE (Prop_fdre_C_Q)         0.236     3.195 f  design_1_i/axi_mem_intercon/s00_couplers/auto_ds/inst/gen_downsizer.gen_cascaded_downsizer.first_downsizer_inst/USE_WRITE.write_addr_inst/cmd_queue/inst/fifo_gen_inst/inst_fifo_gen/gconvfifo.rf/grf.rf/rstblk/ngwrdrst.grst.g7serrst.gnsckt_wrst.gcc_rst.sckt_wr_rst_cc_reg[0]/Q
                         net (fo=3, routed)           0.457     3.652    design_1_i/axi_mem_intercon/s00_couplers/auto_ds/inst/gen_downsizer.gen_cascaded_downsizer.first_downsizer_inst/USE_WRITE.write_addr_inst/cmd_queue/inst/fifo_gen_inst/inst_fifo_gen/gconvfifo.rf/grf.rf/rstblk/sckt_wr_rst_cc[0]
    SLICE_X36Y249        LUT3 (Prop_lut3_I1_O)        0.123     3.775 f  design_1_i/axi_mem_intercon/s00_couplers/auto_ds/inst/gen_downsizer.gen_cascaded_downsizer.first_downsizer_inst/USE_WRITE.write_addr_inst/cmd_queue/inst/fifo_gen_inst/inst_fifo_gen/gconvfifo.rf/grf.rf/rstblk/gpregsm1.curr_fwft_state[1]_i_2/O
                         net (fo=32, routed)          0.782     4.557    design_1_i/axi_mem_intercon/s00_couplers/auto_ds/inst/gen_downsizer.gen_cascaded_downsizer.first_downsizer_inst/USE_WRITE.write_addr_inst/cmd_queue/inst/fifo_gen_inst/inst_fifo_gen/gconvfifo.rf/grf.rf/gntv_or_sync_fifo.gl0.wr/wpntr/AR[0]
    SLICE_X35Y247        FDCE                                         f  design_1_i/axi_mem_intercon/s00_couplers/auto_ds/inst/gen_downsizer.gen_cascaded_downsizer.first_downsizer_inst/USE_WRITE.write_addr_inst/cmd_queue/inst/fifo_gen_inst/inst_fifo_gen/gconvfifo.rf/grf.rf/gntv_or_sync_fifo.gl0.wr/wpntr/gcc0.gc0.count_reg[3]/CLR
  -------------------------------------------------------------------    -------------------

                         (clock clk_fpga_0 rise edge)
                                                     10.000    10.000 r  
    PS7_X0Y0             PS7                          0.000    10.000 r  design_1_i/processing_system7_0/inst/PS7_i/FCLKCLK[0]
                         net (fo=1, routed)           1.294    11.294    design_1_i/processing_system7_0/inst/FCLK_CLK_unbuffered[0]
    BUFGCTRL_X0Y16       BUFG (Prop_bufg_I_O)         0.083    11.377 r  design_1_i/processing_system7_0/inst/buffer_fclk_clk_0.FCLK_CLK_0_BUFG/O
                         net (fo=3740, routed)        1.301    12.678    design_1_i/axi_mem_intercon/s00_couplers/auto_ds/inst/gen_downsizer.gen_cascaded_downsizer.first_downsizer_inst/USE_WRITE.write_addr_inst/cmd_queue/inst/fifo_gen_inst/inst_fifo_gen/gconvfifo.rf/grf.rf/gntv_or_sync_fifo.gl0.wr/wpntr/clk
    SLICE_X35Y247        FDCE                                         r  design_1_i/axi_mem_intercon/s00_couplers/auto_ds/inst/gen_downsizer.gen_cascaded_downsizer.first_downsizer_inst/USE_WRITE.write_addr_inst/cmd_queue/inst/fifo_gen_inst/inst_fifo_gen/gconvfifo.rf/grf.rf/gntv_or_sync_fifo.gl0.wr/wpntr/gcc0.gc0.count_reg[3]/C
                         clock pessimism              0.232    12.910    
                         clock uncertainty           -0.154    12.756    
    SLICE_X35Y247        FDCE (Recov_fdce_C_CLR)     -0.212    12.544    design_1_i/axi_mem_intercon/s00_couplers/auto_ds/inst/gen_downsizer.gen_cascaded_downsizer.first_downsizer_inst/USE_WRITE.write_addr_inst/cmd_queue/inst/fifo_gen_inst/inst_fifo_gen/gconvfifo.rf/grf.rf/gntv_or_sync_fifo.gl0.wr/wpntr/gcc0.gc0.count_reg[3]
  -------------------------------------------------------------------
                         required time                         12.544    
                         arrival time                          -4.557    
  -------------------------------------------------------------------
                         slack                                  7.987    

Slack (MET) :             7.987ns  (required time - arrival time)
  Source:                 design_1_i/axi_mem_intercon/s00_couplers/auto_ds/inst/gen_downsizer.gen_cascaded_downsizer.first_downsizer_inst/USE_WRITE.write_addr_inst/cmd_queue/inst/fifo_gen_inst/inst_fifo_gen/gconvfifo.rf/grf.rf/rstblk/ngwrdrst.grst.g7serrst.gnsckt_wrst.gcc_rst.sckt_wr_rst_cc_reg[0]/C
                            (rising edge-triggered cell FDRE clocked by clk_fpga_0  {rise@0.000ns fall@5.000ns period=10.000ns})
  Destination:            design_1_i/axi_mem_intercon/s00_couplers/auto_ds/inst/gen_downsizer.gen_cascaded_downsizer.first_downsizer_inst/USE_WRITE.write_addr_inst/cmd_queue/inst/fifo_gen_inst/inst_fifo_gen/gconvfifo.rf/grf.rf/gntv_or_sync_fifo.gl0.wr/wpntr/gcc0.gc0.count_reg[4]/CLR
                            (recovery check against rising-edge clock clk_fpga_0  {rise@0.000ns fall@5.000ns period=10.000ns})
  Path Group:             **async_default**
  Path Type:              Recovery (Max at Slow Process Corner)
  Requirement:            10.000ns  (clk_fpga_0 rise@10.000ns - clk_fpga_0 rise@0.000ns)
  Data Path Delay:        1.598ns  (logic 0.359ns (22.466%)  route 1.239ns (77.534%))
  Logic Levels:           1  (LUT3=1)
  Clock Path Skew:        -0.049ns (DCD - SCD + CPR)
    Destination Clock Delay (DCD):    2.678ns = ( 12.678 - 10.000 ) 
    Source Clock Delay      (SCD):    2.959ns
    Clock Pessimism Removal (CPR):    0.232ns
  Clock Uncertainty:      0.154ns  ((TSJ^2 + TIJ^2)^1/2 + DJ) / 2 + PE
    Total System Jitter     (TSJ):    0.071ns
    Total Input Jitter      (TIJ):    0.300ns
    Discrete Jitter          (DJ):    0.000ns
    Phase Error              (PE):    0.000ns

    Location             Delay type                Incr(ns)  Path(ns)    Netlist Resource(s)
  -------------------------------------------------------------------    -------------------
                         (clock clk_fpga_0 rise edge)
                                                      0.000     0.000 r  
    PS7_X0Y0             PS7                          0.000     0.000 r  design_1_i/processing_system7_0/inst/PS7_i/FCLKCLK[0]
                         net (fo=1, routed)           1.393     1.393    design_1_i/processing_system7_0/inst/FCLK_CLK_unbuffered[0]
    BUFGCTRL_X0Y16       BUFG (Prop_bufg_I_O)         0.093     1.486 r  design_1_i/processing_system7_0/inst/buffer_fclk_clk_0.FCLK_CLK_0_BUFG/O
                         net (fo=3740, routed)        1.473     2.959    design_1_i/axi_mem_intercon/s00_couplers/auto_ds/inst/gen_downsizer.gen_cascaded_downsizer.first_downsizer_inst/USE_WRITE.write_addr_inst/cmd_queue/inst/fifo_gen_inst/inst_fifo_gen/gconvfifo.rf/grf.rf/rstblk/clk
    SLICE_X36Y248        FDRE                                         r  design_1_i/axi_mem_intercon/s00_couplers/auto_ds/inst/gen_downsizer.gen_cascaded_downsizer.first_downsizer_inst/USE_WRITE.write_addr_inst/cmd_queue/inst/fifo_gen_inst/inst_fifo_gen/gconvfifo.rf/grf.rf/rstblk/ngwrdrst.grst.g7serrst.gnsckt_wrst.gcc_rst.sckt_wr_rst_cc_reg[0]/C
  -------------------------------------------------------------------    -------------------
    SLICE_X36Y248        FDRE (Prop_fdre_C_Q)         0.236     3.195 f  design_1_i/axi_mem_intercon/s00_couplers/auto_ds/inst/gen_downsizer.gen_cascaded_downsizer.first_downsizer_inst/USE_WRITE.write_addr_inst/cmd_queue/inst/fifo_gen_inst/inst_fifo_gen/gconvfifo.rf/grf.rf/rstblk/ngwrdrst.grst.g7serrst.gnsckt_wrst.gcc_rst.sckt_wr_rst_cc_reg[0]/Q
                         net (fo=3, routed)           0.457     3.652    design_1_i/axi_mem_intercon/s00_couplers/auto_ds/inst/gen_downsizer.gen_cascaded_downsizer.first_downsizer_inst/USE_WRITE.write_addr_inst/cmd_queue/inst/fifo_gen_inst/inst_fifo_gen/gconvfifo.rf/grf.rf/rstblk/sckt_wr_rst_cc[0]
    SLICE_X36Y249        LUT3 (Prop_lut3_I1_O)        0.123     3.775 f  design_1_i/axi_mem_intercon/s00_couplers/auto_ds/inst/gen_downsizer.gen_cascaded_downsizer.first_downsizer_inst/USE_WRITE.write_addr_inst/cmd_queue/inst/fifo_gen_inst/inst_fifo_gen/gconvfifo.rf/grf.rf/rstblk/gpregsm1.curr_fwft_state[1]_i_2/O
                         net (fo=32, routed)          0.782     4.557    design_1_i/axi_mem_intercon/s00_couplers/auto_ds/inst/gen_downsizer.gen_cascaded_downsizer.first_downsizer_inst/USE_WRITE.write_addr_inst/cmd_queue/inst/fifo_gen_inst/inst_fifo_gen/gconvfifo.rf/grf.rf/gntv_or_sync_fifo.gl0.wr/wpntr/AR[0]
    SLICE_X35Y247        FDCE                                         f  design_1_i/axi_mem_intercon/s00_couplers/auto_ds/inst/gen_downsizer.gen_cascaded_downsizer.first_downsizer_inst/USE_WRITE.write_addr_inst/cmd_queue/inst/fifo_gen_inst/inst_fifo_gen/gconvfifo.rf/grf.rf/gntv_or_sync_fifo.gl0.wr/wpntr/gcc0.gc0.count_reg[4]/CLR
  -------------------------------------------------------------------    -------------------

                         (clock clk_fpga_0 rise edge)
                                                     10.000    10.000 r  
    PS7_X0Y0             PS7                          0.000    10.000 r  design_1_i/processing_system7_0/inst/PS7_i/FCLKCLK[0]
                         net (fo=1, routed)           1.294    11.294    design_1_i/processing_system7_0/inst/FCLK_CLK_unbuffered[0]
    BUFGCTRL_X0Y16       BUFG (Prop_bufg_I_O)         0.083    11.377 r  design_1_i/processing_system7_0/inst/buffer_fclk_clk_0.FCLK_CLK_0_BUFG/O
                         net (fo=3740, routed)        1.301    12.678    design_1_i/axi_mem_intercon/s00_couplers/auto_ds/inst/gen_downsizer.gen_cascaded_downsizer.first_downsizer_inst/USE_WRITE.write_addr_inst/cmd_queue/inst/fifo_gen_inst/inst_fifo_gen/gconvfifo.rf/grf.rf/gntv_or_sync_fifo.gl0.wr/wpntr/clk
    SLICE_X35Y247        FDCE                                         r  design_1_i/axi_mem_intercon/s00_couplers/auto_ds/inst/gen_downsizer.gen_cascaded_downsizer.first_downsizer_inst/USE_WRITE.write_addr_inst/cmd_queue/inst/fifo_gen_inst/inst_fifo_gen/gconvfifo.rf/grf.rf/gntv_or_sync_fifo.gl0.wr/wpntr/gcc0.gc0.count_reg[4]/C
                         clock pessimism              0.232    12.910    
                         clock uncertainty           -0.154    12.756    
    SLICE_X35Y247        FDCE (Recov_fdce_C_CLR)     -0.212    12.544    design_1_i/axi_mem_intercon/s00_couplers/auto_ds/inst/gen_downsizer.gen_cascaded_downsizer.first_downsizer_inst/USE_WRITE.write_addr_inst/cmd_queue/inst/fifo_gen_inst/inst_fifo_gen/gconvfifo.rf/grf.rf/gntv_or_sync_fifo.gl0.wr/wpntr/gcc0.gc0.count_reg[4]
  -------------------------------------------------------------------
                         required time                         12.544    
                         arrival time                          -4.557    
  -------------------------------------------------------------------
                         slack                                  7.987    

Slack (MET) :             7.998ns  (required time - arrival time)
  Source:                 design_1_i/axi_mem_intercon/s00_couplers/auto_ds/inst/gen_downsizer.gen_cascaded_downsizer.gen_axi3_conv.axi3_conv_inst/gen_axi4_axi3.axi3_conv_inst/USE_WRITE.write_addr_inst/USE_BURSTS.cmd_queue/inst/fifo_gen_inst/inst_fifo_gen/gconvfifo.rf/grf.rf/rstblk/ngwrdrst.grst.g7serrst.gnsckt_wrst.gcc_rst.sckt_wr_rst_cc_reg[0]/C
                            (rising edge-triggered cell FDRE clocked by clk_fpga_0  {rise@0.000ns fall@5.000ns period=10.000ns})
  Destination:            design_1_i/axi_mem_intercon/s00_couplers/auto_ds/inst/gen_downsizer.gen_cascaded_downsizer.gen_axi3_conv.axi3_conv_inst/gen_axi4_axi3.axi3_conv_inst/USE_WRITE.write_addr_inst/USE_BURSTS.cmd_queue/inst/fifo_gen_inst/inst_fifo_gen/gconvfifo.rf/grf.rf/gntv_or_sync_fifo.gl0.wr/wpntr/gcc0.gc0.count_d1_reg[0]/CLR
                            (recovery check against rising-edge clock clk_fpga_0  {rise@0.000ns fall@5.000ns period=10.000ns})
  Path Group:             **async_default**
  Path Type:              Recovery (Max at Slow Process Corner)
  Requirement:            10.000ns  (clk_fpga_0 rise@10.000ns - clk_fpga_0 rise@0.000ns)
  Data Path Delay:        1.371ns  (logic 0.302ns (22.027%)  route 1.069ns (77.973%))
  Logic Levels:           1  (LUT3=1)
  Clock Path Skew:        -0.265ns (DCD - SCD + CPR)
    Destination Clock Delay (DCD):    2.732ns = ( 12.732 - 10.000 ) 
    Source Clock Delay      (SCD):    3.149ns
    Clock Pessimism Removal (CPR):    0.152ns
  Clock Uncertainty:      0.154ns  ((TSJ^2 + TIJ^2)^1/2 + DJ) / 2 + PE
    Total System Jitter     (TSJ):    0.071ns
    Total Input Jitter      (TIJ):    0.300ns
    Discrete Jitter          (DJ):    0.000ns
    Phase Error              (PE):    0.000ns

    Location             Delay type                Incr(ns)  Path(ns)    Netlist Resource(s)
  -------------------------------------------------------------------    -------------------
                         (clock clk_fpga_0 rise edge)
                                                      0.000     0.000 r  
    PS7_X0Y0             PS7                          0.000     0.000 r  design_1_i/processing_system7_0/inst/PS7_i/FCLKCLK[0]
                         net (fo=1, routed)           1.393     1.393    design_1_i/processing_system7_0/inst/FCLK_CLK_unbuffered[0]
    BUFGCTRL_X0Y16       BUFG (Prop_bufg_I_O)         0.093     1.486 r  design_1_i/processing_system7_0/inst/buffer_fclk_clk_0.FCLK_CLK_0_BUFG/O
                         net (fo=3740, routed)        1.663     3.149    design_1_i/axi_mem_intercon/s00_couplers/auto_ds/inst/gen_downsizer.gen_cascaded_downsizer.gen_axi3_conv.axi3_conv_inst/gen_axi4_axi3.axi3_conv_inst/USE_WRITE.write_addr_inst/USE_BURSTS.cmd_queue/inst/fifo_gen_inst/inst_fifo_gen/gconvfifo.rf/grf.rf/rstblk/clk
    SLICE_X26Y254        FDRE                                         r  design_1_i/axi_mem_intercon/s00_couplers/auto_ds/inst/gen_downsizer.gen_cascaded_downsizer.gen_axi3_conv.axi3_conv_inst/gen_axi4_axi3.axi3_conv_inst/USE_WRITE.write_addr_inst/USE_BURSTS.cmd_queue/inst/fifo_gen_inst/inst_fifo_gen/gconvfifo.rf/grf.rf/rstblk/ngwrdrst.grst.g7serrst.gnsckt_wrst.gcc_rst.sckt_wr_rst_cc_reg[0]/C
  -------------------------------------------------------------------    -------------------
    SLICE_X26Y254        FDRE (Prop_fdre_C_Q)         0.259     3.408 f  design_1_i/axi_mem_intercon/s00_couplers/auto_ds/inst/gen_downsizer.gen_cascaded_downsizer.gen_axi3_conv.axi3_conv_inst/gen_axi4_axi3.axi3_conv_inst/USE_WRITE.write_addr_inst/USE_BURSTS.cmd_queue/inst/fifo_gen_inst/inst_fifo_gen/gconvfifo.rf/grf.rf/rstblk/ngwrdrst.grst.g7serrst.gnsckt_wrst.gcc_rst.sckt_wr_rst_cc_reg[0]/Q
                         net (fo=3, routed)           0.489     3.897    design_1_i/axi_mem_intercon/s00_couplers/auto_ds/inst/gen_downsizer.gen_cascaded_downsizer.gen_axi3_conv.axi3_conv_inst/gen_axi4_axi3.axi3_conv_inst/USE_WRITE.write_addr_inst/USE_BURSTS.cmd_queue/inst/fifo_gen_inst/inst_fifo_gen/gconvfifo.rf/grf.rf/rstblk/sckt_wr_rst_cc[0]
    SLICE_X26Y253        LUT3 (Prop_lut3_I1_O)        0.043     3.940 f  design_1_i/axi_mem_intercon/s00_couplers/auto_ds/inst/gen_downsizer.gen_cascaded_downsizer.gen_axi3_conv.axi3_conv_inst/gen_axi4_axi3.axi3_conv_inst/USE_WRITE.write_addr_inst/USE_BURSTS.cmd_queue/inst/fifo_gen_inst/inst_fifo_gen/gconvfifo.rf/grf.rf/rstblk/gpregsm1.curr_fwft_state[1]_i_2/O
                         net (fo=32, routed)          0.580     4.520    design_1_i/axi_mem_intercon/s00_couplers/auto_ds/inst/gen_downsizer.gen_cascaded_downsizer.gen_axi3_conv.axi3_conv_inst/gen_axi4_axi3.axi3_conv_inst/USE_WRITE.write_addr_inst/USE_BURSTS.cmd_queue/inst/fifo_gen_inst/inst_fifo_gen/gconvfifo.rf/grf.rf/gntv_or_sync_fifo.gl0.wr/wpntr/AR[0]
    SLICE_X27Y249        FDCE                                         f  design_1_i/axi_mem_intercon/s00_couplers/auto_ds/inst/gen_downsizer.gen_cascaded_downsizer.gen_axi3_conv.axi3_conv_inst/gen_axi4_axi3.axi3_conv_inst/USE_WRITE.write_addr_inst/USE_BURSTS.cmd_queue/inst/fifo_gen_inst/inst_fifo_gen/gconvfifo.rf/grf.rf/gntv_or_sync_fifo.gl0.wr/wpntr/gcc0.gc0.count_d1_reg[0]/CLR
  -------------------------------------------------------------------    -------------------

                         (clock clk_fpga_0 rise edge)
                                                     10.000    10.000 r  
    PS7_X0Y0             PS7                          0.000    10.000 r  design_1_i/processing_system7_0/inst/PS7_i/FCLKCLK[0]
                         net (fo=1, routed)           1.294    11.294    design_1_i/processing_system7_0/inst/FCLK_CLK_unbuffered[0]
    BUFGCTRL_X0Y16       BUFG (Prop_bufg_I_O)         0.083    11.377 r  design_1_i/processing_system7_0/inst/buffer_fclk_clk_0.FCLK_CLK_0_BUFG/O
                         net (fo=3740, routed)        1.355    12.732    design_1_i/axi_mem_intercon/s00_couplers/auto_ds/inst/gen_downsizer.gen_cascaded_downsizer.gen_axi3_conv.axi3_conv_inst/gen_axi4_axi3.axi3_conv_inst/USE_WRITE.write_addr_inst/USE_BURSTS.cmd_queue/inst/fifo_gen_inst/inst_fifo_gen/gconvfifo.rf/grf.rf/gntv_or_sync_fifo.gl0.wr/wpntr/clk
    SLICE_X27Y249        FDCE                                         r  design_1_i/axi_mem_intercon/s00_couplers/auto_ds/inst/gen_downsizer.gen_cascaded_downsizer.gen_axi3_conv.axi3_conv_inst/gen_axi4_axi3.axi3_conv_inst/USE_WRITE.write_addr_inst/USE_BURSTS.cmd_queue/inst/fifo_gen_inst/inst_fifo_gen/gconvfifo.rf/grf.rf/gntv_or_sync_fifo.gl0.wr/wpntr/gcc0.gc0.count_d1_reg[0]/C
                         clock pessimism              0.152    12.884    
                         clock uncertainty           -0.154    12.730    
    SLICE_X27Y249        FDCE (Recov_fdce_C_CLR)     -0.212    12.518    design_1_i/axi_mem_intercon/s00_couplers/auto_ds/inst/gen_downsizer.gen_cascaded_downsizer.gen_axi3_conv.axi3_conv_inst/gen_axi4_axi3.axi3_conv_inst/USE_WRITE.write_addr_inst/USE_BURSTS.cmd_queue/inst/fifo_gen_inst/inst_fifo_gen/gconvfifo.rf/grf.rf/gntv_or_sync_fifo.gl0.wr/wpntr/gcc0.gc0.count_d1_reg[0]
  -------------------------------------------------------------------
                         required time                         12.518    
                         arrival time                          -4.520    
  -------------------------------------------------------------------
                         slack                                  7.998    

Slack (MET) :             7.998ns  (required time - arrival time)
  Source:                 design_1_i/axi_mem_intercon/s00_couplers/auto_ds/inst/gen_downsizer.gen_cascaded_downsizer.gen_axi3_conv.axi3_conv_inst/gen_axi4_axi3.axi3_conv_inst/USE_WRITE.write_addr_inst/USE_BURSTS.cmd_queue/inst/fifo_gen_inst/inst_fifo_gen/gconvfifo.rf/grf.rf/rstblk/ngwrdrst.grst.g7serrst.gnsckt_wrst.gcc_rst.sckt_wr_rst_cc_reg[0]/C
                            (rising edge-triggered cell FDRE clocked by clk_fpga_0  {rise@0.000ns fall@5.000ns period=10.000ns})
  Destination:            design_1_i/axi_mem_intercon/s00_couplers/auto_ds/inst/gen_downsizer.gen_cascaded_downsizer.gen_axi3_conv.axi3_conv_inst/gen_axi4_axi3.axi3_conv_inst/USE_WRITE.write_addr_inst/USE_BURSTS.cmd_queue/inst/fifo_gen_inst/inst_fifo_gen/gconvfifo.rf/grf.rf/gntv_or_sync_fifo.gl0.wr/wpntr/gcc0.gc0.count_d1_reg[1]/CLR
                            (recovery check against rising-edge clock clk_fpga_0  {rise@0.000ns fall@5.000ns period=10.000ns})
  Path Group:             **async_default**
  Path Type:              Recovery (Max at Slow Process Corner)
  Requirement:            10.000ns  (clk_fpga_0 rise@10.000ns - clk_fpga_0 rise@0.000ns)
  Data Path Delay:        1.371ns  (logic 0.302ns (22.027%)  route 1.069ns (77.973%))
  Logic Levels:           1  (LUT3=1)
  Clock Path Skew:        -0.265ns (DCD - SCD + CPR)
    Destination Clock Delay (DCD):    2.732ns = ( 12.732 - 10.000 ) 
    Source Clock Delay      (SCD):    3.149ns
    Clock Pessimism Removal (CPR):    0.152ns
  Clock Uncertainty:      0.154ns  ((TSJ^2 + TIJ^2)^1/2 + DJ) / 2 + PE
    Total System Jitter     (TSJ):    0.071ns
    Total Input Jitter      (TIJ):    0.300ns
    Discrete Jitter          (DJ):    0.000ns
    Phase Error              (PE):    0.000ns

    Location             Delay type                Incr(ns)  Path(ns)    Netlist Resource(s)
  -------------------------------------------------------------------    -------------------
                         (clock clk_fpga_0 rise edge)
                                                      0.000     0.000 r  
    PS7_X0Y0             PS7                          0.000     0.000 r  design_1_i/processing_system7_0/inst/PS7_i/FCLKCLK[0]
                         net (fo=1, routed)           1.393     1.393    design_1_i/processing_system7_0/inst/FCLK_CLK_unbuffered[0]
    BUFGCTRL_X0Y16       BUFG (Prop_bufg_I_O)         0.093     1.486 r  design_1_i/processing_system7_0/inst/buffer_fclk_clk_0.FCLK_CLK_0_BUFG/O
                         net (fo=3740, routed)        1.663     3.149    design_1_i/axi_mem_intercon/s00_couplers/auto_ds/inst/gen_downsizer.gen_cascaded_downsizer.gen_axi3_conv.axi3_conv_inst/gen_axi4_axi3.axi3_conv_inst/USE_WRITE.write_addr_inst/USE_BURSTS.cmd_queue/inst/fifo_gen_inst/inst_fifo_gen/gconvfifo.rf/grf.rf/rstblk/clk
    SLICE_X26Y254        FDRE                                         r  design_1_i/axi_mem_intercon/s00_couplers/auto_ds/inst/gen_downsizer.gen_cascaded_downsizer.gen_axi3_conv.axi3_conv_inst/gen_axi4_axi3.axi3_conv_inst/USE_WRITE.write_addr_inst/USE_BURSTS.cmd_queue/inst/fifo_gen_inst/inst_fifo_gen/gconvfifo.rf/grf.rf/rstblk/ngwrdrst.grst.g7serrst.gnsckt_wrst.gcc_rst.sckt_wr_rst_cc_reg[0]/C
  -------------------------------------------------------------------    -------------------
    SLICE_X26Y254        FDRE (Prop_fdre_C_Q)         0.259     3.408 f  design_1_i/axi_mem_intercon/s00_couplers/auto_ds/inst/gen_downsizer.gen_cascaded_downsizer.gen_axi3_conv.axi3_conv_inst/gen_axi4_axi3.axi3_conv_inst/USE_WRITE.write_addr_inst/USE_BURSTS.cmd_queue/inst/fifo_gen_inst/inst_fifo_gen/gconvfifo.rf/grf.rf/rstblk/ngwrdrst.grst.g7serrst.gnsckt_wrst.gcc_rst.sckt_wr_rst_cc_reg[0]/Q
                         net (fo=3, routed)           0.489     3.897    design_1_i/axi_mem_intercon/s00_couplers/auto_ds/inst/gen_downsizer.gen_cascaded_downsizer.gen_axi3_conv.axi3_conv_inst/gen_axi4_axi3.axi3_conv_inst/USE_WRITE.write_addr_inst/USE_BURSTS.cmd_queue/inst/fifo_gen_inst/inst_fifo_gen/gconvfifo.rf/grf.rf/rstblk/sckt_wr_rst_cc[0]
    SLICE_X26Y253        LUT3 (Prop_lut3_I1_O)        0.043     3.940 f  design_1_i/axi_mem_intercon/s00_couplers/auto_ds/inst/gen_downsizer.gen_cascaded_downsizer.gen_axi3_conv.axi3_conv_inst/gen_axi4_axi3.axi3_conv_inst/USE_WRITE.write_addr_inst/USE_BURSTS.cmd_queue/inst/fifo_gen_inst/inst_fifo_gen/gconvfifo.rf/grf.rf/rstblk/gpregsm1.curr_fwft_state[1]_i_2/O
                         net (fo=32, routed)          0.580     4.520    design_1_i/axi_mem_intercon/s00_couplers/auto_ds/inst/gen_downsizer.gen_cascaded_downsizer.gen_axi3_conv.axi3_conv_inst/gen_axi4_axi3.axi3_conv_inst/USE_WRITE.write_addr_inst/USE_BURSTS.cmd_queue/inst/fifo_gen_inst/inst_fifo_gen/gconvfifo.rf/grf.rf/gntv_or_sync_fifo.gl0.wr/wpntr/AR[0]
    SLICE_X27Y249        FDCE                                         f  design_1_i/axi_mem_intercon/s00_couplers/auto_ds/inst/gen_downsizer.gen_cascaded_downsizer.gen_axi3_conv.axi3_conv_inst/gen_axi4_axi3.axi3_conv_inst/USE_WRITE.write_addr_inst/USE_BURSTS.cmd_queue/inst/fifo_gen_inst/inst_fifo_gen/gconvfifo.rf/grf.rf/gntv_or_sync_fifo.gl0.wr/wpntr/gcc0.gc0.count_d1_reg[1]/CLR
  -------------------------------------------------------------------    -------------------

                         (clock clk_fpga_0 rise edge)
                                                     10.000    10.000 r  
    PS7_X0Y0             PS7                          0.000    10.000 r  design_1_i/processing_system7_0/inst/PS7_i/FCLKCLK[0]
                         net (fo=1, routed)           1.294    11.294    design_1_i/processing_system7_0/inst/FCLK_CLK_unbuffered[0]
    BUFGCTRL_X0Y16       BUFG (Prop_bufg_I_O)         0.083    11.377 r  design_1_i/processing_system7_0/inst/buffer_fclk_clk_0.FCLK_CLK_0_BUFG/O
                         net (fo=3740, routed)        1.355    12.732    design_1_i/axi_mem_intercon/s00_couplers/auto_ds/inst/gen_downsizer.gen_cascaded_downsizer.gen_axi3_conv.axi3_conv_inst/gen_axi4_axi3.axi3_conv_inst/USE_WRITE.write_addr_inst/USE_BURSTS.cmd_queue/inst/fifo_gen_inst/inst_fifo_gen/gconvfifo.rf/grf.rf/gntv_or_sync_fifo.gl0.wr/wpntr/clk
    SLICE_X27Y249        FDCE                                         r  design_1_i/axi_mem_intercon/s00_couplers/auto_ds/inst/gen_downsizer.gen_cascaded_downsizer.gen_axi3_conv.axi3_conv_inst/gen_axi4_axi3.axi3_conv_inst/USE_WRITE.write_addr_inst/USE_BURSTS.cmd_queue/inst/fifo_gen_inst/inst_fifo_gen/gconvfifo.rf/grf.rf/gntv_or_sync_fifo.gl0.wr/wpntr/gcc0.gc0.count_d1_reg[1]/C
                         clock pessimism              0.152    12.884    
                         clock uncertainty           -0.154    12.730    
    SLICE_X27Y249        FDCE (Recov_fdce_C_CLR)     -0.212    12.518    design_1_i/axi_mem_intercon/s00_couplers/auto_ds/inst/gen_downsizer.gen_cascaded_downsizer.gen_axi3_conv.axi3_conv_inst/gen_axi4_axi3.axi3_conv_inst/USE_WRITE.write_addr_inst/USE_BURSTS.cmd_queue/inst/fifo_gen_inst/inst_fifo_gen/gconvfifo.rf/grf.rf/gntv_or_sync_fifo.gl0.wr/wpntr/gcc0.gc0.count_d1_reg[1]
  -------------------------------------------------------------------
                         required time                         12.518    
                         arrival time                          -4.520    
  -------------------------------------------------------------------
                         slack                                  7.998    

Slack (MET) :             7.998ns  (required time - arrival time)
  Source:                 design_1_i/axi_mem_intercon/s00_couplers/auto_ds/inst/gen_downsizer.gen_cascaded_downsizer.gen_axi3_conv.axi3_conv_inst/gen_axi4_axi3.axi3_conv_inst/USE_WRITE.write_addr_inst/USE_BURSTS.cmd_queue/inst/fifo_gen_inst/inst_fifo_gen/gconvfifo.rf/grf.rf/rstblk/ngwrdrst.grst.g7serrst.gnsckt_wrst.gcc_rst.sckt_wr_rst_cc_reg[0]/C
                            (rising edge-triggered cell FDRE clocked by clk_fpga_0  {rise@0.000ns fall@5.000ns period=10.000ns})
  Destination:            design_1_i/axi_mem_intercon/s00_couplers/auto_ds/inst/gen_downsizer.gen_cascaded_downsizer.gen_axi3_conv.axi3_conv_inst/gen_axi4_axi3.axi3_conv_inst/USE_WRITE.write_addr_inst/USE_BURSTS.cmd_queue/inst/fifo_gen_inst/inst_fifo_gen/gconvfifo.rf/grf.rf/gntv_or_sync_fifo.gl0.wr/wpntr/gcc0.gc0.count_reg[1]/CLR
                            (recovery check against rising-edge clock clk_fpga_0  {rise@0.000ns fall@5.000ns period=10.000ns})
  Path Group:             **async_default**
  Path Type:              Recovery (Max at Slow Process Corner)
  Requirement:            10.000ns  (clk_fpga_0 rise@10.000ns - clk_fpga_0 rise@0.000ns)
  Data Path Delay:        1.371ns  (logic 0.302ns (22.027%)  route 1.069ns (77.973%))
  Logic Levels:           1  (LUT3=1)
  Clock Path Skew:        -0.265ns (DCD - SCD + CPR)
    Destination Clock Delay (DCD):    2.732ns = ( 12.732 - 10.000 ) 
    Source Clock Delay      (SCD):    3.149ns
    Clock Pessimism Removal (CPR):    0.152ns
  Clock Uncertainty:      0.154ns  ((TSJ^2 + TIJ^2)^1/2 + DJ) / 2 + PE
    Total System Jitter     (TSJ):    0.071ns
    Total Input Jitter      (TIJ):    0.300ns
    Discrete Jitter          (DJ):    0.000ns
    Phase Error              (PE):    0.000ns

    Location             Delay type                Incr(ns)  Path(ns)    Netlist Resource(s)
  -------------------------------------------------------------------    -------------------
                         (clock clk_fpga_0 rise edge)
                                                      0.000     0.000 r  
    PS7_X0Y0             PS7                          0.000     0.000 r  design_1_i/processing_system7_0/inst/PS7_i/FCLKCLK[0]
                         net (fo=1, routed)           1.393     1.393    design_1_i/processing_system7_0/inst/FCLK_CLK_unbuffered[0]
    BUFGCTRL_X0Y16       BUFG (Prop_bufg_I_O)         0.093     1.486 r  design_1_i/processing_system7_0/inst/buffer_fclk_clk_0.FCLK_CLK_0_BUFG/O
                         net (fo=3740, routed)        1.663     3.149    design_1_i/axi_mem_intercon/s00_couplers/auto_ds/inst/gen_downsizer.gen_cascaded_downsizer.gen_axi3_conv.axi3_conv_inst/gen_axi4_axi3.axi3_conv_inst/USE_WRITE.write_addr_inst/USE_BURSTS.cmd_queue/inst/fifo_gen_inst/inst_fifo_gen/gconvfifo.rf/grf.rf/rstblk/clk
    SLICE_X26Y254        FDRE                                         r  design_1_i/axi_mem_intercon/s00_couplers/auto_ds/inst/gen_downsizer.gen_cascaded_downsizer.gen_axi3_conv.axi3_conv_inst/gen_axi4_axi3.axi3_conv_inst/USE_WRITE.write_addr_inst/USE_BURSTS.cmd_queue/inst/fifo_gen_inst/inst_fifo_gen/gconvfifo.rf/grf.rf/rstblk/ngwrdrst.grst.g7serrst.gnsckt_wrst.gcc_rst.sckt_wr_rst_cc_reg[0]/C
  -------------------------------------------------------------------    -------------------
    SLICE_X26Y254        FDRE (Prop_fdre_C_Q)         0.259     3.408 f  design_1_i/axi_mem_intercon/s00_couplers/auto_ds/inst/gen_downsizer.gen_cascaded_downsizer.gen_axi3_conv.axi3_conv_inst/gen_axi4_axi3.axi3_conv_inst/USE_WRITE.write_addr_inst/USE_BURSTS.cmd_queue/inst/fifo_gen_inst/inst_fifo_gen/gconvfifo.rf/grf.rf/rstblk/ngwrdrst.grst.g7serrst.gnsckt_wrst.gcc_rst.sckt_wr_rst_cc_reg[0]/Q
                         net (fo=3, routed)           0.489     3.897    design_1_i/axi_mem_intercon/s00_couplers/auto_ds/inst/gen_downsizer.gen_cascaded_downsizer.gen_axi3_conv.axi3_conv_inst/gen_axi4_axi3.axi3_conv_inst/USE_WRITE.write_addr_inst/USE_BURSTS.cmd_queue/inst/fifo_gen_inst/inst_fifo_gen/gconvfifo.rf/grf.rf/rstblk/sckt_wr_rst_cc[0]
    SLICE_X26Y253        LUT3 (Prop_lut3_I1_O)        0.043     3.940 f  design_1_i/axi_mem_intercon/s00_couplers/auto_ds/inst/gen_downsizer.gen_cascaded_downsizer.gen_axi3_conv.axi3_conv_inst/gen_axi4_axi3.axi3_conv_inst/USE_WRITE.write_addr_inst/USE_BURSTS.cmd_queue/inst/fifo_gen_inst/inst_fifo_gen/gconvfifo.rf/grf.rf/rstblk/gpregsm1.curr_fwft_state[1]_i_2/O
                         net (fo=32, routed)          0.580     4.520    design_1_i/axi_mem_intercon/s00_couplers/auto_ds/inst/gen_downsizer.gen_cascaded_downsizer.gen_axi3_conv.axi3_conv_inst/gen_axi4_axi3.axi3_conv_inst/USE_WRITE.write_addr_inst/USE_BURSTS.cmd_queue/inst/fifo_gen_inst/inst_fifo_gen/gconvfifo.rf/grf.rf/gntv_or_sync_fifo.gl0.wr/wpntr/AR[0]
    SLICE_X27Y249        FDCE                                         f  design_1_i/axi_mem_intercon/s00_couplers/auto_ds/inst/gen_downsizer.gen_cascaded_downsizer.gen_axi3_conv.axi3_conv_inst/gen_axi4_axi3.axi3_conv_inst/USE_WRITE.write_addr_inst/USE_BURSTS.cmd_queue/inst/fifo_gen_inst/inst_fifo_gen/gconvfifo.rf/grf.rf/gntv_or_sync_fifo.gl0.wr/wpntr/gcc0.gc0.count_reg[1]/CLR
  -------------------------------------------------------------------    -------------------

                         (clock clk_fpga_0 rise edge)
                                                     10.000    10.000 r  
    PS7_X0Y0             PS7                          0.000    10.000 r  design_1_i/processing_system7_0/inst/PS7_i/FCLKCLK[0]
                         net (fo=1, routed)           1.294    11.294    design_1_i/processing_system7_0/inst/FCLK_CLK_unbuffered[0]
    BUFGCTRL_X0Y16       BUFG (Prop_bufg_I_O)         0.083    11.377 r  design_1_i/processing_system7_0/inst/buffer_fclk_clk_0.FCLK_CLK_0_BUFG/O
                         net (fo=3740, routed)        1.355    12.732    design_1_i/axi_mem_intercon/s00_couplers/auto_ds/inst/gen_downsizer.gen_cascaded_downsizer.gen_axi3_conv.axi3_conv_inst/gen_axi4_axi3.axi3_conv_inst/USE_WRITE.write_addr_inst/USE_BURSTS.cmd_queue/inst/fifo_gen_inst/inst_fifo_gen/gconvfifo.rf/grf.rf/gntv_or_sync_fifo.gl0.wr/wpntr/clk
    SLICE_X27Y249        FDCE                                         r  design_1_i/axi_mem_intercon/s00_couplers/auto_ds/inst/gen_downsizer.gen_cascaded_downsizer.gen_axi3_conv.axi3_conv_inst/gen_axi4_axi3.axi3_conv_inst/USE_WRITE.write_addr_inst/USE_BURSTS.cmd_queue/inst/fifo_gen_inst/inst_fifo_gen/gconvfifo.rf/grf.rf/gntv_or_sync_fifo.gl0.wr/wpntr/gcc0.gc0.count_reg[1]/C
                         clock pessimism              0.152    12.884    
                         clock uncertainty           -0.154    12.730    
    SLICE_X27Y249        FDCE (Recov_fdce_C_CLR)     -0.212    12.518    design_1_i/axi_mem_intercon/s00_couplers/auto_ds/inst/gen_downsizer.gen_cascaded_downsizer.gen_axi3_conv.axi3_conv_inst/gen_axi4_axi3.axi3_conv_inst/USE_WRITE.write_addr_inst/USE_BURSTS.cmd_queue/inst/fifo_gen_inst/inst_fifo_gen/gconvfifo.rf/grf.rf/gntv_or_sync_fifo.gl0.wr/wpntr/gcc0.gc0.count_reg[1]
  -------------------------------------------------------------------
                         required time                         12.518    
                         arrival time                          -4.520    
  -------------------------------------------------------------------
                         slack                                  7.998    

Slack (MET) :             8.012ns  (required time - arrival time)
  Source:                 design_1_i/axi_mem_intercon/s00_couplers/auto_ds/inst/gen_downsizer.gen_cascaded_downsizer.first_downsizer_inst/USE_WRITE.write_addr_inst/cmd_queue/inst/fifo_gen_inst/inst_fifo_gen/gconvfifo.rf/grf.rf/rstblk/ngwrdrst.grst.g7serrst.gnsckt_wrst.gcc_rst.sckt_wr_rst_cc_reg[0]/C
                            (rising edge-triggered cell FDRE clocked by clk_fpga_0  {rise@0.000ns fall@5.000ns period=10.000ns})
  Destination:            design_1_i/axi_mem_intercon/s00_couplers/auto_ds/inst/gen_downsizer.gen_cascaded_downsizer.first_downsizer_inst/USE_WRITE.write_addr_inst/cmd_queue/inst/fifo_gen_inst/inst_fifo_gen/gconvfifo.rf/grf.rf/gntv_or_sync_fifo.gl0.wr/wpntr/gcc0.gc0.count_d1_reg[2]/CLR
                            (recovery check against rising-edge clock clk_fpga_0  {rise@0.000ns fall@5.000ns period=10.000ns})
  Path Group:             **async_default**
  Path Type:              Recovery (Max at Slow Process Corner)
  Requirement:            10.000ns  (clk_fpga_0 rise@10.000ns - clk_fpga_0 rise@0.000ns)
  Data Path Delay:        1.598ns  (logic 0.359ns (22.466%)  route 1.239ns (77.534%))
  Logic Levels:           1  (LUT3=1)
  Clock Path Skew:        -0.049ns (DCD - SCD + CPR)
    Destination Clock Delay (DCD):    2.678ns = ( 12.678 - 10.000 ) 
    Source Clock Delay      (SCD):    2.959ns
    Clock Pessimism Removal (CPR):    0.232ns
  Clock Uncertainty:      0.154ns  ((TSJ^2 + TIJ^2)^1/2 + DJ) / 2 + PE
    Total System Jitter     (TSJ):    0.071ns
    Total Input Jitter      (TIJ):    0.300ns
    Discrete Jitter          (DJ):    0.000ns
    Phase Error              (PE):    0.000ns

    Location             Delay type                Incr(ns)  Path(ns)    Netlist Resource(s)
  -------------------------------------------------------------------    -------------------
                         (clock clk_fpga_0 rise edge)
                                                      0.000     0.000 r  
    PS7_X0Y0             PS7                          0.000     0.000 r  design_1_i/processing_system7_0/inst/PS7_i/FCLKCLK[0]
                         net (fo=1, routed)           1.393     1.393    design_1_i/processing_system7_0/inst/FCLK_CLK_unbuffered[0]
    BUFGCTRL_X0Y16       BUFG (Prop_bufg_I_O)         0.093     1.486 r  design_1_i/processing_system7_0/inst/buffer_fclk_clk_0.FCLK_CLK_0_BUFG/O
                         net (fo=3740, routed)        1.473     2.959    design_1_i/axi_mem_intercon/s00_couplers/auto_ds/inst/gen_downsizer.gen_cascaded_downsizer.first_downsizer_inst/USE_WRITE.write_addr_inst/cmd_queue/inst/fifo_gen_inst/inst_fifo_gen/gconvfifo.rf/grf.rf/rstblk/clk
    SLICE_X36Y248        FDRE                                         r  design_1_i/axi_mem_intercon/s00_couplers/auto_ds/inst/gen_downsizer.gen_cascaded_downsizer.first_downsizer_inst/USE_WRITE.write_addr_inst/cmd_queue/inst/fifo_gen_inst/inst_fifo_gen/gconvfifo.rf/grf.rf/rstblk/ngwrdrst.grst.g7serrst.gnsckt_wrst.gcc_rst.sckt_wr_rst_cc_reg[0]/C
  -------------------------------------------------------------------    -------------------
    SLICE_X36Y248        FDRE (Prop_fdre_C_Q)         0.236     3.195 f  design_1_i/axi_mem_intercon/s00_couplers/auto_ds/inst/gen_downsizer.gen_cascaded_downsizer.first_downsizer_inst/USE_WRITE.write_addr_inst/cmd_queue/inst/fifo_gen_inst/inst_fifo_gen/gconvfifo.rf/grf.rf/rstblk/ngwrdrst.grst.g7serrst.gnsckt_wrst.gcc_rst.sckt_wr_rst_cc_reg[0]/Q
                         net (fo=3, routed)           0.457     3.652    design_1_i/axi_mem_intercon/s00_couplers/auto_ds/inst/gen_downsizer.gen_cascaded_downsizer.first_downsizer_inst/USE_WRITE.write_addr_inst/cmd_queue/inst/fifo_gen_inst/inst_fifo_gen/gconvfifo.rf/grf.rf/rstblk/sckt_wr_rst_cc[0]
    SLICE_X36Y249        LUT3 (Prop_lut3_I1_O)        0.123     3.775 f  design_1_i/axi_mem_intercon/s00_couplers/auto_ds/inst/gen_downsizer.gen_cascaded_downsizer.first_downsizer_inst/USE_WRITE.write_addr_inst/cmd_queue/inst/fifo_gen_inst/inst_fifo_gen/gconvfifo.rf/grf.rf/rstblk/gpregsm1.curr_fwft_state[1]_i_2/O
                         net (fo=32, routed)          0.782     4.557    design_1_i/axi_mem_intercon/s00_couplers/auto_ds/inst/gen_downsizer.gen_cascaded_downsizer.first_downsizer_inst/USE_WRITE.write_addr_inst/cmd_queue/inst/fifo_gen_inst/inst_fifo_gen/gconvfifo.rf/grf.rf/gntv_or_sync_fifo.gl0.wr/wpntr/AR[0]
    SLICE_X34Y247        FDCE                                         f  design_1_i/axi_mem_intercon/s00_couplers/auto_ds/inst/gen_downsizer.gen_cascaded_downsizer.first_downsizer_inst/USE_WRITE.write_addr_inst/cmd_queue/inst/fifo_gen_inst/inst_fifo_gen/gconvfifo.rf/grf.rf/gntv_or_sync_fifo.gl0.wr/wpntr/gcc0.gc0.count_d1_reg[2]/CLR
  -------------------------------------------------------------------    -------------------

                         (clock clk_fpga_0 rise edge)
                                                     10.000    10.000 r  
    PS7_X0Y0             PS7                          0.000    10.000 r  design_1_i/processing_system7_0/inst/PS7_i/FCLKCLK[0]
                         net (fo=1, routed)           1.294    11.294    design_1_i/processing_system7_0/inst/FCLK_CLK_unbuffered[0]
    BUFGCTRL_X0Y16       BUFG (Prop_bufg_I_O)         0.083    11.377 r  design_1_i/processing_system7_0/inst/buffer_fclk_clk_0.FCLK_CLK_0_BUFG/O
                         net (fo=3740, routed)        1.301    12.678    design_1_i/axi_mem_intercon/s00_couplers/auto_ds/inst/gen_downsizer.gen_cascaded_downsizer.first_downsizer_inst/USE_WRITE.write_addr_inst/cmd_queue/inst/fifo_gen_inst/inst_fifo_gen/gconvfifo.rf/grf.rf/gntv_or_sync_fifo.gl0.wr/wpntr/clk
    SLICE_X34Y247        FDCE                                         r  design_1_i/axi_mem_intercon/s00_couplers/auto_ds/inst/gen_downsizer.gen_cascaded_downsizer.first_downsizer_inst/USE_WRITE.write_addr_inst/cmd_queue/inst/fifo_gen_inst/inst_fifo_gen/gconvfifo.rf/grf.rf/gntv_or_sync_fifo.gl0.wr/wpntr/gcc0.gc0.count_d1_reg[2]/C
                         clock pessimism              0.232    12.910    
                         clock uncertainty           -0.154    12.756    
    SLICE_X34Y247        FDCE (Recov_fdce_C_CLR)     -0.187    12.569    design_1_i/axi_mem_intercon/s00_couplers/auto_ds/inst/gen_downsizer.gen_cascaded_downsizer.first_downsizer_inst/USE_WRITE.write_addr_inst/cmd_queue/inst/fifo_gen_inst/inst_fifo_gen/gconvfifo.rf/grf.rf/gntv_or_sync_fifo.gl0.wr/wpntr/gcc0.gc0.count_d1_reg[2]
  -------------------------------------------------------------------
                         required time                         12.569    
                         arrival time                          -4.557    
  -------------------------------------------------------------------
                         slack                                  8.012    





Min Delay Paths
--------------------------------------------------------------------------------------
Slack (MET) :             0.454ns  (arrival time - required time)
  Source:                 design_1_i/axi_mem_intercon/s00_couplers/auto_ds/inst/gen_downsizer.gen_cascaded_downsizer.gen_axi3_conv.axi3_conv_inst/gen_axi4_axi3.axi3_conv_inst/USE_WRITE.write_addr_inst/USE_B_CHANNEL.cmd_b_queue/inst/fifo_gen_inst/inst_fifo_gen/gconvfifo.rf/grf.rf/rstblk/ngwrdrst.grst.g7serrst.gnsckt_wrst.gcc_rst.sckt_wr_rst_cc_reg[1]/C
                            (rising edge-triggered cell FDRE clocked by clk_fpga_0  {rise@0.000ns fall@5.000ns period=10.000ns})
  Destination:            design_1_i/axi_mem_intercon/s00_couplers/auto_ds/inst/gen_downsizer.gen_cascaded_downsizer.gen_axi3_conv.axi3_conv_inst/gen_axi4_axi3.axi3_conv_inst/USE_WRITE.write_addr_inst/USE_B_CHANNEL.cmd_b_queue/inst/fifo_gen_inst/inst_fifo_gen/gconvfifo.rf/grf.rf/gntv_or_sync_fifo.gl0.rd/rpntr/gc0.count_d1_reg[2]/CLR
                            (removal check against rising-edge clock clk_fpga_0  {rise@0.000ns fall@5.000ns period=10.000ns})
  Path Group:             **async_default**
  Path Type:              Removal (Min at Fast Process Corner)
  Requirement:            0.000ns  (clk_fpga_0 rise@0.000ns - clk_fpga_0 rise@0.000ns)
  Data Path Delay:        0.399ns  (logic 0.128ns (32.047%)  route 0.271ns (67.953%))
  Logic Levels:           1  (LUT3=1)
  Clock Path Skew:        0.014ns (DCD - SCD - CPR)
    Destination Clock Delay (DCD):    1.834ns
    Source Clock Delay      (SCD):    1.538ns
    Clock Pessimism Removal (CPR):    0.282ns

    Location             Delay type                Incr(ns)  Path(ns)    Netlist Resource(s)
  -------------------------------------------------------------------    -------------------
                         (clock clk_fpga_0 rise edge)
                                                      0.000     0.000 r  
    PS7_X0Y0             PS7                          0.000     0.000 r  design_1_i/processing_system7_0/inst/PS7_i/FCLKCLK[0]
                         net (fo=1, routed)           0.763     0.763    design_1_i/processing_system7_0/inst/FCLK_CLK_unbuffered[0]
    BUFGCTRL_X0Y16       BUFG (Prop_bufg_I_O)         0.026     0.789 r  design_1_i/processing_system7_0/inst/buffer_fclk_clk_0.FCLK_CLK_0_BUFG/O
                         net (fo=3740, routed)        0.749     1.538    design_1_i/axi_mem_intercon/s00_couplers/auto_ds/inst/gen_downsizer.gen_cascaded_downsizer.gen_axi3_conv.axi3_conv_inst/gen_axi4_axi3.axi3_conv_inst/USE_WRITE.write_addr_inst/USE_B_CHANNEL.cmd_b_queue/inst/fifo_gen_inst/inst_fifo_gen/gconvfifo.rf/grf.rf/rstblk/clk
    SLICE_X37Y251        FDRE                                         r  design_1_i/axi_mem_intercon/s00_couplers/auto_ds/inst/gen_downsizer.gen_cascaded_downsizer.gen_axi3_conv.axi3_conv_inst/gen_axi4_axi3.axi3_conv_inst/USE_WRITE.write_addr_inst/USE_B_CHANNEL.cmd_b_queue/inst/fifo_gen_inst/inst_fifo_gen/gconvfifo.rf/grf.rf/rstblk/ngwrdrst.grst.g7serrst.gnsckt_wrst.gcc_rst.sckt_wr_rst_cc_reg[1]/C
  -------------------------------------------------------------------    -------------------
    SLICE_X37Y251        FDRE (Prop_fdre_C_Q)         0.100     1.638 f  design_1_i/axi_mem_intercon/s00_couplers/auto_ds/inst/gen_downsizer.gen_cascaded_downsizer.gen_axi3_conv.axi3_conv_inst/gen_axi4_axi3.axi3_conv_inst/USE_WRITE.write_addr_inst/USE_B_CHANNEL.cmd_b_queue/inst/fifo_gen_inst/inst_fifo_gen/gconvfifo.rf/grf.rf/rstblk/ngwrdrst.grst.g7serrst.gnsckt_wrst.gcc_rst.sckt_wr_rst_cc_reg[1]/Q
                         net (fo=2, routed)           0.123     1.761    design_1_i/axi_mem_intercon/s00_couplers/auto_ds/inst/gen_downsizer.gen_cascaded_downsizer.gen_axi3_conv.axi3_conv_inst/gen_axi4_axi3.axi3_conv_inst/USE_WRITE.write_addr_inst/USE_B_CHANNEL.cmd_b_queue/inst/fifo_gen_inst/inst_fifo_gen/gconvfifo.rf/grf.rf/rstblk/sckt_wr_rst_cc[1]
    SLICE_X37Y250        LUT3 (Prop_lut3_I0_O)        0.028     1.789 f  design_1_i/axi_mem_intercon/s00_couplers/auto_ds/inst/gen_downsizer.gen_cascaded_downsizer.gen_axi3_conv.axi3_conv_inst/gen_axi4_axi3.axi3_conv_inst/USE_WRITE.write_addr_inst/USE_B_CHANNEL.cmd_b_queue/inst/fifo_gen_inst/inst_fifo_gen/gconvfifo.rf/grf.rf/rstblk/gpregsm1.curr_fwft_state[1]_i_2/O
                         net (fo=32, routed)          0.149     1.937    design_1_i/axi_mem_intercon/s00_couplers/auto_ds/inst/gen_downsizer.gen_cascaded_downsizer.gen_axi3_conv.axi3_conv_inst/gen_axi4_axi3.axi3_conv_inst/USE_WRITE.write_addr_inst/USE_B_CHANNEL.cmd_b_queue/inst/fifo_gen_inst/inst_fifo_gen/gconvfifo.rf/grf.rf/gntv_or_sync_fifo.gl0.rd/rpntr/gc0.count_d1_reg[4]_1
    SLICE_X39Y252        FDCE                                         f  design_1_i/axi_mem_intercon/s00_couplers/auto_ds/inst/gen_downsizer.gen_cascaded_downsizer.gen_axi3_conv.axi3_conv_inst/gen_axi4_axi3.axi3_conv_inst/USE_WRITE.write_addr_inst/USE_B_CHANNEL.cmd_b_queue/inst/fifo_gen_inst/inst_fifo_gen/gconvfifo.rf/grf.rf/gntv_or_sync_fifo.gl0.rd/rpntr/gc0.count_d1_reg[2]/CLR
  -------------------------------------------------------------------    -------------------

                         (clock clk_fpga_0 rise edge)
                                                      0.000     0.000 r  
    PS7_X0Y0             PS7                          0.000     0.000 r  design_1_i/processing_system7_0/inst/PS7_i/FCLKCLK[0]
                         net (fo=1, routed)           0.808     0.808    design_1_i/processing_system7_0/inst/FCLK_CLK_unbuffered[0]
    BUFGCTRL_X0Y16       BUFG (Prop_bufg_I_O)         0.030     0.838 r  design_1_i/processing_system7_0/inst/buffer_fclk_clk_0.FCLK_CLK_0_BUFG/O
                         net (fo=3740, routed)        0.996     1.834    design_1_i/axi_mem_intercon/s00_couplers/auto_ds/inst/gen_downsizer.gen_cascaded_downsizer.gen_axi3_conv.axi3_conv_inst/gen_axi4_axi3.axi3_conv_inst/USE_WRITE.write_addr_inst/USE_B_CHANNEL.cmd_b_queue/inst/fifo_gen_inst/inst_fifo_gen/gconvfifo.rf/grf.rf/gntv_or_sync_fifo.gl0.rd/rpntr/clk
    SLICE_X39Y252        FDCE                                         r  design_1_i/axi_mem_intercon/s00_couplers/auto_ds/inst/gen_downsizer.gen_cascaded_downsizer.gen_axi3_conv.axi3_conv_inst/gen_axi4_axi3.axi3_conv_inst/USE_WRITE.write_addr_inst/USE_B_CHANNEL.cmd_b_queue/inst/fifo_gen_inst/inst_fifo_gen/gconvfifo.rf/grf.rf/gntv_or_sync_fifo.gl0.rd/rpntr/gc0.count_d1_reg[2]/C
                         clock pessimism             -0.282     1.552    
    SLICE_X39Y252        FDCE (Remov_fdce_C_CLR)     -0.069     1.483    design_1_i/axi_mem_intercon/s00_couplers/auto_ds/inst/gen_downsizer.gen_cascaded_downsizer.gen_axi3_conv.axi3_conv_inst/gen_axi4_axi3.axi3_conv_inst/USE_WRITE.write_addr_inst/USE_B_CHANNEL.cmd_b_queue/inst/fifo_gen_inst/inst_fifo_gen/gconvfifo.rf/grf.rf/gntv_or_sync_fifo.gl0.rd/rpntr/gc0.count_d1_reg[2]
  -------------------------------------------------------------------
                         required time                         -1.483    
                         arrival time                           1.937    
  -------------------------------------------------------------------
                         slack                                  0.454    

Slack (MET) :             0.454ns  (arrival time - required time)
  Source:                 design_1_i/axi_mem_intercon/s00_couplers/auto_ds/inst/gen_downsizer.gen_cascaded_downsizer.gen_axi3_conv.axi3_conv_inst/gen_axi4_axi3.axi3_conv_inst/USE_WRITE.write_addr_inst/USE_B_CHANNEL.cmd_b_queue/inst/fifo_gen_inst/inst_fifo_gen/gconvfifo.rf/grf.rf/rstblk/ngwrdrst.grst.g7serrst.gnsckt_wrst.gcc_rst.sckt_wr_rst_cc_reg[1]/C
                            (rising edge-triggered cell FDRE clocked by clk_fpga_0  {rise@0.000ns fall@5.000ns period=10.000ns})
  Destination:            design_1_i/axi_mem_intercon/s00_couplers/auto_ds/inst/gen_downsizer.gen_cascaded_downsizer.gen_axi3_conv.axi3_conv_inst/gen_axi4_axi3.axi3_conv_inst/USE_WRITE.write_addr_inst/USE_B_CHANNEL.cmd_b_queue/inst/fifo_gen_inst/inst_fifo_gen/gconvfifo.rf/grf.rf/gntv_or_sync_fifo.gl0.rd/rpntr/gc0.count_d1_reg[3]/CLR
                            (removal check against rising-edge clock clk_fpga_0  {rise@0.000ns fall@5.000ns period=10.000ns})
  Path Group:             **async_default**
  Path Type:              Removal (Min at Fast Process Corner)
  Requirement:            0.000ns  (clk_fpga_0 rise@0.000ns - clk_fpga_0 rise@0.000ns)
  Data Path Delay:        0.399ns  (logic 0.128ns (32.047%)  route 0.271ns (67.953%))
  Logic Levels:           1  (LUT3=1)
  Clock Path Skew:        0.014ns (DCD - SCD - CPR)
    Destination Clock Delay (DCD):    1.834ns
    Source Clock Delay      (SCD):    1.538ns
    Clock Pessimism Removal (CPR):    0.282ns

    Location             Delay type                Incr(ns)  Path(ns)    Netlist Resource(s)
  -------------------------------------------------------------------    -------------------
                         (clock clk_fpga_0 rise edge)
                                                      0.000     0.000 r  
    PS7_X0Y0             PS7                          0.000     0.000 r  design_1_i/processing_system7_0/inst/PS7_i/FCLKCLK[0]
                         net (fo=1, routed)           0.763     0.763    design_1_i/processing_system7_0/inst/FCLK_CLK_unbuffered[0]
    BUFGCTRL_X0Y16       BUFG (Prop_bufg_I_O)         0.026     0.789 r  design_1_i/processing_system7_0/inst/buffer_fclk_clk_0.FCLK_CLK_0_BUFG/O
                         net (fo=3740, routed)        0.749     1.538    design_1_i/axi_mem_intercon/s00_couplers/auto_ds/inst/gen_downsizer.gen_cascaded_downsizer.gen_axi3_conv.axi3_conv_inst/gen_axi4_axi3.axi3_conv_inst/USE_WRITE.write_addr_inst/USE_B_CHANNEL.cmd_b_queue/inst/fifo_gen_inst/inst_fifo_gen/gconvfifo.rf/grf.rf/rstblk/clk
    SLICE_X37Y251        FDRE                                         r  design_1_i/axi_mem_intercon/s00_couplers/auto_ds/inst/gen_downsizer.gen_cascaded_downsizer.gen_axi3_conv.axi3_conv_inst/gen_axi4_axi3.axi3_conv_inst/USE_WRITE.write_addr_inst/USE_B_CHANNEL.cmd_b_queue/inst/fifo_gen_inst/inst_fifo_gen/gconvfifo.rf/grf.rf/rstblk/ngwrdrst.grst.g7serrst.gnsckt_wrst.gcc_rst.sckt_wr_rst_cc_reg[1]/C
  -------------------------------------------------------------------    -------------------
    SLICE_X37Y251        FDRE (Prop_fdre_C_Q)         0.100     1.638 f  design_1_i/axi_mem_intercon/s00_couplers/auto_ds/inst/gen_downsizer.gen_cascaded_downsizer.gen_axi3_conv.axi3_conv_inst/gen_axi4_axi3.axi3_conv_inst/USE_WRITE.write_addr_inst/USE_B_CHANNEL.cmd_b_queue/inst/fifo_gen_inst/inst_fifo_gen/gconvfifo.rf/grf.rf/rstblk/ngwrdrst.grst.g7serrst.gnsckt_wrst.gcc_rst.sckt_wr_rst_cc_reg[1]/Q
                         net (fo=2, routed)           0.123     1.761    design_1_i/axi_mem_intercon/s00_couplers/auto_ds/inst/gen_downsizer.gen_cascaded_downsizer.gen_axi3_conv.axi3_conv_inst/gen_axi4_axi3.axi3_conv_inst/USE_WRITE.write_addr_inst/USE_B_CHANNEL.cmd_b_queue/inst/fifo_gen_inst/inst_fifo_gen/gconvfifo.rf/grf.rf/rstblk/sckt_wr_rst_cc[1]
    SLICE_X37Y250        LUT3 (Prop_lut3_I0_O)        0.028     1.789 f  design_1_i/axi_mem_intercon/s00_couplers/auto_ds/inst/gen_downsizer.gen_cascaded_downsizer.gen_axi3_conv.axi3_conv_inst/gen_axi4_axi3.axi3_conv_inst/USE_WRITE.write_addr_inst/USE_B_CHANNEL.cmd_b_queue/inst/fifo_gen_inst/inst_fifo_gen/gconvfifo.rf/grf.rf/rstblk/gpregsm1.curr_fwft_state[1]_i_2/O
                         net (fo=32, routed)          0.149     1.937    design_1_i/axi_mem_intercon/s00_couplers/auto_ds/inst/gen_downsizer.gen_cascaded_downsizer.gen_axi3_conv.axi3_conv_inst/gen_axi4_axi3.axi3_conv_inst/USE_WRITE.write_addr_inst/USE_B_CHANNEL.cmd_b_queue/inst/fifo_gen_inst/inst_fifo_gen/gconvfifo.rf/grf.rf/gntv_or_sync_fifo.gl0.rd/rpntr/gc0.count_d1_reg[4]_1
    SLICE_X39Y252        FDCE                                         f  design_1_i/axi_mem_intercon/s00_couplers/auto_ds/inst/gen_downsizer.gen_cascaded_downsizer.gen_axi3_conv.axi3_conv_inst/gen_axi4_axi3.axi3_conv_inst/USE_WRITE.write_addr_inst/USE_B_CHANNEL.cmd_b_queue/inst/fifo_gen_inst/inst_fifo_gen/gconvfifo.rf/grf.rf/gntv_or_sync_fifo.gl0.rd/rpntr/gc0.count_d1_reg[3]/CLR
  -------------------------------------------------------------------    -------------------

                         (clock clk_fpga_0 rise edge)
                                                      0.000     0.000 r  
    PS7_X0Y0             PS7                          0.000     0.000 r  design_1_i/processing_system7_0/inst/PS7_i/FCLKCLK[0]
                         net (fo=1, routed)           0.808     0.808    design_1_i/processing_system7_0/inst/FCLK_CLK_unbuffered[0]
    BUFGCTRL_X0Y16       BUFG (Prop_bufg_I_O)         0.030     0.838 r  design_1_i/processing_system7_0/inst/buffer_fclk_clk_0.FCLK_CLK_0_BUFG/O
                         net (fo=3740, routed)        0.996     1.834    design_1_i/axi_mem_intercon/s00_couplers/auto_ds/inst/gen_downsizer.gen_cascaded_downsizer.gen_axi3_conv.axi3_conv_inst/gen_axi4_axi3.axi3_conv_inst/USE_WRITE.write_addr_inst/USE_B_CHANNEL.cmd_b_queue/inst/fifo_gen_inst/inst_fifo_gen/gconvfifo.rf/grf.rf/gntv_or_sync_fifo.gl0.rd/rpntr/clk
    SLICE_X39Y252        FDCE                                         r  design_1_i/axi_mem_intercon/s00_couplers/auto_ds/inst/gen_downsizer.gen_cascaded_downsizer.gen_axi3_conv.axi3_conv_inst/gen_axi4_axi3.axi3_conv_inst/USE_WRITE.write_addr_inst/USE_B_CHANNEL.cmd_b_queue/inst/fifo_gen_inst/inst_fifo_gen/gconvfifo.rf/grf.rf/gntv_or_sync_fifo.gl0.rd/rpntr/gc0.count_d1_reg[3]/C
                         clock pessimism             -0.282     1.552    
    SLICE_X39Y252        FDCE (Remov_fdce_C_CLR)     -0.069     1.483    design_1_i/axi_mem_intercon/s00_couplers/auto_ds/inst/gen_downsizer.gen_cascaded_downsizer.gen_axi3_conv.axi3_conv_inst/gen_axi4_axi3.axi3_conv_inst/USE_WRITE.write_addr_inst/USE_B_CHANNEL.cmd_b_queue/inst/fifo_gen_inst/inst_fifo_gen/gconvfifo.rf/grf.rf/gntv_or_sync_fifo.gl0.rd/rpntr/gc0.count_d1_reg[3]
  -------------------------------------------------------------------
                         required time                         -1.483    
                         arrival time                           1.937    
  -------------------------------------------------------------------
                         slack                                  0.454    

Slack (MET) :             0.454ns  (arrival time - required time)
  Source:                 design_1_i/axi_mem_intercon/s00_couplers/auto_ds/inst/gen_downsizer.gen_cascaded_downsizer.gen_axi3_conv.axi3_conv_inst/gen_axi4_axi3.axi3_conv_inst/USE_WRITE.write_addr_inst/USE_B_CHANNEL.cmd_b_queue/inst/fifo_gen_inst/inst_fifo_gen/gconvfifo.rf/grf.rf/rstblk/ngwrdrst.grst.g7serrst.gnsckt_wrst.gcc_rst.sckt_wr_rst_cc_reg[1]/C
                            (rising edge-triggered cell FDRE clocked by clk_fpga_0  {rise@0.000ns fall@5.000ns period=10.000ns})
  Destination:            design_1_i/axi_mem_intercon/s00_couplers/auto_ds/inst/gen_downsizer.gen_cascaded_downsizer.gen_axi3_conv.axi3_conv_inst/gen_axi4_axi3.axi3_conv_inst/USE_WRITE.write_addr_inst/USE_B_CHANNEL.cmd_b_queue/inst/fifo_gen_inst/inst_fifo_gen/gconvfifo.rf/grf.rf/gntv_or_sync_fifo.gl0.rd/rpntr/gc0.count_d1_reg[4]/CLR
                            (removal check against rising-edge clock clk_fpga_0  {rise@0.000ns fall@5.000ns period=10.000ns})
  Path Group:             **async_default**
  Path Type:              Removal (Min at Fast Process Corner)
  Requirement:            0.000ns  (clk_fpga_0 rise@0.000ns - clk_fpga_0 rise@0.000ns)
  Data Path Delay:        0.399ns  (logic 0.128ns (32.047%)  route 0.271ns (67.953%))
  Logic Levels:           1  (LUT3=1)
  Clock Path Skew:        0.014ns (DCD - SCD - CPR)
    Destination Clock Delay (DCD):    1.834ns
    Source Clock Delay      (SCD):    1.538ns
    Clock Pessimism Removal (CPR):    0.282ns

    Location             Delay type                Incr(ns)  Path(ns)    Netlist Resource(s)
  -------------------------------------------------------------------    -------------------
                         (clock clk_fpga_0 rise edge)
                                                      0.000     0.000 r  
    PS7_X0Y0             PS7                          0.000     0.000 r  design_1_i/processing_system7_0/inst/PS7_i/FCLKCLK[0]
                         net (fo=1, routed)           0.763     0.763    design_1_i/processing_system7_0/inst/FCLK_CLK_unbuffered[0]
    BUFGCTRL_X0Y16       BUFG (Prop_bufg_I_O)         0.026     0.789 r  design_1_i/processing_system7_0/inst/buffer_fclk_clk_0.FCLK_CLK_0_BUFG/O
                         net (fo=3740, routed)        0.749     1.538    design_1_i/axi_mem_intercon/s00_couplers/auto_ds/inst/gen_downsizer.gen_cascaded_downsizer.gen_axi3_conv.axi3_conv_inst/gen_axi4_axi3.axi3_conv_inst/USE_WRITE.write_addr_inst/USE_B_CHANNEL.cmd_b_queue/inst/fifo_gen_inst/inst_fifo_gen/gconvfifo.rf/grf.rf/rstblk/clk
    SLICE_X37Y251        FDRE                                         r  design_1_i/axi_mem_intercon/s00_couplers/auto_ds/inst/gen_downsizer.gen_cascaded_downsizer.gen_axi3_conv.axi3_conv_inst/gen_axi4_axi3.axi3_conv_inst/USE_WRITE.write_addr_inst/USE_B_CHANNEL.cmd_b_queue/inst/fifo_gen_inst/inst_fifo_gen/gconvfifo.rf/grf.rf/rstblk/ngwrdrst.grst.g7serrst.gnsckt_wrst.gcc_rst.sckt_wr_rst_cc_reg[1]/C
  -------------------------------------------------------------------    -------------------
    SLICE_X37Y251        FDRE (Prop_fdre_C_Q)         0.100     1.638 f  design_1_i/axi_mem_intercon/s00_couplers/auto_ds/inst/gen_downsizer.gen_cascaded_downsizer.gen_axi3_conv.axi3_conv_inst/gen_axi4_axi3.axi3_conv_inst/USE_WRITE.write_addr_inst/USE_B_CHANNEL.cmd_b_queue/inst/fifo_gen_inst/inst_fifo_gen/gconvfifo.rf/grf.rf/rstblk/ngwrdrst.grst.g7serrst.gnsckt_wrst.gcc_rst.sckt_wr_rst_cc_reg[1]/Q
                         net (fo=2, routed)           0.123     1.761    design_1_i/axi_mem_intercon/s00_couplers/auto_ds/inst/gen_downsizer.gen_cascaded_downsizer.gen_axi3_conv.axi3_conv_inst/gen_axi4_axi3.axi3_conv_inst/USE_WRITE.write_addr_inst/USE_B_CHANNEL.cmd_b_queue/inst/fifo_gen_inst/inst_fifo_gen/gconvfifo.rf/grf.rf/rstblk/sckt_wr_rst_cc[1]
    SLICE_X37Y250        LUT3 (Prop_lut3_I0_O)        0.028     1.789 f  design_1_i/axi_mem_intercon/s00_couplers/auto_ds/inst/gen_downsizer.gen_cascaded_downsizer.gen_axi3_conv.axi3_conv_inst/gen_axi4_axi3.axi3_conv_inst/USE_WRITE.write_addr_inst/USE_B_CHANNEL.cmd_b_queue/inst/fifo_gen_inst/inst_fifo_gen/gconvfifo.rf/grf.rf/rstblk/gpregsm1.curr_fwft_state[1]_i_2/O
                         net (fo=32, routed)          0.149     1.937    design_1_i/axi_mem_intercon/s00_couplers/auto_ds/inst/gen_downsizer.gen_cascaded_downsizer.gen_axi3_conv.axi3_conv_inst/gen_axi4_axi3.axi3_conv_inst/USE_WRITE.write_addr_inst/USE_B_CHANNEL.cmd_b_queue/inst/fifo_gen_inst/inst_fifo_gen/gconvfifo.rf/grf.rf/gntv_or_sync_fifo.gl0.rd/rpntr/gc0.count_d1_reg[4]_1
    SLICE_X39Y252        FDCE                                         f  design_1_i/axi_mem_intercon/s00_couplers/auto_ds/inst/gen_downsizer.gen_cascaded_downsizer.gen_axi3_conv.axi3_conv_inst/gen_axi4_axi3.axi3_conv_inst/USE_WRITE.write_addr_inst/USE_B_CHANNEL.cmd_b_queue/inst/fifo_gen_inst/inst_fifo_gen/gconvfifo.rf/grf.rf/gntv_or_sync_fifo.gl0.rd/rpntr/gc0.count_d1_reg[4]/CLR
  -------------------------------------------------------------------    -------------------

                         (clock clk_fpga_0 rise edge)
                                                      0.000     0.000 r  
    PS7_X0Y0             PS7                          0.000     0.000 r  design_1_i/processing_system7_0/inst/PS7_i/FCLKCLK[0]
                         net (fo=1, routed)           0.808     0.808    design_1_i/processing_system7_0/inst/FCLK_CLK_unbuffered[0]
    BUFGCTRL_X0Y16       BUFG (Prop_bufg_I_O)         0.030     0.838 r  design_1_i/processing_system7_0/inst/buffer_fclk_clk_0.FCLK_CLK_0_BUFG/O
                         net (fo=3740, routed)        0.996     1.834    design_1_i/axi_mem_intercon/s00_couplers/auto_ds/inst/gen_downsizer.gen_cascaded_downsizer.gen_axi3_conv.axi3_conv_inst/gen_axi4_axi3.axi3_conv_inst/USE_WRITE.write_addr_inst/USE_B_CHANNEL.cmd_b_queue/inst/fifo_gen_inst/inst_fifo_gen/gconvfifo.rf/grf.rf/gntv_or_sync_fifo.gl0.rd/rpntr/clk
    SLICE_X39Y252        FDCE                                         r  design_1_i/axi_mem_intercon/s00_couplers/auto_ds/inst/gen_downsizer.gen_cascaded_downsizer.gen_axi3_conv.axi3_conv_inst/gen_axi4_axi3.axi3_conv_inst/USE_WRITE.write_addr_inst/USE_B_CHANNEL.cmd_b_queue/inst/fifo_gen_inst/inst_fifo_gen/gconvfifo.rf/grf.rf/gntv_or_sync_fifo.gl0.rd/rpntr/gc0.count_d1_reg[4]/C
                         clock pessimism             -0.282     1.552    
    SLICE_X39Y252        FDCE (Remov_fdce_C_CLR)     -0.069     1.483    design_1_i/axi_mem_intercon/s00_couplers/auto_ds/inst/gen_downsizer.gen_cascaded_downsizer.gen_axi3_conv.axi3_conv_inst/gen_axi4_axi3.axi3_conv_inst/USE_WRITE.write_addr_inst/USE_B_CHANNEL.cmd_b_queue/inst/fifo_gen_inst/inst_fifo_gen/gconvfifo.rf/grf.rf/gntv_or_sync_fifo.gl0.rd/rpntr/gc0.count_d1_reg[4]
  -------------------------------------------------------------------
                         required time                         -1.483    
                         arrival time                           1.937    
  -------------------------------------------------------------------
                         slack                                  0.454    

Slack (MET) :             0.454ns  (arrival time - required time)
  Source:                 design_1_i/axi_mem_intercon/s00_couplers/auto_ds/inst/gen_downsizer.gen_cascaded_downsizer.gen_axi3_conv.axi3_conv_inst/gen_axi4_axi3.axi3_conv_inst/USE_WRITE.write_addr_inst/USE_B_CHANNEL.cmd_b_queue/inst/fifo_gen_inst/inst_fifo_gen/gconvfifo.rf/grf.rf/rstblk/ngwrdrst.grst.g7serrst.gnsckt_wrst.gcc_rst.sckt_wr_rst_cc_reg[1]/C
                            (rising edge-triggered cell FDRE clocked by clk_fpga_0  {rise@0.000ns fall@5.000ns period=10.000ns})
  Destination:            design_1_i/axi_mem_intercon/s00_couplers/auto_ds/inst/gen_downsizer.gen_cascaded_downsizer.gen_axi3_conv.axi3_conv_inst/gen_axi4_axi3.axi3_conv_inst/USE_WRITE.write_addr_inst/USE_B_CHANNEL.cmd_b_queue/inst/fifo_gen_inst/inst_fifo_gen/gconvfifo.rf/grf.rf/gntv_or_sync_fifo.gl0.rd/rpntr/gc0.count_reg[3]/CLR
                            (removal check against rising-edge clock clk_fpga_0  {rise@0.000ns fall@5.000ns period=10.000ns})
  Path Group:             **async_default**
  Path Type:              Removal (Min at Fast Process Corner)
  Requirement:            0.000ns  (clk_fpga_0 rise@0.000ns - clk_fpga_0 rise@0.000ns)
  Data Path Delay:        0.399ns  (logic 0.128ns (32.047%)  route 0.271ns (67.953%))
  Logic Levels:           1  (LUT3=1)
  Clock Path Skew:        0.014ns (DCD - SCD - CPR)
    Destination Clock Delay (DCD):    1.834ns
    Source Clock Delay      (SCD):    1.538ns
    Clock Pessimism Removal (CPR):    0.282ns

    Location             Delay type                Incr(ns)  Path(ns)    Netlist Resource(s)
  -------------------------------------------------------------------    -------------------
                         (clock clk_fpga_0 rise edge)
                                                      0.000     0.000 r  
    PS7_X0Y0             PS7                          0.000     0.000 r  design_1_i/processing_system7_0/inst/PS7_i/FCLKCLK[0]
                         net (fo=1, routed)           0.763     0.763    design_1_i/processing_system7_0/inst/FCLK_CLK_unbuffered[0]
    BUFGCTRL_X0Y16       BUFG (Prop_bufg_I_O)         0.026     0.789 r  design_1_i/processing_system7_0/inst/buffer_fclk_clk_0.FCLK_CLK_0_BUFG/O
                         net (fo=3740, routed)        0.749     1.538    design_1_i/axi_mem_intercon/s00_couplers/auto_ds/inst/gen_downsizer.gen_cascaded_downsizer.gen_axi3_conv.axi3_conv_inst/gen_axi4_axi3.axi3_conv_inst/USE_WRITE.write_addr_inst/USE_B_CHANNEL.cmd_b_queue/inst/fifo_gen_inst/inst_fifo_gen/gconvfifo.rf/grf.rf/rstblk/clk
    SLICE_X37Y251        FDRE                                         r  design_1_i/axi_mem_intercon/s00_couplers/auto_ds/inst/gen_downsizer.gen_cascaded_downsizer.gen_axi3_conv.axi3_conv_inst/gen_axi4_axi3.axi3_conv_inst/USE_WRITE.write_addr_inst/USE_B_CHANNEL.cmd_b_queue/inst/fifo_gen_inst/inst_fifo_gen/gconvfifo.rf/grf.rf/rstblk/ngwrdrst.grst.g7serrst.gnsckt_wrst.gcc_rst.sckt_wr_rst_cc_reg[1]/C
  -------------------------------------------------------------------    -------------------
    SLICE_X37Y251        FDRE (Prop_fdre_C_Q)         0.100     1.638 f  design_1_i/axi_mem_intercon/s00_couplers/auto_ds/inst/gen_downsizer.gen_cascaded_downsizer.gen_axi3_conv.axi3_conv_inst/gen_axi4_axi3.axi3_conv_inst/USE_WRITE.write_addr_inst/USE_B_CHANNEL.cmd_b_queue/inst/fifo_gen_inst/inst_fifo_gen/gconvfifo.rf/grf.rf/rstblk/ngwrdrst.grst.g7serrst.gnsckt_wrst.gcc_rst.sckt_wr_rst_cc_reg[1]/Q
                         net (fo=2, routed)           0.123     1.761    design_1_i/axi_mem_intercon/s00_couplers/auto_ds/inst/gen_downsizer.gen_cascaded_downsizer.gen_axi3_conv.axi3_conv_inst/gen_axi4_axi3.axi3_conv_inst/USE_WRITE.write_addr_inst/USE_B_CHANNEL.cmd_b_queue/inst/fifo_gen_inst/inst_fifo_gen/gconvfifo.rf/grf.rf/rstblk/sckt_wr_rst_cc[1]
    SLICE_X37Y250        LUT3 (Prop_lut3_I0_O)        0.028     1.789 f  design_1_i/axi_mem_intercon/s00_couplers/auto_ds/inst/gen_downsizer.gen_cascaded_downsizer.gen_axi3_conv.axi3_conv_inst/gen_axi4_axi3.axi3_conv_inst/USE_WRITE.write_addr_inst/USE_B_CHANNEL.cmd_b_queue/inst/fifo_gen_inst/inst_fifo_gen/gconvfifo.rf/grf.rf/rstblk/gpregsm1.curr_fwft_state[1]_i_2/O
                         net (fo=32, routed)          0.149     1.937    design_1_i/axi_mem_intercon/s00_couplers/auto_ds/inst/gen_downsizer.gen_cascaded_downsizer.gen_axi3_conv.axi3_conv_inst/gen_axi4_axi3.axi3_conv_inst/USE_WRITE.write_addr_inst/USE_B_CHANNEL.cmd_b_queue/inst/fifo_gen_inst/inst_fifo_gen/gconvfifo.rf/grf.rf/gntv_or_sync_fifo.gl0.rd/rpntr/gc0.count_d1_reg[4]_1
    SLICE_X39Y252        FDCE                                         f  design_1_i/axi_mem_intercon/s00_couplers/auto_ds/inst/gen_downsizer.gen_cascaded_downsizer.gen_axi3_conv.axi3_conv_inst/gen_axi4_axi3.axi3_conv_inst/USE_WRITE.write_addr_inst/USE_B_CHANNEL.cmd_b_queue/inst/fifo_gen_inst/inst_fifo_gen/gconvfifo.rf/grf.rf/gntv_or_sync_fifo.gl0.rd/rpntr/gc0.count_reg[3]/CLR
  -------------------------------------------------------------------    -------------------

                         (clock clk_fpga_0 rise edge)
                                                      0.000     0.000 r  
    PS7_X0Y0             PS7                          0.000     0.000 r  design_1_i/processing_system7_0/inst/PS7_i/FCLKCLK[0]
                         net (fo=1, routed)           0.808     0.808    design_1_i/processing_system7_0/inst/FCLK_CLK_unbuffered[0]
    BUFGCTRL_X0Y16       BUFG (Prop_bufg_I_O)         0.030     0.838 r  design_1_i/processing_system7_0/inst/buffer_fclk_clk_0.FCLK_CLK_0_BUFG/O
                         net (fo=3740, routed)        0.996     1.834    design_1_i/axi_mem_intercon/s00_couplers/auto_ds/inst/gen_downsizer.gen_cascaded_downsizer.gen_axi3_conv.axi3_conv_inst/gen_axi4_axi3.axi3_conv_inst/USE_WRITE.write_addr_inst/USE_B_CHANNEL.cmd_b_queue/inst/fifo_gen_inst/inst_fifo_gen/gconvfifo.rf/grf.rf/gntv_or_sync_fifo.gl0.rd/rpntr/clk
    SLICE_X39Y252        FDCE                                         r  design_1_i/axi_mem_intercon/s00_couplers/auto_ds/inst/gen_downsizer.gen_cascaded_downsizer.gen_axi3_conv.axi3_conv_inst/gen_axi4_axi3.axi3_conv_inst/USE_WRITE.write_addr_inst/USE_B_CHANNEL.cmd_b_queue/inst/fifo_gen_inst/inst_fifo_gen/gconvfifo.rf/grf.rf/gntv_or_sync_fifo.gl0.rd/rpntr/gc0.count_reg[3]/C
                         clock pessimism             -0.282     1.552    
    SLICE_X39Y252        FDCE (Remov_fdce_C_CLR)     -0.069     1.483    design_1_i/axi_mem_intercon/s00_couplers/auto_ds/inst/gen_downsizer.gen_cascaded_downsizer.gen_axi3_conv.axi3_conv_inst/gen_axi4_axi3.axi3_conv_inst/USE_WRITE.write_addr_inst/USE_B_CHANNEL.cmd_b_queue/inst/fifo_gen_inst/inst_fifo_gen/gconvfifo.rf/grf.rf/gntv_or_sync_fifo.gl0.rd/rpntr/gc0.count_reg[3]
  -------------------------------------------------------------------
                         required time                         -1.483    
                         arrival time                           1.937    
  -------------------------------------------------------------------
                         slack                                  0.454    

Slack (MET) :             0.454ns  (arrival time - required time)
  Source:                 design_1_i/axi_mem_intercon/s00_couplers/auto_ds/inst/gen_downsizer.gen_cascaded_downsizer.gen_axi3_conv.axi3_conv_inst/gen_axi4_axi3.axi3_conv_inst/USE_WRITE.write_addr_inst/USE_B_CHANNEL.cmd_b_queue/inst/fifo_gen_inst/inst_fifo_gen/gconvfifo.rf/grf.rf/rstblk/ngwrdrst.grst.g7serrst.gnsckt_wrst.gcc_rst.sckt_wr_rst_cc_reg[1]/C
                            (rising edge-triggered cell FDRE clocked by clk_fpga_0  {rise@0.000ns fall@5.000ns period=10.000ns})
  Destination:            design_1_i/axi_mem_intercon/s00_couplers/auto_ds/inst/gen_downsizer.gen_cascaded_downsizer.gen_axi3_conv.axi3_conv_inst/gen_axi4_axi3.axi3_conv_inst/USE_WRITE.write_addr_inst/USE_B_CHANNEL.cmd_b_queue/inst/fifo_gen_inst/inst_fifo_gen/gconvfifo.rf/grf.rf/gntv_or_sync_fifo.gl0.rd/rpntr/gc0.count_reg[4]/CLR
                            (removal check against rising-edge clock clk_fpga_0  {rise@0.000ns fall@5.000ns period=10.000ns})
  Path Group:             **async_default**
  Path Type:              Removal (Min at Fast Process Corner)
  Requirement:            0.000ns  (clk_fpga_0 rise@0.000ns - clk_fpga_0 rise@0.000ns)
  Data Path Delay:        0.399ns  (logic 0.128ns (32.047%)  route 0.271ns (67.953%))
  Logic Levels:           1  (LUT3=1)
  Clock Path Skew:        0.014ns (DCD - SCD - CPR)
    Destination Clock Delay (DCD):    1.834ns
    Source Clock Delay      (SCD):    1.538ns
    Clock Pessimism Removal (CPR):    0.282ns

    Location             Delay type                Incr(ns)  Path(ns)    Netlist Resource(s)
  -------------------------------------------------------------------    -------------------
                         (clock clk_fpga_0 rise edge)
                                                      0.000     0.000 r  
    PS7_X0Y0             PS7                          0.000     0.000 r  design_1_i/processing_system7_0/inst/PS7_i/FCLKCLK[0]
                         net (fo=1, routed)           0.763     0.763    design_1_i/processing_system7_0/inst/FCLK_CLK_unbuffered[0]
    BUFGCTRL_X0Y16       BUFG (Prop_bufg_I_O)         0.026     0.789 r  design_1_i/processing_system7_0/inst/buffer_fclk_clk_0.FCLK_CLK_0_BUFG/O
                         net (fo=3740, routed)        0.749     1.538    design_1_i/axi_mem_intercon/s00_couplers/auto_ds/inst/gen_downsizer.gen_cascaded_downsizer.gen_axi3_conv.axi3_conv_inst/gen_axi4_axi3.axi3_conv_inst/USE_WRITE.write_addr_inst/USE_B_CHANNEL.cmd_b_queue/inst/fifo_gen_inst/inst_fifo_gen/gconvfifo.rf/grf.rf/rstblk/clk
    SLICE_X37Y251        FDRE                                         r  design_1_i/axi_mem_intercon/s00_couplers/auto_ds/inst/gen_downsizer.gen_cascaded_downsizer.gen_axi3_conv.axi3_conv_inst/gen_axi4_axi3.axi3_conv_inst/USE_WRITE.write_addr_inst/USE_B_CHANNEL.cmd_b_queue/inst/fifo_gen_inst/inst_fifo_gen/gconvfifo.rf/grf.rf/rstblk/ngwrdrst.grst.g7serrst.gnsckt_wrst.gcc_rst.sckt_wr_rst_cc_reg[1]/C
  -------------------------------------------------------------------    -------------------
    SLICE_X37Y251        FDRE (Prop_fdre_C_Q)         0.100     1.638 f  design_1_i/axi_mem_intercon/s00_couplers/auto_ds/inst/gen_downsizer.gen_cascaded_downsizer.gen_axi3_conv.axi3_conv_inst/gen_axi4_axi3.axi3_conv_inst/USE_WRITE.write_addr_inst/USE_B_CHANNEL.cmd_b_queue/inst/fifo_gen_inst/inst_fifo_gen/gconvfifo.rf/grf.rf/rstblk/ngwrdrst.grst.g7serrst.gnsckt_wrst.gcc_rst.sckt_wr_rst_cc_reg[1]/Q
                         net (fo=2, routed)           0.123     1.761    design_1_i/axi_mem_intercon/s00_couplers/auto_ds/inst/gen_downsizer.gen_cascaded_downsizer.gen_axi3_conv.axi3_conv_inst/gen_axi4_axi3.axi3_conv_inst/USE_WRITE.write_addr_inst/USE_B_CHANNEL.cmd_b_queue/inst/fifo_gen_inst/inst_fifo_gen/gconvfifo.rf/grf.rf/rstblk/sckt_wr_rst_cc[1]
    SLICE_X37Y250        LUT3 (Prop_lut3_I0_O)        0.028     1.789 f  design_1_i/axi_mem_intercon/s00_couplers/auto_ds/inst/gen_downsizer.gen_cascaded_downsizer.gen_axi3_conv.axi3_conv_inst/gen_axi4_axi3.axi3_conv_inst/USE_WRITE.write_addr_inst/USE_B_CHANNEL.cmd_b_queue/inst/fifo_gen_inst/inst_fifo_gen/gconvfifo.rf/grf.rf/rstblk/gpregsm1.curr_fwft_state[1]_i_2/O
                         net (fo=32, routed)          0.149     1.937    design_1_i/axi_mem_intercon/s00_couplers/auto_ds/inst/gen_downsizer.gen_cascaded_downsizer.gen_axi3_conv.axi3_conv_inst/gen_axi4_axi3.axi3_conv_inst/USE_WRITE.write_addr_inst/USE_B_CHANNEL.cmd_b_queue/inst/fifo_gen_inst/inst_fifo_gen/gconvfifo.rf/grf.rf/gntv_or_sync_fifo.gl0.rd/rpntr/gc0.count_d1_reg[4]_1
    SLICE_X39Y252        FDCE                                         f  design_1_i/axi_mem_intercon/s00_couplers/auto_ds/inst/gen_downsizer.gen_cascaded_downsizer.gen_axi3_conv.axi3_conv_inst/gen_axi4_axi3.axi3_conv_inst/USE_WRITE.write_addr_inst/USE_B_CHANNEL.cmd_b_queue/inst/fifo_gen_inst/inst_fifo_gen/gconvfifo.rf/grf.rf/gntv_or_sync_fifo.gl0.rd/rpntr/gc0.count_reg[4]/CLR
  -------------------------------------------------------------------    -------------------

                         (clock clk_fpga_0 rise edge)
                                                      0.000     0.000 r  
    PS7_X0Y0             PS7                          0.000     0.000 r  design_1_i/processing_system7_0/inst/PS7_i/FCLKCLK[0]
                         net (fo=1, routed)           0.808     0.808    design_1_i/processing_system7_0/inst/FCLK_CLK_unbuffered[0]
    BUFGCTRL_X0Y16       BUFG (Prop_bufg_I_O)         0.030     0.838 r  design_1_i/processing_system7_0/inst/buffer_fclk_clk_0.FCLK_CLK_0_BUFG/O
                         net (fo=3740, routed)        0.996     1.834    design_1_i/axi_mem_intercon/s00_couplers/auto_ds/inst/gen_downsizer.gen_cascaded_downsizer.gen_axi3_conv.axi3_conv_inst/gen_axi4_axi3.axi3_conv_inst/USE_WRITE.write_addr_inst/USE_B_CHANNEL.cmd_b_queue/inst/fifo_gen_inst/inst_fifo_gen/gconvfifo.rf/grf.rf/gntv_or_sync_fifo.gl0.rd/rpntr/clk
    SLICE_X39Y252        FDCE                                         r  design_1_i/axi_mem_intercon/s00_couplers/auto_ds/inst/gen_downsizer.gen_cascaded_downsizer.gen_axi3_conv.axi3_conv_inst/gen_axi4_axi3.axi3_conv_inst/USE_WRITE.write_addr_inst/USE_B_CHANNEL.cmd_b_queue/inst/fifo_gen_inst/inst_fifo_gen/gconvfifo.rf/grf.rf/gntv_or_sync_fifo.gl0.rd/rpntr/gc0.count_reg[4]/C
                         clock pessimism             -0.282     1.552    
    SLICE_X39Y252        FDCE (Remov_fdce_C_CLR)     -0.069     1.483    design_1_i/axi_mem_intercon/s00_couplers/auto_ds/inst/gen_downsizer.gen_cascaded_downsizer.gen_axi3_conv.axi3_conv_inst/gen_axi4_axi3.axi3_conv_inst/USE_WRITE.write_addr_inst/USE_B_CHANNEL.cmd_b_queue/inst/fifo_gen_inst/inst_fifo_gen/gconvfifo.rf/grf.rf/gntv_or_sync_fifo.gl0.rd/rpntr/gc0.count_reg[4]
  -------------------------------------------------------------------
                         required time                         -1.483    
                         arrival time                           1.937    
  -------------------------------------------------------------------
                         slack                                  0.454    

Slack (MET) :             0.462ns  (arrival time - required time)
  Source:                 design_1_i/axi_mem_intercon/s00_couplers/auto_pc/inst/gen_axi4_axi3.axi3_conv_inst/USE_WRITE.write_addr_inst/USE_BURSTS.cmd_queue/inst/fifo_gen_inst/inst_fifo_gen/gconvfifo.rf/grf.rf/rstblk/ngwrdrst.grst.g7serrst.gnsckt_wrst.gcc_rst.sckt_wr_rst_cc_reg[0]/C
                            (rising edge-triggered cell FDRE clocked by clk_fpga_0  {rise@0.000ns fall@5.000ns period=10.000ns})
  Destination:            design_1_i/axi_mem_intercon/s00_couplers/auto_pc/inst/gen_axi4_axi3.axi3_conv_inst/USE_WRITE.write_addr_inst/USE_BURSTS.cmd_queue/inst/fifo_gen_inst/inst_fifo_gen/gconvfifo.rf/grf.rf/gntv_or_sync_fifo.gl0.wr/gwss.wsts/ram_full_fb_i_reg/CLR
                            (removal check against rising-edge clock clk_fpga_0  {rise@0.000ns fall@5.000ns period=10.000ns})
  Path Group:             **async_default**
  Path Type:              Removal (Min at Fast Process Corner)
  Requirement:            0.000ns  (clk_fpga_0 rise@0.000ns - clk_fpga_0 rise@0.000ns)
  Data Path Delay:        0.407ns  (logic 0.128ns (31.465%)  route 0.279ns (68.535%))
  Logic Levels:           1  (LUT3=1)
  Clock Path Skew:        0.014ns (DCD - SCD - CPR)
    Destination Clock Delay (DCD):    1.832ns
    Source Clock Delay      (SCD):    1.536ns
    Clock Pessimism Removal (CPR):    0.282ns

    Location             Delay type                Incr(ns)  Path(ns)    Netlist Resource(s)
  -------------------------------------------------------------------    -------------------
                         (clock clk_fpga_0 rise edge)
                                                      0.000     0.000 r  
    PS7_X0Y0             PS7                          0.000     0.000 r  design_1_i/processing_system7_0/inst/PS7_i/FCLKCLK[0]
                         net (fo=1, routed)           0.763     0.763    design_1_i/processing_system7_0/inst/FCLK_CLK_unbuffered[0]
    BUFGCTRL_X0Y16       BUFG (Prop_bufg_I_O)         0.026     0.789 r  design_1_i/processing_system7_0/inst/buffer_fclk_clk_0.FCLK_CLK_0_BUFG/O
                         net (fo=3740, routed)        0.747     1.536    design_1_i/axi_mem_intercon/s00_couplers/auto_pc/inst/gen_axi4_axi3.axi3_conv_inst/USE_WRITE.write_addr_inst/USE_BURSTS.cmd_queue/inst/fifo_gen_inst/inst_fifo_gen/gconvfifo.rf/grf.rf/rstblk/clk
    SLICE_X35Y257        FDRE                                         r  design_1_i/axi_mem_intercon/s00_couplers/auto_pc/inst/gen_axi4_axi3.axi3_conv_inst/USE_WRITE.write_addr_inst/USE_BURSTS.cmd_queue/inst/fifo_gen_inst/inst_fifo_gen/gconvfifo.rf/grf.rf/rstblk/ngwrdrst.grst.g7serrst.gnsckt_wrst.gcc_rst.sckt_wr_rst_cc_reg[0]/C
  -------------------------------------------------------------------    -------------------
    SLICE_X35Y257        FDRE (Prop_fdre_C_Q)         0.100     1.636 f  design_1_i/axi_mem_intercon/s00_couplers/auto_pc/inst/gen_axi4_axi3.axi3_conv_inst/USE_WRITE.write_addr_inst/USE_BURSTS.cmd_queue/inst/fifo_gen_inst/inst_fifo_gen/gconvfifo.rf/grf.rf/rstblk/ngwrdrst.grst.g7serrst.gnsckt_wrst.gcc_rst.sckt_wr_rst_cc_reg[0]/Q
                         net (fo=3, routed)           0.097     1.733    design_1_i/axi_mem_intercon/s00_couplers/auto_pc/inst/gen_axi4_axi3.axi3_conv_inst/USE_WRITE.write_addr_inst/USE_BURSTS.cmd_queue/inst/fifo_gen_inst/inst_fifo_gen/gconvfifo.rf/grf.rf/rstblk/sckt_wr_rst_cc[0]
    SLICE_X34Y257        LUT3 (Prop_lut3_I1_O)        0.028     1.761 f  design_1_i/axi_mem_intercon/s00_couplers/auto_pc/inst/gen_axi4_axi3.axi3_conv_inst/USE_WRITE.write_addr_inst/USE_BURSTS.cmd_queue/inst/fifo_gen_inst/inst_fifo_gen/gconvfifo.rf/grf.rf/rstblk/gpregsm1.curr_fwft_state[1]_i_2/O
                         net (fo=32, routed)          0.181     1.943    design_1_i/axi_mem_intercon/s00_couplers/auto_pc/inst/gen_axi4_axi3.axi3_conv_inst/USE_WRITE.write_addr_inst/USE_BURSTS.cmd_queue/inst/fifo_gen_inst/inst_fifo_gen/gconvfifo.rf/grf.rf/gntv_or_sync_fifo.gl0.wr/gwss.wsts/AR[0]
    SLICE_X35Y258        FDCE                                         f  design_1_i/axi_mem_intercon/s00_couplers/auto_pc/inst/gen_axi4_axi3.axi3_conv_inst/USE_WRITE.write_addr_inst/USE_BURSTS.cmd_queue/inst/fifo_gen_inst/inst_fifo_gen/gconvfifo.rf/grf.rf/gntv_or_sync_fifo.gl0.wr/gwss.wsts/ram_full_fb_i_reg/CLR
  -------------------------------------------------------------------    -------------------

                         (clock clk_fpga_0 rise edge)
                                                      0.000     0.000 r  
    PS7_X0Y0             PS7                          0.000     0.000 r  design_1_i/processing_system7_0/inst/PS7_i/FCLKCLK[0]
                         net (fo=1, routed)           0.808     0.808    design_1_i/processing_system7_0/inst/FCLK_CLK_unbuffered[0]
    BUFGCTRL_X0Y16       BUFG (Prop_bufg_I_O)         0.030     0.838 r  design_1_i/processing_system7_0/inst/buffer_fclk_clk_0.FCLK_CLK_0_BUFG/O
                         net (fo=3740, routed)        0.994     1.832    design_1_i/axi_mem_intercon/s00_couplers/auto_pc/inst/gen_axi4_axi3.axi3_conv_inst/USE_WRITE.write_addr_inst/USE_BURSTS.cmd_queue/inst/fifo_gen_inst/inst_fifo_gen/gconvfifo.rf/grf.rf/gntv_or_sync_fifo.gl0.wr/gwss.wsts/clk
    SLICE_X35Y258        FDCE                                         r  design_1_i/axi_mem_intercon/s00_couplers/auto_pc/inst/gen_axi4_axi3.axi3_conv_inst/USE_WRITE.write_addr_inst/USE_BURSTS.cmd_queue/inst/fifo_gen_inst/inst_fifo_gen/gconvfifo.rf/grf.rf/gntv_or_sync_fifo.gl0.wr/gwss.wsts/ram_full_fb_i_reg/C
                         clock pessimism             -0.282     1.550    
    SLICE_X35Y258        FDCE (Remov_fdce_C_CLR)     -0.069     1.481    design_1_i/axi_mem_intercon/s00_couplers/auto_pc/inst/gen_axi4_axi3.axi3_conv_inst/USE_WRITE.write_addr_inst/USE_BURSTS.cmd_queue/inst/fifo_gen_inst/inst_fifo_gen/gconvfifo.rf/grf.rf/gntv_or_sync_fifo.gl0.wr/gwss.wsts/ram_full_fb_i_reg
  -------------------------------------------------------------------
                         required time                         -1.481    
                         arrival time                           1.943    
  -------------------------------------------------------------------
                         slack                                  0.462    

Slack (MET) :             0.462ns  (arrival time - required time)
  Source:                 design_1_i/axi_mem_intercon/s00_couplers/auto_pc/inst/gen_axi4_axi3.axi3_conv_inst/USE_WRITE.write_addr_inst/USE_BURSTS.cmd_queue/inst/fifo_gen_inst/inst_fifo_gen/gconvfifo.rf/grf.rf/rstblk/ngwrdrst.grst.g7serrst.gnsckt_wrst.gcc_rst.sckt_wr_rst_cc_reg[0]/C
                            (rising edge-triggered cell FDRE clocked by clk_fpga_0  {rise@0.000ns fall@5.000ns period=10.000ns})
  Destination:            design_1_i/axi_mem_intercon/s00_couplers/auto_pc/inst/gen_axi4_axi3.axi3_conv_inst/USE_WRITE.write_addr_inst/USE_BURSTS.cmd_queue/inst/fifo_gen_inst/inst_fifo_gen/gconvfifo.rf/grf.rf/gntv_or_sync_fifo.gl0.wr/gwss.wsts/ram_full_i_reg/CLR
                            (removal check against rising-edge clock clk_fpga_0  {rise@0.000ns fall@5.000ns period=10.000ns})
  Path Group:             **async_default**
  Path Type:              Removal (Min at Fast Process Corner)
  Requirement:            0.000ns  (clk_fpga_0 rise@0.000ns - clk_fpga_0 rise@0.000ns)
  Data Path Delay:        0.407ns  (logic 0.128ns (31.465%)  route 0.279ns (68.535%))
  Logic Levels:           1  (LUT3=1)
  Clock Path Skew:        0.014ns (DCD - SCD - CPR)
    Destination Clock Delay (DCD):    1.832ns
    Source Clock Delay      (SCD):    1.536ns
    Clock Pessimism Removal (CPR):    0.282ns

    Location             Delay type                Incr(ns)  Path(ns)    Netlist Resource(s)
  -------------------------------------------------------------------    -------------------
                         (clock clk_fpga_0 rise edge)
                                                      0.000     0.000 r  
    PS7_X0Y0             PS7                          0.000     0.000 r  design_1_i/processing_system7_0/inst/PS7_i/FCLKCLK[0]
                         net (fo=1, routed)           0.763     0.763    design_1_i/processing_system7_0/inst/FCLK_CLK_unbuffered[0]
    BUFGCTRL_X0Y16       BUFG (Prop_bufg_I_O)         0.026     0.789 r  design_1_i/processing_system7_0/inst/buffer_fclk_clk_0.FCLK_CLK_0_BUFG/O
                         net (fo=3740, routed)        0.747     1.536    design_1_i/axi_mem_intercon/s00_couplers/auto_pc/inst/gen_axi4_axi3.axi3_conv_inst/USE_WRITE.write_addr_inst/USE_BURSTS.cmd_queue/inst/fifo_gen_inst/inst_fifo_gen/gconvfifo.rf/grf.rf/rstblk/clk
    SLICE_X35Y257        FDRE                                         r  design_1_i/axi_mem_intercon/s00_couplers/auto_pc/inst/gen_axi4_axi3.axi3_conv_inst/USE_WRITE.write_addr_inst/USE_BURSTS.cmd_queue/inst/fifo_gen_inst/inst_fifo_gen/gconvfifo.rf/grf.rf/rstblk/ngwrdrst.grst.g7serrst.gnsckt_wrst.gcc_rst.sckt_wr_rst_cc_reg[0]/C
  -------------------------------------------------------------------    -------------------
    SLICE_X35Y257        FDRE (Prop_fdre_C_Q)         0.100     1.636 f  design_1_i/axi_mem_intercon/s00_couplers/auto_pc/inst/gen_axi4_axi3.axi3_conv_inst/USE_WRITE.write_addr_inst/USE_BURSTS.cmd_queue/inst/fifo_gen_inst/inst_fifo_gen/gconvfifo.rf/grf.rf/rstblk/ngwrdrst.grst.g7serrst.gnsckt_wrst.gcc_rst.sckt_wr_rst_cc_reg[0]/Q
                         net (fo=3, routed)           0.097     1.733    design_1_i/axi_mem_intercon/s00_couplers/auto_pc/inst/gen_axi4_axi3.axi3_conv_inst/USE_WRITE.write_addr_inst/USE_BURSTS.cmd_queue/inst/fifo_gen_inst/inst_fifo_gen/gconvfifo.rf/grf.rf/rstblk/sckt_wr_rst_cc[0]
    SLICE_X34Y257        LUT3 (Prop_lut3_I1_O)        0.028     1.761 f  design_1_i/axi_mem_intercon/s00_couplers/auto_pc/inst/gen_axi4_axi3.axi3_conv_inst/USE_WRITE.write_addr_inst/USE_BURSTS.cmd_queue/inst/fifo_gen_inst/inst_fifo_gen/gconvfifo.rf/grf.rf/rstblk/gpregsm1.curr_fwft_state[1]_i_2/O
                         net (fo=32, routed)          0.181     1.943    design_1_i/axi_mem_intercon/s00_couplers/auto_pc/inst/gen_axi4_axi3.axi3_conv_inst/USE_WRITE.write_addr_inst/USE_BURSTS.cmd_queue/inst/fifo_gen_inst/inst_fifo_gen/gconvfifo.rf/grf.rf/gntv_or_sync_fifo.gl0.wr/gwss.wsts/AR[0]
    SLICE_X35Y258        FDCE                                         f  design_1_i/axi_mem_intercon/s00_couplers/auto_pc/inst/gen_axi4_axi3.axi3_conv_inst/USE_WRITE.write_addr_inst/USE_BURSTS.cmd_queue/inst/fifo_gen_inst/inst_fifo_gen/gconvfifo.rf/grf.rf/gntv_or_sync_fifo.gl0.wr/gwss.wsts/ram_full_i_reg/CLR
  -------------------------------------------------------------------    -------------------

                         (clock clk_fpga_0 rise edge)
                                                      0.000     0.000 r  
    PS7_X0Y0             PS7                          0.000     0.000 r  design_1_i/processing_system7_0/inst/PS7_i/FCLKCLK[0]
                         net (fo=1, routed)           0.808     0.808    design_1_i/processing_system7_0/inst/FCLK_CLK_unbuffered[0]
    BUFGCTRL_X0Y16       BUFG (Prop_bufg_I_O)         0.030     0.838 r  design_1_i/processing_system7_0/inst/buffer_fclk_clk_0.FCLK_CLK_0_BUFG/O
                         net (fo=3740, routed)        0.994     1.832    design_1_i/axi_mem_intercon/s00_couplers/auto_pc/inst/gen_axi4_axi3.axi3_conv_inst/USE_WRITE.write_addr_inst/USE_BURSTS.cmd_queue/inst/fifo_gen_inst/inst_fifo_gen/gconvfifo.rf/grf.rf/gntv_or_sync_fifo.gl0.wr/gwss.wsts/clk
    SLICE_X35Y258        FDCE                                         r  design_1_i/axi_mem_intercon/s00_couplers/auto_pc/inst/gen_axi4_axi3.axi3_conv_inst/USE_WRITE.write_addr_inst/USE_BURSTS.cmd_queue/inst/fifo_gen_inst/inst_fifo_gen/gconvfifo.rf/grf.rf/gntv_or_sync_fifo.gl0.wr/gwss.wsts/ram_full_i_reg/C
                         clock pessimism             -0.282     1.550    
    SLICE_X35Y258        FDCE (Remov_fdce_C_CLR)     -0.069     1.481    design_1_i/axi_mem_intercon/s00_couplers/auto_pc/inst/gen_axi4_axi3.axi3_conv_inst/USE_WRITE.write_addr_inst/USE_BURSTS.cmd_queue/inst/fifo_gen_inst/inst_fifo_gen/gconvfifo.rf/grf.rf/gntv_or_sync_fifo.gl0.wr/gwss.wsts/ram_full_i_reg
  -------------------------------------------------------------------
                         required time                         -1.481    
                         arrival time                           1.943    
  -------------------------------------------------------------------
                         slack                                  0.462    

Slack (MET) :             0.465ns  (arrival time - required time)
  Source:                 design_1_i/axi_mem_intercon/s00_couplers/auto_pc/inst/gen_axi4_axi3.axi3_conv_inst/USE_WRITE.write_addr_inst/USE_BURSTS.cmd_queue/inst/fifo_gen_inst/inst_fifo_gen/gconvfifo.rf/grf.rf/rstblk/ngwrdrst.grst.g7serrst.gnsckt_wrst.gcc_rst.sckt_wr_rst_cc_reg[0]/C
                            (rising edge-triggered cell FDRE clocked by clk_fpga_0  {rise@0.000ns fall@5.000ns period=10.000ns})
  Destination:            design_1_i/axi_mem_intercon/s00_couplers/auto_pc/inst/gen_axi4_axi3.axi3_conv_inst/USE_WRITE.write_addr_inst/USE_BURSTS.cmd_queue/inst/fifo_gen_inst/inst_fifo_gen/gconvfifo.rf/grf.rf/gntv_or_sync_fifo.gl0.rd/grss.rsts/ram_empty_fb_i_reg/PRE
                            (removal check against rising-edge clock clk_fpga_0  {rise@0.000ns fall@5.000ns period=10.000ns})
  Path Group:             **async_default**
  Path Type:              Removal (Min at Fast Process Corner)
  Requirement:            0.000ns  (clk_fpga_0 rise@0.000ns - clk_fpga_0 rise@0.000ns)
  Data Path Delay:        0.407ns  (logic 0.128ns (31.465%)  route 0.279ns (68.535%))
  Logic Levels:           1  (LUT3=1)
  Clock Path Skew:        0.014ns (DCD - SCD - CPR)
    Destination Clock Delay (DCD):    1.832ns
    Source Clock Delay      (SCD):    1.536ns
    Clock Pessimism Removal (CPR):    0.282ns

    Location             Delay type                Incr(ns)  Path(ns)    Netlist Resource(s)
  -------------------------------------------------------------------    -------------------
                         (clock clk_fpga_0 rise edge)
                                                      0.000     0.000 r  
    PS7_X0Y0             PS7                          0.000     0.000 r  design_1_i/processing_system7_0/inst/PS7_i/FCLKCLK[0]
                         net (fo=1, routed)           0.763     0.763    design_1_i/processing_system7_0/inst/FCLK_CLK_unbuffered[0]
    BUFGCTRL_X0Y16       BUFG (Prop_bufg_I_O)         0.026     0.789 r  design_1_i/processing_system7_0/inst/buffer_fclk_clk_0.FCLK_CLK_0_BUFG/O
                         net (fo=3740, routed)        0.747     1.536    design_1_i/axi_mem_intercon/s00_couplers/auto_pc/inst/gen_axi4_axi3.axi3_conv_inst/USE_WRITE.write_addr_inst/USE_BURSTS.cmd_queue/inst/fifo_gen_inst/inst_fifo_gen/gconvfifo.rf/grf.rf/rstblk/clk
    SLICE_X35Y257        FDRE                                         r  design_1_i/axi_mem_intercon/s00_couplers/auto_pc/inst/gen_axi4_axi3.axi3_conv_inst/USE_WRITE.write_addr_inst/USE_BURSTS.cmd_queue/inst/fifo_gen_inst/inst_fifo_gen/gconvfifo.rf/grf.rf/rstblk/ngwrdrst.grst.g7serrst.gnsckt_wrst.gcc_rst.sckt_wr_rst_cc_reg[0]/C
  -------------------------------------------------------------------    -------------------
    SLICE_X35Y257        FDRE (Prop_fdre_C_Q)         0.100     1.636 f  design_1_i/axi_mem_intercon/s00_couplers/auto_pc/inst/gen_axi4_axi3.axi3_conv_inst/USE_WRITE.write_addr_inst/USE_BURSTS.cmd_queue/inst/fifo_gen_inst/inst_fifo_gen/gconvfifo.rf/grf.rf/rstblk/ngwrdrst.grst.g7serrst.gnsckt_wrst.gcc_rst.sckt_wr_rst_cc_reg[0]/Q
                         net (fo=3, routed)           0.097     1.733    design_1_i/axi_mem_intercon/s00_couplers/auto_pc/inst/gen_axi4_axi3.axi3_conv_inst/USE_WRITE.write_addr_inst/USE_BURSTS.cmd_queue/inst/fifo_gen_inst/inst_fifo_gen/gconvfifo.rf/grf.rf/rstblk/sckt_wr_rst_cc[0]
    SLICE_X34Y257        LUT3 (Prop_lut3_I1_O)        0.028     1.761 f  design_1_i/axi_mem_intercon/s00_couplers/auto_pc/inst/gen_axi4_axi3.axi3_conv_inst/USE_WRITE.write_addr_inst/USE_BURSTS.cmd_queue/inst/fifo_gen_inst/inst_fifo_gen/gconvfifo.rf/grf.rf/rstblk/gpregsm1.curr_fwft_state[1]_i_2/O
                         net (fo=32, routed)          0.181     1.943    design_1_i/axi_mem_intercon/s00_couplers/auto_pc/inst/gen_axi4_axi3.axi3_conv_inst/USE_WRITE.write_addr_inst/USE_BURSTS.cmd_queue/inst/fifo_gen_inst/inst_fifo_gen/gconvfifo.rf/grf.rf/gntv_or_sync_fifo.gl0.rd/grss.rsts/ram_empty_i_reg_1
    SLICE_X35Y258        FDPE                                         f  design_1_i/axi_mem_intercon/s00_couplers/auto_pc/inst/gen_axi4_axi3.axi3_conv_inst/USE_WRITE.write_addr_inst/USE_BURSTS.cmd_queue/inst/fifo_gen_inst/inst_fifo_gen/gconvfifo.rf/grf.rf/gntv_or_sync_fifo.gl0.rd/grss.rsts/ram_empty_fb_i_reg/PRE
  -------------------------------------------------------------------    -------------------

                         (clock clk_fpga_0 rise edge)
                                                      0.000     0.000 r  
    PS7_X0Y0             PS7                          0.000     0.000 r  design_1_i/processing_system7_0/inst/PS7_i/FCLKCLK[0]
                         net (fo=1, routed)           0.808     0.808    design_1_i/processing_system7_0/inst/FCLK_CLK_unbuffered[0]
    BUFGCTRL_X0Y16       BUFG (Prop_bufg_I_O)         0.030     0.838 r  design_1_i/processing_system7_0/inst/buffer_fclk_clk_0.FCLK_CLK_0_BUFG/O
                         net (fo=3740, routed)        0.994     1.832    design_1_i/axi_mem_intercon/s00_couplers/auto_pc/inst/gen_axi4_axi3.axi3_conv_inst/USE_WRITE.write_addr_inst/USE_BURSTS.cmd_queue/inst/fifo_gen_inst/inst_fifo_gen/gconvfifo.rf/grf.rf/gntv_or_sync_fifo.gl0.rd/grss.rsts/clk
    SLICE_X35Y258        FDPE                                         r  design_1_i/axi_mem_intercon/s00_couplers/auto_pc/inst/gen_axi4_axi3.axi3_conv_inst/USE_WRITE.write_addr_inst/USE_BURSTS.cmd_queue/inst/fifo_gen_inst/inst_fifo_gen/gconvfifo.rf/grf.rf/gntv_or_sync_fifo.gl0.rd/grss.rsts/ram_empty_fb_i_reg/C
                         clock pessimism             -0.282     1.550    
    SLICE_X35Y258        FDPE (Remov_fdpe_C_PRE)     -0.072     1.478    design_1_i/axi_mem_intercon/s00_couplers/auto_pc/inst/gen_axi4_axi3.axi3_conv_inst/USE_WRITE.write_addr_inst/USE_BURSTS.cmd_queue/inst/fifo_gen_inst/inst_fifo_gen/gconvfifo.rf/grf.rf/gntv_or_sync_fifo.gl0.rd/grss.rsts/ram_empty_fb_i_reg
  -------------------------------------------------------------------
                         required time                         -1.478    
                         arrival time                           1.943    
  -------------------------------------------------------------------
                         slack                                  0.465    

Slack (MET) :             0.465ns  (arrival time - required time)
  Source:                 design_1_i/axi_mem_intercon/s00_couplers/auto_pc/inst/gen_axi4_axi3.axi3_conv_inst/USE_WRITE.write_addr_inst/USE_BURSTS.cmd_queue/inst/fifo_gen_inst/inst_fifo_gen/gconvfifo.rf/grf.rf/rstblk/ngwrdrst.grst.g7serrst.gnsckt_wrst.gcc_rst.sckt_wr_rst_cc_reg[0]/C
                            (rising edge-triggered cell FDRE clocked by clk_fpga_0  {rise@0.000ns fall@5.000ns period=10.000ns})
  Destination:            design_1_i/axi_mem_intercon/s00_couplers/auto_pc/inst/gen_axi4_axi3.axi3_conv_inst/USE_WRITE.write_addr_inst/USE_BURSTS.cmd_queue/inst/fifo_gen_inst/inst_fifo_gen/gconvfifo.rf/grf.rf/gntv_or_sync_fifo.gl0.rd/grss.rsts/ram_empty_i_reg/PRE
                            (removal check against rising-edge clock clk_fpga_0  {rise@0.000ns fall@5.000ns period=10.000ns})
  Path Group:             **async_default**
  Path Type:              Removal (Min at Fast Process Corner)
  Requirement:            0.000ns  (clk_fpga_0 rise@0.000ns - clk_fpga_0 rise@0.000ns)
  Data Path Delay:        0.407ns  (logic 0.128ns (31.465%)  route 0.279ns (68.535%))
  Logic Levels:           1  (LUT3=1)
  Clock Path Skew:        0.014ns (DCD - SCD - CPR)
    Destination Clock Delay (DCD):    1.832ns
    Source Clock Delay      (SCD):    1.536ns
    Clock Pessimism Removal (CPR):    0.282ns

    Location             Delay type                Incr(ns)  Path(ns)    Netlist Resource(s)
  -------------------------------------------------------------------    -------------------
                         (clock clk_fpga_0 rise edge)
                                                      0.000     0.000 r  
    PS7_X0Y0             PS7                          0.000     0.000 r  design_1_i/processing_system7_0/inst/PS7_i/FCLKCLK[0]
                         net (fo=1, routed)           0.763     0.763    design_1_i/processing_system7_0/inst/FCLK_CLK_unbuffered[0]
    BUFGCTRL_X0Y16       BUFG (Prop_bufg_I_O)         0.026     0.789 r  design_1_i/processing_system7_0/inst/buffer_fclk_clk_0.FCLK_CLK_0_BUFG/O
                         net (fo=3740, routed)        0.747     1.536    design_1_i/axi_mem_intercon/s00_couplers/auto_pc/inst/gen_axi4_axi3.axi3_conv_inst/USE_WRITE.write_addr_inst/USE_BURSTS.cmd_queue/inst/fifo_gen_inst/inst_fifo_gen/gconvfifo.rf/grf.rf/rstblk/clk
    SLICE_X35Y257        FDRE                                         r  design_1_i/axi_mem_intercon/s00_couplers/auto_pc/inst/gen_axi4_axi3.axi3_conv_inst/USE_WRITE.write_addr_inst/USE_BURSTS.cmd_queue/inst/fifo_gen_inst/inst_fifo_gen/gconvfifo.rf/grf.rf/rstblk/ngwrdrst.grst.g7serrst.gnsckt_wrst.gcc_rst.sckt_wr_rst_cc_reg[0]/C
  -------------------------------------------------------------------    -------------------
    SLICE_X35Y257        FDRE (Prop_fdre_C_Q)         0.100     1.636 f  design_1_i/axi_mem_intercon/s00_couplers/auto_pc/inst/gen_axi4_axi3.axi3_conv_inst/USE_WRITE.write_addr_inst/USE_BURSTS.cmd_queue/inst/fifo_gen_inst/inst_fifo_gen/gconvfifo.rf/grf.rf/rstblk/ngwrdrst.grst.g7serrst.gnsckt_wrst.gcc_rst.sckt_wr_rst_cc_reg[0]/Q
                         net (fo=3, routed)           0.097     1.733    design_1_i/axi_mem_intercon/s00_couplers/auto_pc/inst/gen_axi4_axi3.axi3_conv_inst/USE_WRITE.write_addr_inst/USE_BURSTS.cmd_queue/inst/fifo_gen_inst/inst_fifo_gen/gconvfifo.rf/grf.rf/rstblk/sckt_wr_rst_cc[0]
    SLICE_X34Y257        LUT3 (Prop_lut3_I1_O)        0.028     1.761 f  design_1_i/axi_mem_intercon/s00_couplers/auto_pc/inst/gen_axi4_axi3.axi3_conv_inst/USE_WRITE.write_addr_inst/USE_BURSTS.cmd_queue/inst/fifo_gen_inst/inst_fifo_gen/gconvfifo.rf/grf.rf/rstblk/gpregsm1.curr_fwft_state[1]_i_2/O
                         net (fo=32, routed)          0.181     1.943    design_1_i/axi_mem_intercon/s00_couplers/auto_pc/inst/gen_axi4_axi3.axi3_conv_inst/USE_WRITE.write_addr_inst/USE_BURSTS.cmd_queue/inst/fifo_gen_inst/inst_fifo_gen/gconvfifo.rf/grf.rf/gntv_or_sync_fifo.gl0.rd/grss.rsts/ram_empty_i_reg_1
    SLICE_X35Y258        FDPE                                         f  design_1_i/axi_mem_intercon/s00_couplers/auto_pc/inst/gen_axi4_axi3.axi3_conv_inst/USE_WRITE.write_addr_inst/USE_BURSTS.cmd_queue/inst/fifo_gen_inst/inst_fifo_gen/gconvfifo.rf/grf.rf/gntv_or_sync_fifo.gl0.rd/grss.rsts/ram_empty_i_reg/PRE
  -------------------------------------------------------------------    -------------------

                         (clock clk_fpga_0 rise edge)
                                                      0.000     0.000 r  
    PS7_X0Y0             PS7                          0.000     0.000 r  design_1_i/processing_system7_0/inst/PS7_i/FCLKCLK[0]
                         net (fo=1, routed)           0.808     0.808    design_1_i/processing_system7_0/inst/FCLK_CLK_unbuffered[0]
    BUFGCTRL_X0Y16       BUFG (Prop_bufg_I_O)         0.030     0.838 r  design_1_i/processing_system7_0/inst/buffer_fclk_clk_0.FCLK_CLK_0_BUFG/O
                         net (fo=3740, routed)        0.994     1.832    design_1_i/axi_mem_intercon/s00_couplers/auto_pc/inst/gen_axi4_axi3.axi3_conv_inst/USE_WRITE.write_addr_inst/USE_BURSTS.cmd_queue/inst/fifo_gen_inst/inst_fifo_gen/gconvfifo.rf/grf.rf/gntv_or_sync_fifo.gl0.rd/grss.rsts/clk
    SLICE_X35Y258        FDPE                                         r  design_1_i/axi_mem_intercon/s00_couplers/auto_pc/inst/gen_axi4_axi3.axi3_conv_inst/USE_WRITE.write_addr_inst/USE_BURSTS.cmd_queue/inst/fifo_gen_inst/inst_fifo_gen/gconvfifo.rf/grf.rf/gntv_or_sync_fifo.gl0.rd/grss.rsts/ram_empty_i_reg/C
                         clock pessimism             -0.282     1.550    
    SLICE_X35Y258        FDPE (Remov_fdpe_C_PRE)     -0.072     1.478    design_1_i/axi_mem_intercon/s00_couplers/auto_pc/inst/gen_axi4_axi3.axi3_conv_inst/USE_WRITE.write_addr_inst/USE_BURSTS.cmd_queue/inst/fifo_gen_inst/inst_fifo_gen/gconvfifo.rf/grf.rf/gntv_or_sync_fifo.gl0.rd/grss.rsts/ram_empty_i_reg
  -------------------------------------------------------------------
                         required time                         -1.478    
                         arrival time                           1.943    
  -------------------------------------------------------------------
                         slack                                  0.465    

Slack (MET) :             0.474ns  (arrival time - required time)
  Source:                 design_1_i/axi_mem_intercon/s00_couplers/auto_ds/inst/gen_downsizer.gen_cascaded_downsizer.gen_axi3_conv.axi3_conv_inst/gen_axi4_axi3.axi3_conv_inst/USE_WRITE.write_addr_inst/USE_BURSTS.cmd_queue/inst/fifo_gen_inst/inst_fifo_gen/gconvfifo.rf/grf.rf/rstblk/ngwrdrst.grst.g7serrst.gnsckt_wrst.rst_wr_reg2_inst/arststages_ff_reg[1]/C
                            (rising edge-triggered cell FDPE clocked by clk_fpga_0  {rise@0.000ns fall@5.000ns period=10.000ns})
  Destination:            design_1_i/axi_mem_intercon/s00_couplers/auto_ds/inst/gen_downsizer.gen_cascaded_downsizer.gen_axi3_conv.axi3_conv_inst/gen_axi4_axi3.axi3_conv_inst/USE_WRITE.write_addr_inst/USE_BURSTS.cmd_queue/inst/fifo_gen_inst/inst_fifo_gen/gconvfifo.rf/grf.rf/gntv_or_sync_fifo.gl0.rd/rpntr/gc0.count_d1_reg[0]/CLR
                            (removal check against rising-edge clock clk_fpga_0  {rise@0.000ns fall@5.000ns period=10.000ns})
  Path Group:             **async_default**
  Path Type:              Removal (Min at Fast Process Corner)
  Requirement:            0.000ns  (clk_fpga_0 rise@0.000ns - clk_fpga_0 rise@0.000ns)
  Data Path Delay:        0.420ns  (logic 0.157ns (37.401%)  route 0.263ns (62.599%))
  Logic Levels:           1  (LUT3=1)
  Clock Path Skew:        0.015ns (DCD - SCD - CPR)
    Destination Clock Delay (DCD):    1.854ns
    Source Clock Delay      (SCD):    1.557ns
    Clock Pessimism Removal (CPR):    0.282ns

    Location             Delay type                Incr(ns)  Path(ns)    Netlist Resource(s)
  -------------------------------------------------------------------    -------------------
                         (clock clk_fpga_0 rise edge)
                                                      0.000     0.000 r  
    PS7_X0Y0             PS7                          0.000     0.000 r  design_1_i/processing_system7_0/inst/PS7_i/FCLKCLK[0]
                         net (fo=1, routed)           0.763     0.763    design_1_i/processing_system7_0/inst/FCLK_CLK_unbuffered[0]
    BUFGCTRL_X0Y16       BUFG (Prop_bufg_I_O)         0.026     0.789 r  design_1_i/processing_system7_0/inst/buffer_fclk_clk_0.FCLK_CLK_0_BUFG/O
                         net (fo=3740, routed)        0.768     1.557    design_1_i/axi_mem_intercon/s00_couplers/auto_ds/inst/gen_downsizer.gen_cascaded_downsizer.gen_axi3_conv.axi3_conv_inst/gen_axi4_axi3.axi3_conv_inst/USE_WRITE.write_addr_inst/USE_BURSTS.cmd_queue/inst/fifo_gen_inst/inst_fifo_gen/gconvfifo.rf/grf.rf/rstblk/ngwrdrst.grst.g7serrst.gnsckt_wrst.rst_wr_reg2_inst/dest_clk
    SLICE_X27Y254        FDPE                                         r  design_1_i/axi_mem_intercon/s00_couplers/auto_ds/inst/gen_downsizer.gen_cascaded_downsizer.gen_axi3_conv.axi3_conv_inst/gen_axi4_axi3.axi3_conv_inst/USE_WRITE.write_addr_inst/USE_BURSTS.cmd_queue/inst/fifo_gen_inst/inst_fifo_gen/gconvfifo.rf/grf.rf/rstblk/ngwrdrst.grst.g7serrst.gnsckt_wrst.rst_wr_reg2_inst/arststages_ff_reg[1]/C
  -------------------------------------------------------------------    -------------------
    SLICE_X27Y254        FDPE (Prop_fdpe_C_Q)         0.091     1.648 f  design_1_i/axi_mem_intercon/s00_couplers/auto_ds/inst/gen_downsizer.gen_cascaded_downsizer.gen_axi3_conv.axi3_conv_inst/gen_axi4_axi3.axi3_conv_inst/USE_WRITE.write_addr_inst/USE_BURSTS.cmd_queue/inst/fifo_gen_inst/inst_fifo_gen/gconvfifo.rf/grf.rf/rstblk/ngwrdrst.grst.g7serrst.gnsckt_wrst.rst_wr_reg2_inst/arststages_ff_reg[1]/Q
                         net (fo=3, routed)           0.110     1.758    design_1_i/axi_mem_intercon/s00_couplers/auto_ds/inst/gen_downsizer.gen_cascaded_downsizer.gen_axi3_conv.axi3_conv_inst/gen_axi4_axi3.axi3_conv_inst/USE_WRITE.write_addr_inst/USE_BURSTS.cmd_queue/inst/fifo_gen_inst/inst_fifo_gen/gconvfifo.rf/grf.rf/rstblk/rst_wr_reg2
    SLICE_X26Y253        LUT3 (Prop_lut3_I2_O)        0.066     1.824 f  design_1_i/axi_mem_intercon/s00_couplers/auto_ds/inst/gen_downsizer.gen_cascaded_downsizer.gen_axi3_conv.axi3_conv_inst/gen_axi4_axi3.axi3_conv_inst/USE_WRITE.write_addr_inst/USE_BURSTS.cmd_queue/inst/fifo_gen_inst/inst_fifo_gen/gconvfifo.rf/grf.rf/rstblk/gpregsm1.curr_fwft_state[1]_i_2/O
                         net (fo=32, routed)          0.153     1.977    design_1_i/axi_mem_intercon/s00_couplers/auto_ds/inst/gen_downsizer.gen_cascaded_downsizer.gen_axi3_conv.axi3_conv_inst/gen_axi4_axi3.axi3_conv_inst/USE_WRITE.write_addr_inst/USE_BURSTS.cmd_queue/inst/fifo_gen_inst/inst_fifo_gen/gconvfifo.rf/grf.rf/gntv_or_sync_fifo.gl0.rd/rpntr/gc0.count_d1_reg[4]_1
    SLICE_X27Y250        FDCE                                         f  design_1_i/axi_mem_intercon/s00_couplers/auto_ds/inst/gen_downsizer.gen_cascaded_downsizer.gen_axi3_conv.axi3_conv_inst/gen_axi4_axi3.axi3_conv_inst/USE_WRITE.write_addr_inst/USE_BURSTS.cmd_queue/inst/fifo_gen_inst/inst_fifo_gen/gconvfifo.rf/grf.rf/gntv_or_sync_fifo.gl0.rd/rpntr/gc0.count_d1_reg[0]/CLR
  -------------------------------------------------------------------    -------------------

                         (clock clk_fpga_0 rise edge)
                                                      0.000     0.000 r  
    PS7_X0Y0             PS7                          0.000     0.000 r  design_1_i/processing_system7_0/inst/PS7_i/FCLKCLK[0]
                         net (fo=1, routed)           0.808     0.808    design_1_i/processing_system7_0/inst/FCLK_CLK_unbuffered[0]
    BUFGCTRL_X0Y16       BUFG (Prop_bufg_I_O)         0.030     0.838 r  design_1_i/processing_system7_0/inst/buffer_fclk_clk_0.FCLK_CLK_0_BUFG/O
                         net (fo=3740, routed)        1.016     1.854    design_1_i/axi_mem_intercon/s00_couplers/auto_ds/inst/gen_downsizer.gen_cascaded_downsizer.gen_axi3_conv.axi3_conv_inst/gen_axi4_axi3.axi3_conv_inst/USE_WRITE.write_addr_inst/USE_BURSTS.cmd_queue/inst/fifo_gen_inst/inst_fifo_gen/gconvfifo.rf/grf.rf/gntv_or_sync_fifo.gl0.rd/rpntr/clk
    SLICE_X27Y250        FDCE                                         r  design_1_i/axi_mem_intercon/s00_couplers/auto_ds/inst/gen_downsizer.gen_cascaded_downsizer.gen_axi3_conv.axi3_conv_inst/gen_axi4_axi3.axi3_conv_inst/USE_WRITE.write_addr_inst/USE_BURSTS.cmd_queue/inst/fifo_gen_inst/inst_fifo_gen/gconvfifo.rf/grf.rf/gntv_or_sync_fifo.gl0.rd/rpntr/gc0.count_d1_reg[0]/C
                         clock pessimism             -0.282     1.572    
    SLICE_X27Y250        FDCE (Remov_fdce_C_CLR)     -0.069     1.503    design_1_i/axi_mem_intercon/s00_couplers/auto_ds/inst/gen_downsizer.gen_cascaded_downsizer.gen_axi3_conv.axi3_conv_inst/gen_axi4_axi3.axi3_conv_inst/USE_WRITE.write_addr_inst/USE_BURSTS.cmd_queue/inst/fifo_gen_inst/inst_fifo_gen/gconvfifo.rf/grf.rf/gntv_or_sync_fifo.gl0.rd/rpntr/gc0.count_d1_reg[0]
  -------------------------------------------------------------------
                         required time                         -1.503    
                         arrival time                           1.977    
  -------------------------------------------------------------------
                         slack                                  0.474    





