time,mode,sosAvg,sosA,sosB,lagA,lagB,diffLag,signedLagDiff,wB,corrA,corrB,bcOnset,bdOnset,acOnset,adOnset,bcPeak,bdPeak,acPeak,adPeak,bcValley,bdValley,acValley,adValley,valleyLagB,valleyLagA,pairMidB,pairMidA,pairMidGap,onsetMidB,onsetMidA,onsetMidGap,peakMidB,peakMidA,peakMidGap,valleyMidB,valleyMidA,valleyMidGap,depthBC,depthBD,depthAC,depthAD,depthRatioBCBD,depthRatioACAD,depthRatioAB,expectedOffset,offsetResidual
2026-06-27 16:33:04.502,Debug,4463.59,4336.28,4495.41,113,109,4,4,0.8,0.868213,0.765192,765,688,743,680,808,727,782,698,828,718,1018,938,110,80,726.5,711.5,15,726.5,711.5,15,767.5,740,27.5,773,978,-205,95.0008,194.714,284.617,151.366,0.487898,1.88032,1.50487,5.448,-1.448
2026-06-27 16:33:04.588,Debug,4455.98,4298.25,4495.41,114,109,5,5,0.8,0.840193,0.74603,764,686,744,660,807,726,782,698,827,717,1019,938,110,81,725,702,23,725,702,23,766.5,740,26.5,772,978.5,-206.5,89.2737,200.349,296.883,170.86,0.44559,1.73759,1.61501,5.448,-0.448
2026-06-27 16:33:04.713,Debug,4448.5,4260.87,4495.41,115,109,6,6,0.8,0.785361,0.757073,767,689,747,659,810,729,783,697,830,719,1019,688,111,331,728,745,-17,728,703,25,769.5,740,29.5,774.5,853.5,-79,91.1372,205.894,300.274,143.852,0.442642,2.08739,1.49522,5.448,0.552
2026-06-27 16:33:04.790,Debug,4455.98,4298.25,4495.41,114,109,5,5,0.8,0.740372,0.759757,758,681,742,660,801,719,782,697,820,710,1018,938,110,80,719.5,701,18.5,719.5,701,18.5,760,739.5,20.5,765,978,-213,92.7241,203.064,314.38,177.078,0.456625,1.77538,1.66152,5.448,-0.448
2026-06-27 16:33:04.861,Debug,4433.94,4188.03,4495.41,117,109,8,8,0.8,0.803446,0.750811,760,683,741,659,803,722,783,697,823,713,1019,938,110,81,721.5,745.5,-24,721.5,700,21.5,762.5,740,22.5,768,978.5,-210.5,95.1875,199.4,310.425,175.876,0.47737,1.76502,1.65078,5.448,2.552
2026-06-27 16:33:04.952,Debug,4463.59,4336.28,4495.41,113,109,4,4,0.8,0.881569,0.760229,757,680,742,661,801,720,782,698,821,710,1018,938,111,80,718.5,745,-26.5,718.5,701.5,17,760.5,740,20.5,765.5,978,-212.5,100.986,208.07,308.673,166.174,0.485346,1.85754,1.53644,5.448,-1.448
2026-06-27 16:33:05.065,Debug,4455.98,4298.25,4495.41,114,109,5,5,0.8,0.894031,0.738391,767,690,748,658,810,728,782,698,829,719,1019,938,110,81,728.5,745,-16.5,728.5,703,25.5,769,740,29,774,978.5,-204.5,98.4978,207.465,305.408,166.092,0.474769,1.83878,1.54104,5.448,-0.448
2026-06-27 16:33:05.142,Debug,4423.29,4298.25,4454.55,114,110,4,4,0.8,0.808522,0.760835,763,687,740,659,807,726,783,697,827,717,1019,938,110,81,725,699.5,25.5,725,699.5,25.5,766.5,740,26.5,772,978.5,-206.5,93.1641,209.988,319.729,171.808,0.443664,1.86096,1.62142,5.42,-1.42
2026-06-27 16:33:05.253,Debug,4408.46,4224.14,4454.55,116,110,6,6,0.8,0.843671,0.773825,759,682,741,657,804,722,782,697,824,713,1019,688,111,331,720.5,745,-24.5,720.5,699,21.5,763,739.5,23.5,768.5,853.5,-85,99.3274,212.708,327.49,144.252,0.466967,2.27027,1.51182,5.42,0.58
2026-06-27 16:33:05.374,Debug,4408.46,4224.14,4454.55,116,110,6,6,0.8,0.763462,0.770323,754,681,743,658,768,719,782,697,821,710,1019,688,111,331,717.5,744.5,-27,717.5,700.5,17,743.5,739.5,4,765.5,853.5,-88,98.0896,204.662,303.74,142.335,0.479276,2.13397,1.4734,5.42,0.58
2026-06-27 16:33:05.484,Debug,4423.29,4298.25,4454.55,114,110,4,4,0.8,0.89848,0.768241,759,683,992,681,804,722,1054,698,824,713,1018,689,111,329,721,745.5,-24.5,721,836.5,-115.5,763,876,-113,768.5,853.5,-85,86.598,181.628,233.012,114.076,0.476789,2.0426,1.29402,5.42,-1.42
2026-06-27 16:33:05.549,Debug,4285.38,3769.23,4414.41,130,111,19,19,0.8,0.468969,0.83883,756,702,740,939,801,720,781,1001,821,711,1018,938,110,80,729,839.5,-110.5,729,839.5,-110.5,760.5,891,-130.5,766,978,-212,82.742,166.317,205.338,106.983,0.497494,1.91935,1.254,5.392,13.608
2026-06-27 16:33:05.593,Debug,4323.33,3798.45,4454.55,129,110,19,19,0.8,0.496411,0.772718,766,689,1006,955,810,729,1054,1001,831,720,1018,938,111,80,727.5,980.5,-253,727.5,980.5,-253,769.5,1027.5,-258,775.5,978,-202.5,78.7996,170.687,197.57,106.094,0.461661,1.86222,1.21715,5.42,13.58
2026-06-27 16:33:05.796,Debug,4337.61,4188.03,4375,117,112,5,5,0.8,0.85322,0.827371,765,709,745,681,810,729,783,697,830,720,1018,938,110,80,737,745.5,-8.5,737,713,24,769.5,740,29.5,775,978,-203,83.9634,183.485,231.261,137.918,0.457604,1.6768,1.38038,5.364,-0.364
2026-06-27 16:33:05.915,Debug,4390.98,4336.28,4414.41,113,111,2,2,0.7,0.902508,0.809961,763,706,992,680,808,726,1054,698,828,717,1018,938,111,80,734.5,744.5,-10,734.5,836,-101.5,767,876,-109,772.5,978,-205.5,86.6988,182.545,223.284,119.449,0.474945,1.86928,1.27295,5.392,-3.392
2026-06-27 16:33:05.987,Debug,4299.54,4152.54,4336.28,118,113,5,5,0.8,0.780455,0.842501,765,710,767,681,810,729,783,698,830,720,1018,688,110,330,737.5,745.5,-8,737.5,724,13.5,769.5,740.5,29,775,853,-78,78.4751,179.018,221.544,106.93,0.438363,2.07185,1.27566,5.336,-0.336
2026-06-27 16:33:06.122,Debug,4356.02,3798.45,4495.41,129,109,20,20,0.8,0.315568,0.756,758,680,744,938,801,720,783,1001,821,710,1018,938,111,80,719,841,-122,719,841,-122,760.5,892,-131.5,765.5,978,-212.5,85.8046,173.854,210.707,126.771,0.493543,1.66211,1.29969,5.448,14.552
2026-06-27 16:33:06.264,Debug,4408.46,4224.14,4454.55,116,110,6,6,0.8,0.823887,0.766937,764,686,991,939,808,726,1054,1001,828,717,1018,688,111,330,725,745,-20,725,965,-240,767,1027.5,-260.5,772.5,853,-80.5,82.0323,174.457,202.537,101.656,0.470215,1.99236,1.18599,5.42,0.58
2026-06-27 16:33:06.384,Debug,4441.16,4224.14,4495.41,116,109,7,7,0.8,0.925834,0.751459,762,683,992,939,803,722,1054,1001,823,713,1018,688,110,330,722.5,746,-23.5,722.5,965.5,-243,762.5,1027.5,-265,768,853,-85,83.9795,175.657,215.11,100.72,0.478089,2.13573,1.21643,5.448,1.552
2026-06-27 16:33:06.542,Debug,4351.97,4298.25,4375,114,112,2,2,0.7,0.903883,0.820809,763,709,992,941,810,729,1054,1001,830,720,1018,689,110,329,736,745.5,-9.5,736,966.5,-230.5,769.5,1027.5,-258,775,853.5,-78.5,83.0384,177.667,206.953,105.03,0.467382,1.97042,1.19669,5.364,-3.364
2026-06-27 16:33:06.647,Debug,4337.61,4188.03,4375,117,112,5,5,0.8,0.756567,0.826684,756,701,767,682,801,720,783,697,821,710,1018,938,111,80,728.5,745,-16.5,728.5,724.5,4,760.5,740,20.5,765.5,978,-212.5,81.5949,179.011,213.538,126.818,0.455808,1.68381,1.30602,5.364,-0.364
2026-06-27 16:33:06.769,Debug,4376.36,4224.14,4414.41,116,111,5,5,0.8,0.891311,0.804513,765,708,767,681,810,729,812,697,830,719,1018,938,111,80,736.5,744.5,-8,736.5,724,12.5,769.5,754.5,15,774.5,978,-203.5,82.8037,178.458,216.853,119.107,0.463995,1.82065,1.28592,5.392,-0.392
2026-06-27 16:33:06.819,Debug,4337.61,4188.03,4375,117,112,5,5,0.8,0.828612,0.847659,762,708,763,679,807,726,782,697,828,717,1018,938,111,80,735,745.5,-10.5,735,721,14,766.5,739.5,27,772.5,978,-205.5,84.975,174.325,217.221,115.668,0.487453,1.87797,1.2838,5.364,-0.364
2026-06-27 16:33:06.943,Debug,4385.37,4298.25,4414.41,114,111,3,3,0.75,0.876448,0.813713,759,703,743,682,803,722,782,698,824,713,1018,938,111,80,731,712.5,18.5,731,712.5,18.5,762.5,740,22.5,768.5,978,-209.5,80.0125,167.962,204.33,115.262,0.476373,1.77274,1.28881,5.392,-2.392
2026-06-27 16:33:07.015,Debug,4317.48,3769.23,4454.55,130,110,20,20,0.8,0.437189,0.784722,764,687,767,940,808,726,813,1001,828,717,1018,938,111,80,725.5,853.5,-128,725.5,853.5,-128,767,907,-140,772.5,978,-205.5,81.4237,159.438,178.936,107.401,0.510692,1.66605,1.1888,5.42,14.58
2026-06-27 16:33:07.122,Debug,4324.87,4298.25,4336.28,114,113,1,1,0.7,0.804654,0.8228,767,711,993,956,811,729,1054,1001,831,720,1018,688,111,330,739,744.5,-5.5,739,974.5,-235.5,770,1027.5,-257.5,775.5,853,-77.5,75.892,156.207,170.529,85.8251,0.485842,1.98694,1.1045,5.336,-4.336
2026-06-27 16:33:07.209,Debug,4242.42,3712.12,4375,132,112,20,20,0.8,0.419995,0.838095,757,703,745,940,801,720,781,1001,822,711,1018,938,111,80,730,1004,-274,730,842.5,-112.5,760.5,891,-130.5,766.5,978,-211.5,76.8418,159.15,181.256,100.862,0.482825,1.79707,1.19545,5.364,14.636
2026-06-27 16:33:07.327,Debug,4385.37,4298.25,4414.41,114,111,3,3,0.75,0.702191,0.822236,764,712,742,682,810,729,782,697,1077,720,1018,938,357,80,738,712,26,738,712,26,769.5,739.5,30,898.5,978,-79.5,194.121,159.234,181.092,94.1668,1.21909,1.9231,0.778986,5.392,-2.392
2026-06-27 16:33:07.501,Debug,4248.09,3740.46,4375,131,112,19,19,0.8,0.519727,0.8492,760,706,739,955,804,722,813,1001,824,713,1018,937,111,81,733,847,-114,733,847,-114,763,907,-144,768.5,977.5,-209,78.1957,161.612,183.379,94.0846,0.483848,1.94909,1.15703,5.364,13.636
2026-06-27 16:33:07.573,Debug,4285.38,3769.23,4414.41,130,111,19,19,0.8,0.539761,0.83428,757,702,994,957,801,720,1054,1001,822,711,1018,938,111,80,729.5,975.5,-246,729.5,975.5,-246,760.5,1027.5,-267,766.5,978,-211.5,77.2389,161.595,179.604,93.6189,0.477977,1.91845,1.14398,5.392,13.608
2026-06-27 16:33:07.872,Debug,4242.42,3712.12,4375,132,112,20,20,0.8,0.446526,0.816838,760,703,1006,956,803,723,1054,1001,823,713,1018,938,110,80,731.5,1004,-272.5,731.5,981,-249.5,763,1027.5,-264.5,768,978,-210,78.0936,162.463,173.037,92.0228,0.480686,1.88037,1.10186,5.364,14.636
2026-06-27 16:33:08.099,Debug,4386.82,4414.41,4375,111,112,1,-1,0.7,0.86858,0.83117,760,704,993,955,804,722,1054,1001,824,713,1018,689,111,329,732,744.5,-12.5,732,974,-242,763,1027.5,-264.5,768.5,853.5,-85,79.7464,158.886,173.984,91.6003,0.501911,1.89938,1.11295,5.364,-6.364
2026-06-27 16:33:08.177,Debug,4385.37,4298.25,4414.41,114,111,3,3,0.75,0.846847,0.80017,764,706,993,955,807,726,1054,1001,828,717,1018,688,111,330,735,745,-10,735,974,-239,766.5,1027.5,-261,772.5,853,-80.5,76.4953,163.242,174.757,90.3469,0.468599,1.93429,1.10581,5.392,-2.392
2026-06-27 16:33:08.379,Debug,4242.42,3712.12,4375,132,112,20,20,0.8,0.526247,0.802026,757,701,767,682,801,720,783,728,821,711,1018,938,110,80,729,1004,-275,729,724.5,4.5,760.5,755.5,5,766,978,-212,77.1799,159.629,182.98,94.8289,0.483495,1.92958,1.17313,5.364,14.636
2026-06-27 16:33:08.476,Debug,4242.42,3712.12,4375,132,112,20,20,0.8,0.481074,0.829617,760,703,993,955,803,722,1054,1000,824,713,1018,938,111,80,731.5,1003.5,-272,731.5,974,-242.5,762.5,1027,-264.5,768.5,978,-209.5,78.8561,162.499,177.884,95.5677,0.485273,1.86134,1.13299,5.364,14.636
2026-06-27 16:33:08.538,Debug,4351.97,4298.25,4375,114,112,2,2,0.7,0.888836,0.814866,763,707,992,941,807,726,1053,1001,828,717,1018,938,111,80,735,745,-10,735,966.5,-231.5,766.5,1027,-260.5,772.5,978,-205.5,78.5377,163.904,180.358,99.65,0.479169,1.80991,1.15495,5.364,-3.364
2026-06-27 16:33:08.594,Debug,4323.33,3798.45,4454.55,129,110,19,19,0.8,0.540764,0.771383,761,682,744,954,804,722,811,1001,824,713,1018,938,111,80,721.5,849,-127.5,721.5,849,-127.5,763,906,-143,768.5,978,-209.5,81.5561,166.843,190.967,101.558,0.488819,1.88037,1.17764,5.42,13.58
2026-06-27 16:33:08.710,Debug,4211.45,3712.12,4336.28,132,113,19,19,0.8,0.435179,0.852848,762,709,991,939,807,726,1054,1001,1075,717,1018,938,358,80,735.5,1003.5,-268,735.5,965,-229.5,766.5,1027.5,-261,896,978,-82,202.07,165.337,176.116,107.587,1.22217,1.63696,0.772176,5.336,13.664
2026-06-27 16:33:08.811,Debug,4242.42,3712.12,4375,132,112,20,20,0.8,0.523205,0.823828,759,704,743,940,804,722,782,1001,824,713,1018,938,111,80,731.5,1003.5,-272,731.5,841.5,-110,763,891.5,-128.5,768.5,978,-209.5,84.4241,164.661,183.296,95.1216,0.512714,1.92696,1.11776,5.364,14.636
2026-06-27 16:33:09.201,Debug,4279.62,3740.46,4414.41,131,111,20,20,0.8,0.494651,0.800642,760,705,993,956,804,722,1053,1001,824,713,1018,938,111,80,732.5,1003.5,-271,732.5,974.5,-242,763,1027,-264,768.5,978,-209.5,79.7776,154.971,169.14,90.8756,0.51479,1.86122,1.10763,5.392,14.608
2026-06-27 16:33:09.275,Debug,4242.42,3712.12,4375,132,112,20,20,0.8,0.502537,0.803929,763,708,1009,957,808,726,1054,1000,828,717,1018,938,111,80,735.5,1003.5,-268,735.5,983,-247.5,767,1027,-260,772.5,978,-205.5,77.0827,155.303,161.395,86.6159,0.496337,1.86334,1.06724,5.364,14.636
2026-06-27 16:33:09.348,Debug,4211.45,3712.12,4336.28,132,113,19,19,0.8,0.442484,0.833733,759,704,765,955,804,722,781,1001,824,713,1018,938,111,80,731.5,1003.5,-272,731.5,860,-128.5,763,891,-128,768.5,978,-209.5,78.7273,155.916,169.423,97.5176,0.504934,1.73736,1.13764,5.336,13.664
2026-06-27 16:33:09.471,Debug,4205.87,3684.21,4336.28,133,113,20,20,0.8,0.520792,0.863901,762,710,769,956,808,726,811,1000,829,717,1018,991,112,27,736,1003,-267,736,862.5,-126.5,767,905.5,-138.5,773,1004.5,-231.5,80.1715,154.846,158.649,279.832,0.517749,0.566943,1.86574,5.336,14.664
2026-06-27 16:33:09.636,Debug,4217.12,3740.46,4336.28,131,113,18,18,0.8,0.523632,0.847055,755,701,1008,956,801,720,1053,1000,822,711,1018,938,111,80,728,1003.5,-275.5,728,982,-254,760.5,1026.5,-266,766.5,978,-211.5,77.0412,160.541,162.602,89.991,0.479885,1.80687,1.06318,5.336,12.664
2026-06-27 16:33:09.769,Debug,4205.87,3684.21,4336.28,133,113,20,20,0.8,0.47368,0.833854,765,711,765,939,810,729,784,1001,831,719,1018,938,112,80,738,1003.5,-265.5,738,852,-114,769.5,892.5,-123,775,978,-203,78.0025,157.38,173.718,103.031,0.495632,1.68607,1.17574,5.336,14.664
2026-06-27 16:33:09.931,Debug,4248.09,3740.46,4375,131,112,19,19,0.8,0.404573,0.821851,760,712,992,954,778,729,1054,1001,830,720,1018,938,110,80,736,1003.5,-267.5,736,973,-237,753.5,1027.5,-274,775,978,-203,80.0396,156.055,157.996,96.2446,0.512895,1.64161,1.07686,5.364,13.636
2026-06-27 16:33:10.030,Debug,4242.42,3712.12,4375,132,112,20,20,0.8,0.426126,0.8381,755,702,763,955,801,720,781,1001,821,711,1018,938,110,80,728.5,1003.5,-275,728.5,859,-130.5,760.5,891,-130.5,766,978,-212,78.3768,154.391,166.905,93.8792,0.507651,1.77787,1.12036,5.364,14.636
2026-06-27 16:33:10.145,Debug,4242.42,3712.12,4375,132,112,20,20,0.8,0.488323,0.82236,766,712,992,956,810,729,1054,1001,830,719,1018,939,111,79,739,1004.5,-265.5,739,974,-235,769.5,1027.5,-258,774.5,978.5,-204,74.472,153.94,169.192,87.3323,0.483773,1.93733,1.12308,5.364,14.636
2026-06-27 16:33:10.366,Debug,4285.38,3769.23,4414.41,130,111,19,19,0.8,0.551694,0.846226,763,713,994,956,809,729,1054,1000,830,720,1018,938,110,80,738,975,-237,738,975,-237,769,1027,-258,775,978,-203,75.5155,152.502,153.469,82.8934,0.495178,1.8514,1.0366,5.392,13.608
2026-06-27 16:33:10.518,Debug,4205.87,3684.21,4336.28,133,113,20,20,0.8,0.482983,0.849552,762,711,990,953,810,729,1054,1001,830,720,1018,938,110,80,736.5,1004,-267.5,736.5,971.5,-235,769.5,1027.5,-258,775,978,-203,75.0853,154.479,155.816,95.3938,0.486056,1.6334,1.09429,5.336,14.664
2026-06-27 16:33:10.578,Debug,4248.09,3740.46,4375,131,112,19,19,0.8,0.469758,0.848461,764,707,992,940,808,726,1053,1000,828,717,1018,938,111,80,735.5,1003.5,-268,735.5,966,-230.5,767,1026.5,-259.5,772.5,978,-205.5,77.7546,155.87,157.221,93.5792,0.498843,1.68009,1.07352,5.364,13.636
2026-06-27 16:33:10.667,Debug,4242.42,3712.12,4375,132,112,20,20,0.8,0.537836,0.832877,758,705,767,957,804,722,782,1001,823,713,1018,991,110,27,731.5,1003.5,-272,731.5,862,-130.5,763,891.5,-128.5,768,1004.5,-236.5,77.824,156.928,170.072,270.88,0.49592,0.62785,1.87837,5.364,14.636
2026-06-27 16:33:10.781,Debug,4323.33,3798.45,4454.55,129,110,19,19,0.8,0.550775,0.814127,762,710,740,954,807,726,811,1001,827,717,1018,937,110,81,736,847,-111,736,847,-111,766.5,906,-139.5,772,977.5,-205.5,78.2801,156.913,169.095,88.0404,0.498877,1.92065,1.09329,5.42,13.58
2026-06-27 16:33:10.946,Debug,4205.87,3684.21,4336.28,133,113,20,20,0.8,0.546597,0.858964,758,710,737,955,771,726,781,1001,828,717,1018,938,111,80,734,1003.5,-269.5,734,846,-112,748.5,891,-142.5,772.5,978,-205.5,76.9657,154.269,169.853,88.8325,0.498905,1.91206,1.11871,5.336,14.664
2026-06-27 16:33:11.092,Debug,4248.09,3740.46,4375,131,112,19,19,0.8,0.526813,0.840095,765,711,1010,958,810,729,1053,1000,830,720,1018,991,110,27,738,1003.5,-265.5,738,984,-246,769.5,1026.5,-257,775,1004.5,-229.5,76.174,154.832,149.645,261.576,0.491977,0.572089,1.78012,5.364,13.636
2026-06-27 16:33:11.190,Debug,4242.42,3712.12,4375,132,112,20,20,0.8,0.457149,0.810536,757,701,766,939,801,720,813,1000,821,711,1018,938,110,80,729,1003.5,-274.5,729,852.5,-123.5,760.5,906.5,-146,766,978,-212,75.102,150.148,152.914,91.2308,0.500185,1.67613,1.08388,5.364,14.636
2026-06-27 16:33:11.268,Debug,4253.85,3769.23,4375,130,112,18,18,0.8,0.616366,0.82919,765,712,771,956,810,729,812,1000,831,720,1018,991,111,27,738.5,1055,-316.5,738.5,863.5,-125,769.5,906,-136.5,775.5,1004.5,-229,73.4275,147.623,146.504,265.658,0.4974,0.551475,1.86456,5.364,12.636
2026-06-27 16:33:11.341,Debug,4242.42,3712.12,4375,132,112,20,20,0.8,0.443855,0.86871,761,710,741,939,807,726,782,1001,829,717,1018,938,112,80,735.5,1003.5,-268,735.5,840,-104.5,766.5,891.5,-125,773,978,-205,70.4703,147.544,147.757,90.0436,0.477622,1.64095,1.09076,5.364,14.636
2026-06-27 16:33:11.435,Debug,4242.42,3712.12,4375,132,112,20,20,0.8,0.46277,0.85448,765,713,991,955,811,729,1053,1000,831,720,1018,938,111,80,739,1003.5,-264.5,739,973,-234,770,1026.5,-256.5,775.5,978,-202.5,76.747,147.569,148.124,89.5518,0.520074,1.65406,1.05956,5.364,14.636
2026-06-27 16:33:11.511,Debug,4211.45,3712.12,4336.28,132,113,19,19,0.8,0.522205,0.849295,758,702,767,957,802,720,812,1001,822,711,1018,991,111,27,730,1003.5,-273.5,730,862,-132,761,906.5,-145.5,766.5,1004.5,-238,71.7985,147.251,153.306,258.456,0.487593,0.593161,1.87976,5.336,13.664
2026-06-27 16:33:11.604,Debug,4248.09,3740.46,4375,131,112,19,19,0.8,0.78819,0.818974,765,712,1011,958,810,729,1053,1000,830,720,1018,991,110,27,738.5,1055.5,-317,738.5,984.5,-246,769.5,1026.5,-257,775,1004.5,-229.5,76.5684,146.924,140.352,257.131,0.521143,0.545839,1.77851,5.364,13.636
2026-06-27 16:33:11.695,Debug,4248.09,3740.46,4375,131,112,19,19,0.8,0.480145,0.804772,763,709,993,957,808,726,1053,1000,828,717,1018,938,111,80,736,1003.5,-267.5,736,975,-239,767,1026.5,-259.5,772.5,978,-205.5,78.74,146.462,143.689,86.9815,0.537614,1.65195,1.02428,5.364,13.636
2026-06-27 16:33:11.799,Debug,4259.69,3798.45,4375,129,112,17,17,0.8,0.723883,0.843507,766,711,1010,958,810,729,1053,1000,831,720,1018,991,111,27,738.5,1054.5,-316,738.5,984,-245.5,769.5,1026.5,-257,775.5,1004.5,-229,72.8253,147.929,141.566,255.618,0.492299,0.55382,1.79921,5.364,11.636
2026-06-27 16:33:11.904,Debug,4242.42,3712.12,4375,132,112,20,20,0.8,0.515927,0.811367,755,703,765,957,801,720,811,1001,821,711,1018,991,110,27,729,1003.5,-274.5,729,861,-132,760.5,906,-145.5,766,1004.5,-238.5,74.7183,149.829,154.811,261.454,0.498691,0.592117,1.8538,5.364,14.636
2026-06-27 16:33:12.095,Debug,4211.45,3712.12,4336.28,132,113,19,19,0.8,0.415233,0.834294,756,703,769,939,801,720,816,1001,822,710,1018,938,112,80,729.5,1003.5,-274,729.5,854,-124.5,760.5,908.5,-148,766,978,-212,72.8711,151.784,154.681,96.3194,0.480096,1.60592,1.11727,5.336,13.664
2026-06-27 16:33:12.182,Debug,4205.87,3684.21,4336.28,133,113,20,20,0.8,0.475728,0.849382,765,712,768,954,811,729,783,1000,831,720,1018,938,111,80,738.5,1004,-265.5,738.5,861,-122.5,770,891.5,-121.5,775.5,978,-202.5,76.3711,153.057,157.665,93.2926,0.498973,1.69001,1.09384,5.336,14.664
2026-06-27 16:33:12.271,Debug,4259.69,3798.45,4375,129,112,17,17,0.8,0.758902,0.835078,759,710,994,956,767,726,1053,1000,827,717,1018,991,110,27,734.5,1054.5,-320,734.5,975,-240.5,746.5,1026.5,-280,772,1004.5,-232.5,74.8465,153.057,155.299,273.04,0.489011,0.568777,1.87948,5.364,11.636
2026-06-27 16:33:12.450,Debug,4351.97,4298.25,4375,114,112,2,2,0.7,0.887885,0.849653,764,708,992,955,807,726,1053,1000,828,717,1018,938,111,80,736,745,-9,736,973.5,-237.5,766.5,1026.5,-260,772.5,978,-205.5,77.6313,162.678,161.584,89.882,0.477209,1.79774,1.04643,5.364,-3.364
2026-06-27 16:33:12.544,Debug,4217.12,3740.46,4336.28,131,113,18,18,0.8,0.509577,0.84143,764,712,993,955,810,729,1053,1000,831,720,1018,938,111,80,738,1003.5,-265.5,738,974,-236,769.5,1026.5,-257,775.5,978,-202.5,81.2001,162.949,168.149,90.4834,0.498317,1.85834,1.05932,5.336,12.664
2026-06-27 16:33:12.659,Debug,4242.42,3712.12,4375,132,112,20,20,0.8,0.519323,0.835782,757,702,993,955,801,719,1053,1000,821,710,1018,991,111,27,729.5,1003,-273.5,729.5,974,-244.5,760,1026.5,-266.5,765.5,1004.5,-239,80.724,161.888,168.258,287.567,0.49864,0.585108,1.87882,5.364,14.636
2026-06-27 16:33:12.744,Debug,4356.02,3798.45,4495.41,129,109,20,20,0.8,0.354339,0.762892,766,688,742,938,810,728,782,1001,831,719,1018,938,112,80,727,840,-113,727,840,-113,769,891.5,-122.5,775,978,-203,81.0806,162.921,175.46,106.125,0.497669,1.65333,1.15403,5.448,14.552
2026-06-27 16:33:12.821,Debug,4248.09,3740.46,4375,131,112,19,19,0.8,0.529161,0.835844,763,707,741,954,808,726,782,1001,828,717,1018,937,111,81,735,847.5,-112.5,735,847.5,-112.5,767,891.5,-124.5,772.5,977.5,-205,85.1081,161.808,179.123,100.861,0.525982,1.77595,1.13392,5.364,13.636
2026-06-27 16:33:12.931,Debug,4248.09,3740.46,4375,131,112,19,19,0.8,0.443155,0.831968,764,709,992,955,810,729,1053,1001,830,720,1018,938,110,80,736.5,1003.5,-267,736.5,973.5,-237,769.5,1027,-257.5,775,978,-203,80.5716,165.207,172.095,99.6916,0.487701,1.72627,1.10582,5.364,13.636
2026-06-27 16:33:13.064,Debug,4248.09,3740.46,4375,131,112,19,19,0.8,0.525717,0.822542,755,700,1007,956,800,719,1053,1000,822,710,1018,938,112,80,727.5,1003.5,-276,727.5,981.5,-254,759.5,1026.5,-267,766,978,-212,75.2275,166.225,169.182,93.4154,0.452564,1.81107,1.08757,5.364,13.636
2026-06-27 16:33:13.126,Debug,4248.09,3740.46,4375,131,112,19,19,0.8,0.485018,0.851416,765,712,992,940,810,729,1053,1001,830,719,1018,938,111,80,738.5,1003.5,-265,738.5,966,-227.5,769.5,1027,-257.5,774.5,978,-203.5,76.6953,160.703,165.974,98.245,0.477248,1.68939,1.11298,5.364,13.636
2026-06-27 16:33:13.188,Debug,4248.09,3740.46,4375,131,112,19,19,0.8,0.539001,0.82694,756,700,1010,957,801,720,1053,1000,821,710,1018,938,111,80,728,1003.5,-275.5,728,983.5,-255.5,760.5,1026.5,-266,765.5,978,-212.5,77.7208,160.05,161.139,86.8019,0.485604,1.8564,1.04277,5.364,13.636
2026-06-27 16:33:13.341,Debug,4242.42,3712.12,4375,132,112,20,20,0.8,0.48847,0.828703,766,709,994,956,810,729,1054,1000,831,720,1018,938,111,80,737.5,1003.5,-266,737.5,975,-237.5,769.5,1027,-257.5,775.5,978,-202.5,79.5936,155.444,164.199,88.3581,0.51204,1.85833,1.07454,5.364,14.636
2026-06-27 16:33:13.432,Debug,4242.42,3712.12,4375,132,112,20,20,0.8,0.53376,0.850762,763,707,767,955,807,726,783,1001,828,717,1018,938,111,80,735,1003.5,-268.5,735,861,-126,766.5,892,-125.5,772.5,978,-205.5,82.9366,163.06,178.841,90.9238,0.508625,1.96693,1.09662,5.364,14.636
2026-06-27 16:33:13.672,Debug,4242.42,3712.12,4375,132,112,20,20,0.8,0.432492,0.841064,757,704,766,939,803,722,783,1001,823,713,1018,938,110,80,730.5,1003.5,-273,730.5,852.5,-122,762.5,892,-129.5,768,978,-210,81.3435,170.804,190.75,114.354,0.476238,1.66806,1.21002,5.364,14.636
2026-06-27 16:33:13.777,Debug,4383.71,4260.87,4414.41,115,111,4,4,0.8,0.831724,0.795213,762,706,993,940,807,726,1053,1001,827,717,1018,938,110,80,734,745,-11,734,966.5,-232.5,766.5,1027,-260.5,772,978,-206,81.3789,171.182,186.259,109.16,0.475394,1.70629,1.16969,5.392,-1.392
2026-06-27 16:33:13.878,Debug,4346.47,4260.87,4375,115,112,3,3,0.75,0.954632,0.840047,765,710,993,954,810,728,1054,1000,830,719,1018,938,111,80,737.5,744.5,-7,737.5,973.5,-236,769,1027,-258,774.5,978,-203.5,83.8176,171.433,194.79,104.85,0.488924,1.85779,1.17391,5.364,-2.364
2026-06-27 16:33:13.955,Debug,4383.71,4260.87,4414.41,115,111,4,4,0.8,0.845687,0.827984,757,708,992,681,771,726,1053,697,827,717,1018,938,110,80,732.5,744.5,-12,732.5,836.5,-104,748.5,875,-126.5,772,978,-206,88.5462,171.908,191.083,108.492,0.515079,1.76127,1.1502,5.392,-1.392
2026-06-27 16:33:14.073,Debug,4385.37,4298.25,4414.41,114,111,3,3,0.75,0.904422,0.806006,757,704,992,658,803,722,1053,697,823,713,1018,938,110,80,730.5,745,-14.5,730.5,825,-94.5,762.5,875,-112.5,768,978,-210,86.2522,174.85,191.964,100.667,0.493293,1.90693,1.12075,5.392,-2.392
2026-06-27 16:33:14.349,Debug,4248.09,3740.46,4375,131,112,19,19,0.8,0.479037,0.829962,762,706,992,955,807,726,1053,1001,828,717,1018,938,111,80,734,1003.5,-269.5,734,973.5,-239.5,766.5,1027,-260.5,772.5,978,-205.5,79.8734,171.275,188.431,102.982,0.466345,1.82975,1.16032,5.364,13.636
2026-06-27 16:33:14.412,Debug,4205.87,3684.21,4336.28,133,113,20,20,0.8,0.469496,0.856152,764,710,767,953,810,728,812,1000,830,719,1018,937,111,81,737,1003,-266,737,860,-123,769,906,-137,774.5,977.5,-203,77.3232,171.298,186.123,99.0342,0.451397,1.87938,1.14696,5.336,14.664
2026-06-27 16:33:14.608,Debug,4285.38,3769.23,4414.41,130,111,19,19,0.8,0.485854,0.814866,765,710,742,939,809,728,812,1001,830,719,1018,937,111,81,737.5,840.5,-103,737.5,840.5,-103,768.5,906.5,-138,774.5,977.5,-203,83.6221,168.463,198.036,107.597,0.496382,1.84053,1.21242,5.392,13.608
2026-06-27 16:33:14.728,Debug,4242.42,3712.12,4375,132,112,20,20,0.8,0.448376,0.83382,762,708,767,939,807,726,783,1001,827,717,1018,938,110,80,735,1003.5,-268.5,735,853,-118,766.5,892,-125.5,772,978,-206,81.7902,175.97,184.781,119.138,0.464796,1.55099,1.17908,5.364,14.636
2026-06-27 16:33:14.784,Debug,4463.59,4336.28,4495.41,113,109,4,4,0.8,0.892413,0.768846,765,689,765,682,809,728,811,698,830,719,1018,937,111,81,727,723.5,3.5,727,723.5,3.5,768.5,754.5,14,774.5,977.5,-203,83.7619,176.854,193.821,104.38,0.473621,1.85688,1.14421,5.448,-1.448
2026-06-27 16:33:14.912,Debug,4242.42,3712.12,4375,132,112,20,20,0.8,0.441059,0.83051,763,709,991,939,807,726,1054,1001,827,717,1018,938,110,80,736,1003.5,-267.5,736,965,-229,766.5,1027.5,-261,772,978,-206,80.5464,173.547,195.07,117.07,0.464119,1.66628,1.22845,5.364,14.636
2026-06-27 16:33:15.005,Debug,4356.02,3798.45,4495.41,129,109,20,20,0.8,0.353344,0.746811,764,689,764,938,810,728,782,1001,830,719,1018,937,111,81,726.5,851,-124.5,726.5,851,-124.5,769,891.5,-122.5,774.5,977.5,-203,86.6254,174.997,195.523,117.72,0.495011,1.66092,1.19731,5.448,14.552
2026-06-27 16:33:15.070,Debug,4248.09,3740.46,4375,131,112,19,19,0.8,0.481455,0.829274,763,706,993,940,807,726,1053,1001,828,717,1018,938,111,80,734.5,1003.5,-269,734.5,966.5,-232,766.5,1027,-260.5,772.5,978,-205.5,80.2394,173.868,191.348,108,0.461495,1.77174,1.17804,5.364,13.636
2026-06-27 16:33:15.179,Debug,4415.81,4260.87,4454.55,115,110,5,5,0.8,0.891365,0.773547,759,681,741,680,803,722,782,697,823,712,1017,688,111,329,720,745,-25,720,710.5,9.5,762.5,739.5,23,767.5,852.5,-85,88.1193,177.516,205.816,100.469,0.496403,2.04854,1.15303,5.42,-0.42
2026-06-27 16:33:15.282,Debug,4337.61,4188.03,4375,117,112,5,5,0.8,0.824917,0.822669,762,706,765,682,807,726,783,697,827,717,1018,938,110,80,734,745,-11,734,723.5,10.5,766.5,740,26.5,772,978,-206,86.6491,181.975,199.113,123.731,0.476158,1.60924,1.20184,5.364,-0.364
2026-06-27 16:33:15.381,Debug,4356.02,3798.45,4495.41,129,109,20,20,0.8,0.352317,0.762557,763,689,762,938,810,728,780,1001,830,719,1018,937,111,81,726,850,-124,726,850,-124,769,890.5,-121.5,774.5,977.5,-203,91.307,179.422,209.086,122.888,0.508895,1.70144,1.22622,5.448,14.552
2026-06-27 16:33:15.468,Debug,4369.14,4188.03,4414.41,117,111,6,6,0.8,0.843405,0.818837,764,709,743,681,809,728,782,697,830,719,1018,938,111,80,736.5,745,-8.5,736.5,712,24.5,768.5,739.5,29,774.5,978,-203.5,88.6361,184.679,207.724,124.753,0.479947,1.66508,1.21646,5.392,0.608
2026-06-27 16:33:15.546,Debug,4423.29,4298.25,4454.55,114,110,4,4,0.8,0.881608,0.792893,758,687,991,680,773,726,1053,697,828,716,1018,938,112,80,722.5,745,-22.5,722.5,835.5,-113,749.5,875,-125.5,772,978,-206,90.9209,188.317,212.958,117.294,0.482809,1.8156,1.18269,5.42,-1.42
2026-06-27 16:33:15.661,Debug,4441.16,4224.14,4495.41,116,109,7,7,0.8,0.804649,0.769716,765,689,745,681,810,728,783,697,829,719,1018,938,110,80,727,745,-18,727,713,14,769,740,29,774,978,-204,91.6336,187.995,223.331,131.771,0.487425,1.69484,1.26991,5.448,1.552
2026-06-27 16:33:15.729,Debug,4317.48,3769.23,4454.55,130,110,20,20,0.8,0.454648,0.784651,757,679,765,940,800,719,781,1001,821,710,1018,938,111,80,718,852.5,-134.5,718,852.5,-134.5,759.5,891,-131.5,765.5,978,-212.5,89.1474,194.011,233.051,123.874,0.459497,1.88135,1.26051,5.42,14.58
2026-06-27 16:33:15.811,Debug,4351.97,4298.25,4375,114,112,2,2,0.7,0.847618,0.842161,763,710,747,657,809,728,782,697,829,719,1018,938,110,80,736.5,745,-8.5,736.5,702,34.5,768.5,739.5,29,774,978,-204,89.9842,189.437,228.435,129.865,0.475008,1.75901,1.28229,5.364,-3.364
2026-06-27 16:33:15.920,Debug,4344.83,4224.14,4375,116,112,4,4,0.8,0.825908,0.829062,763,706,744,681,807,725,782,697,827,716,1018,938,111,80,734.5,745,-10.5,734.5,712.5,22,766,739.5,26.5,771.5,978,-206.5,87.8306,190.802,230.743,136.574,0.460323,1.68951,1.31828,5.364,-1.364
2026-06-27 16:33:16.038,Debug,4317.48,3769.23,4454.55,130,110,20,20,0.8,0.35127,0.766392,758,682,743,938,803,722,781,1001,823,712,1018,938,111,80,720,840.5,-120.5,720,840.5,-120.5,762.5,891,-128.5,767.5,978,-210.5,89.7048,191.452,241.346,140.006,0.46855,1.72383,1.35637,5.42,14.58
2026-06-27 16:33:16.159,Debug,4433.94,4188.03,4495.41,117,109,8,8,0.8,0.772066,0.760291,756,679,743,682,800,719,782,697,821,710,1018,937,111,81,717.5,745,-27.5,717.5,712.5,5,759.5,739.5,20,765.5,977.5,-212,91.2661,196.147,235.136,146.565,0.465294,1.60431,1.32805,5.448,2.552
2026-06-27 16:33:16.250,Debug,4441.16,4224.14,4495.41,116,109,7,7,0.8,0.894715,0.747857,760,682,740,681,803,721,813,697,822,712,1018,937,110,81,721,710.5,10.5,721,710.5,10.5,762,755,7,767,977.5,-210.5,90.1695,190.051,240.671,127.543,0.474448,1.88698,1.31401,5.448,1.552
2026-06-27 16:33:16.310,Debug,4394.14,4152.54,4454.55,118,110,8,8,0.8,0.844014,0.774463,762,685,742,681,807,726,783,697,827,716,1018,938,111,80,723.5,746,-22.5,723.5,711.5,12,766.5,740,26.5,771.5,978,-206.5,88.3401,192.622,235.175,143.964,0.458618,1.63356,1.34943,5.42,2.58
2026-06-27 16:33:16.401,Debug,4423.29,4298.25,4454.55,114,110,4,4,0.8,0.843644,0.763388,759,683,742,680,803,721,781,697,823,712,1017,937,111,80,721,711,10,721,711,10,762,739,23,767.5,977,-209.5,92.2087,192.1,244.153,132.863,0.480003,1.83763,1.32608,5.42,-1.42
2026-06-27 16:33:16.521,Debug,4423.29,4298.25,4454.55,114,110,4,4,0.8,0.922677,0.777963,760,687,765,657,775,726,812,697,827,716,1018,937,111,81,723.5,744.5,-21,723.5,711,12.5,750.5,754.5,-4,771.5,977.5,-206,91.7843,196.124,245.223,128.627,0.467991,1.90646,1.2985,5.42,-1.42
2026-06-27 16:33:16.597,Debug,4394.14,4152.54,4454.55,118,110,8,8,0.8,0.850873,0.779482,766,689,742,681,809,728,782,697,830,719,1018,937,111,81,727.5,746,-18.5,727.5,711.5,16,768.5,739.5,29,774.5,977.5,-203,92.6873,197.566,245.242,146.342,0.469146,1.67581,1.34911,5.42,2.58
2026-06-27 16:33:16.659,Debug,4390.98,4336.28,4414.41,113,111,2,2,0.7,0.902204,0.797859,762,706,747,658,807,726,782,698,826,716,1018,938,110,80,734,744.5,-10.5,734,702.5,31.5,766.5,740,26.5,771,978,-207,91.5609,195.199,238.563,123.543,0.469064,1.93102,1.26275,5.392,-3.392
2026-06-27 16:33:16.779,Debug,4455.98,4298.25,4495.41,114,109,5,5,0.8,0.940773,0.75151,764,689,764,657,809,728,812,697,829,719,1018,937,110,81,726.5,745,-18.5,726.5,710.5,16,768.5,754.5,14,774,977.5,-203.5,95.2292,201.251,250.129,131.781,0.473186,1.89806,1.28815,5.448,-0.448
2026-06-27 16:33:16.860,Debug,4455.98,4298.25,4495.41,114,109,5,5,0.8,0.879313,0.771716,756,680,762,659,800,719,781,697,820,710,1018,937,110,81,718,744,-26,718,710.5,7.5,759.5,739,20.5,765,977.5,-212.5,96.5171,205.744,259.804,140.623,0.469112,1.84752,1.32477,5.448,-0.448
2026-06-27 16:33:16.944,Debug,4463.59,4336.28,4495.41,113,109,4,4,0.8,0.806241,0.775251,765,689,741,660,809,728,780,697,829,719,1018,937,110,81,727,700.5,26.5,727,700.5,26.5,768.5,738.5,30,774,977.5,-203.5,97.3474,204.226,260.46,158.505,0.476665,1.64322,1.38926,5.448,-1.448
2026-06-27 16:33:17.037,Debug,4448.5,4260.87,4495.41,115,109,6,6,0.8,0.927542,0.758065,763,686,765,681,807,725,783,697,827,716,1018,938,111,80,724.5,745.5,-21,724.5,723,1.5,766,740,26,771.5,978,-206.5,93.7168,203.941,258.614,140.966,0.459528,1.83458,1.34241,5.448,0.552
2026-06-27 16:33:17.178,Debug,4423.29,4298.25,4454.55,114,110,4,4,0.8,0.818215,0.774928,764,688,742,681,809,728,781,697,829,719,1018,937,110,81,726,711.5,14.5,726,711.5,14.5,768.5,739,29.5,774,977.5,-203.5,93.184,200.089,247.896,149.852,0.465712,1.65427,1.35624,5.42,-1.42
2026-06-27 16:33:17.239,Debug,4424.98,4336.28,4454.55,113,110,3,3,0.75,0.850115,0.774967,757,686,763,679,773,725,781,698,827,716,1018,938,111,80,721.5,721,0.5,721.5,721,0.5,749,739.5,9.5,771.5,978,-206.5,91.3478,198.907,241.696,134.774,0.45925,1.79335,1.29703,5.42,-2.42
2026-06-27 16:33:17.313,Debug,4448.5,4260.87,4495.41,115,109,6,6,0.8,0.79605,0.769355,764,688,739,678,809,728,782,696,830,719,1018,937,111,81,726,708.5,17.5,726,708.5,17.5,768.5,739,29.5,774.5,977.5,-203,98.0799,198.472,255.734,142.348,0.494175,1.79654,1.34237,5.448,0.552
2026-06-27 16:33:17.455,Debug,4455.98,4298.25,4495.41,114,109,5,5,0.8,0.91634,0.75694,762,686,766,658,806,725,782,698,827,716,1017,937,111,80,724,744.5,-20.5,724,712,12,765.5,740,25.5,771.5,977,-205.5,87.5824,202.72,249.89,131.433,0.432036,1.90127,1.31353,5.448,-0.448
2026-06-27 16:33:17.550,Debug,4455.98,4298.25,4495.41,114,109,5,5,0.8,0.918373,0.777831,764,689,764,657,809,728,812,698,829,719,1017,937,110,80,726.5,744.5,-18,726.5,710.5,16,768.5,755,13.5,774,977,-203,97.3384,199.708,244.376,128.946,0.487403,1.89518,1.25678,5.448,-0.448
2026-06-27 16:33:17.634,Debug,4441.16,4224.14,4495.41,116,109,7,7,0.8,0.825899,0.762683,762,686,740,680,807,725,782,697,828,716,1018,938,112,80,724,745,-21,724,710,14,766,739.5,26.5,772,978,-206,90.2493,195.685,238.186,143.525,0.461196,1.65954,1.33496,5.448,1.552
2026-06-27 16:33:17.702,Debug,4337.61,4188.03,4375,117,112,5,5,0.8,0.8364,0.81545,765,708,742,680,809,728,782,697,829,719,1018,937,110,81,736.5,745,-8.5,736.5,711,25.5,768.5,739.5,29,774,977.5,-203.5,91.2423,197.213,246.465,151.53,0.462658,1.62651,1.37975,5.364,-0.364
2026-06-27 16:33:17.802,Debug,4455.98,4298.25,4495.41,114,109,5,5,0.8,0.929301,0.748444,763,686,764,657,807,725,812,697,826,716,1018,937,110,81,724.5,745,-20.5,724.5,710.5,14,766,754.5,11.5,771,977.5,-206.5,90.4328,201.498,247.364,127.061,0.448802,1.94681,1.28258,5.448,-0.448
2026-06-27 16:33:17.886,Debug,4356.02,3798.45,4495.41,129,109,20,20,0.8,0.343614,0.76181,757,681,991,939,803,721,1053,1001,823,712,1018,937,111,81,719,965,-246,719,965,-246,762,1027,-265,767.5,977.5,-210,95.2072,204.159,240.456,134.34,0.466339,1.78991,1.25196,5.448,14.552
2026-06-27 16:33:18.003,Debug,4455.98,4298.25,4495.41,114,109,5,5,0.8,0.883949,0.759369,757,679,991,681,800,719,1053,697,820,710,1018,938,110,80,718,744.5,-26.5,718,836,-118,759.5,875,-115.5,765,978,-213,94.0997,199.235,239.414,125.323,0.472306,1.91038,1.24342,5.448,-0.448
2026-06-27 16:33:18.100,Debug,4385.37,4298.25,4414.41,114,111,3,3,0.75,0.892843,0.810375,765,707,764,679,809,728,782,697,829,719,1018,938,110,80,736,744.5,-8.5,736,721.5,14.5,768.5,739.5,29,774,978,-204,89.1988,202.851,240.802,127.435,0.439725,1.88961,1.26087,5.392,-2.392
2026-06-27 16:33:18.154,Debug,4448.5,4260.87,4495.41,115,109,6,6,0.8,0.82198,0.763332,761,686,741,659,807,726,781,697,827,716,1018,937,111,81,723.5,700,23.5,723.5,700,23.5,766.5,739,27.5,771.5,977.5,-206,94.0648,195.824,253.103,149.775,0.480353,1.68988,1.38977,5.448,0.552
2026-06-27 16:33:18.255,Debug,4344.83,4224.14,4375,116,112,4,4,0.8,0.938386,0.836243,758,701,764,679,803,722,782,697,824,712,1018,938,112,80,729.5,745.5,-16,729.5,721.5,8,762.5,739.5,23,768,978,-210,92.5084,192.084,233.496,127.172,0.481605,1.83606,1.26732,5.364,-1.364
2026-06-27 16:33:18.355,Debug,4423.29,4298.25,4454.55,114,110,4,4,0.8,0.856185,0.757469,762,686,766,680,807,725,782,697,827,716,1018,938,111,80,724,745,-21,724,723,1,766,739.5,26.5,771.5,978,-206.5,82.5178,188.137,213.71,117.896,0.438604,1.8127,1.22519,5.42,-1.42
2026-06-27 16:33:18.467,Debug,4385.37,4298.25,4414.41,114,111,3,3,0.75,0.926417,0.789209,758,681,765,939,803,722,782,1000,824,712,1018,938,112,80,719.5,744.5,-25,719.5,852,-132.5,762.5,891,-128.5,768,978,-210,86.4106,184.412,213.008,114.686,0.468575,1.85732,1.21,5.392,-2.392
2026-06-27 16:33:18.582,Debug,4351.97,4298.25,4375,114,112,2,2,0.7,0.925517,0.83956,762,706,768,659,807,726,812,698,827,716,1017,937,111,80,734,745,-11,734,713.5,20.5,766.5,755,11.5,771.5,977,-205.5,88.4,182.921,205.857,106.816,0.48327,1.92721,1.15241,5.364,-3.364
2026-06-27 16:33:18.722,Debug,4361.96,3828.12,4495.41,128,109,19,19,0.8,0.543357,0.74435,763,687,993,955,807,726,1053,1000,827,716,1017,938,111,79,725,974,-249,725,974,-249,766.5,1026.5,-260,771.5,977.5,-206,87.3776,175.431,185.912,98.0405,0.498073,1.89628,1.08045,5.448,13.552
2026-06-27 16:33:18.819,Debug,4361.96,3828.12,4495.41,128,109,19,19,0.8,0.508659,0.758405,765,688,768,955,809,728,784,1000,830,719,1018,938,111,80,726.5,861.5,-135,726.5,861.5,-135,768.5,892,-123.5,774.5,978,-203.5,86.096,176.047,195.322,99.5619,0.489051,1.96181,1.1249,5.448,13.552
2026-06-27 16:33:18.955,Debug,4205.87,3684.21,4336.28,133,113,20,20,0.8,0.45878,0.850003,762,708,741,684,807,726,813,728,827,717,1018,937,110,81,735,1003,-268,735,712.5,22.5,766.5,770.5,-4,772,977.5,-205.5,82.3251,171.957,186.555,110.574,0.478756,1.68715,1.1685,5.336,14.664
2026-06-27 16:33:19.121,Debug,4253.85,3769.23,4375,130,112,18,18,0.8,0.436993,0.833991,762,707,992,941,807,726,1053,1000,827,717,1018,938,110,80,734.5,1003.5,-269,734.5,966.5,-232,766.5,1026.5,-260,772,978,-206,77.1997,162.156,167.129,99.1299,0.476082,1.68596,1.1124,5.364,12.636
2026-06-27 16:33:19.225,Debug,4248.09,3740.46,4375,131,112,19,19,0.8,0.486531,0.827691,766,708,1009,958,810,728,1053,1000,830,719,1018,990,111,28,737,1003,-266,737,983.5,-246.5,769,1026.5,-257.5,774.5,1004,-229.5,79.8269,157.398,153.382,272.512,0.507166,0.562844,1.79531,5.364,13.636
2026-06-27 16:33:19.327,Debug,4248.09,3740.46,4375,131,112,19,19,0.8,0.47746,0.855165,759,709,770,940,772,726,814,1000,1074,717,1018,938,357,80,734,1003.5,-269.5,734,855,-121,749,907,-158,895.5,978,-82.5,183.658,148.786,143.124,89.2715,1.23438,1.60324,0.69905,5.364,13.636
2026-06-27 16:33:19.393,Debug,4248.09,3740.46,4375,131,112,19,19,0.8,0.67864,0.839642,764,711,1009,958,810,728,1053,1000,831,719,1017,990,112,27,737.5,1055,-317.5,737.5,983.5,-246,769,1026.5,-257.5,775,1003.5,-228.5,78.7582,153.303,140.025,263.082,0.513743,0.532251,1.73708,5.364,13.636
2026-06-27 16:33:19.490,Debug,4279.62,3740.46,4414.41,131,111,20,20,0.8,0.463063,0.80982,755,701,744,954,800,719,812,1000,820,710,1017,938,110,79,728,1003.5,-275.5,728,849,-121,759.5,906,-146.5,765,977.5,-212.5,77.6216,158.085,153.421,93.191,0.49101,1.64631,1.04627,5.392,14.608
2026-06-27 16:33:19.587,Debug,4303.19,3858.27,4414.41,127,111,16,16,0.8,0.660835,0.820713,757,703,1009,957,803,722,1053,1000,823,713,1018,991,110,27,730,1054,-324,730,983,-253,762.5,1026.5,-264,768,1004.5,-236.5,78.5197,160.491,155.133,269.013,0.489246,0.576674,1.77459,5.392,10.608
2026-06-27 16:33:19.668,Debug,4253.85,3769.23,4375,130,112,18,18,0.8,0.478095,0.822996,761,707,993,956,808,726,1053,1000,828,717,1018,938,111,80,734,1003,-269,734,974.5,-240.5,767,1026.5,-259.5,772.5,978,-205.5,80.507,157.213,151.421,91.0361,0.512088,1.6633,1.01993,5.364,12.636
2026-06-27 16:33:19.766,Debug,4271.65,3858.27,4375,127,112,15,15,0.8,0.644723,0.850622,763,712,1006,957,809,729,1053,1000,830,720,1018,990,110,28,737.5,1053.5,-316,737.5,981.5,-244,769,1026.5,-257.5,775,1004,-229,74.338,152.468,151.48,272.471,0.487565,0.555949,1.86922,5.364,9.636
2026-06-27 16:33:19.860,Debug,4265.62,3828.12,4375,128,112,16,16,0.8,0.733944,0.825135,755,701,994,958,801,719,1053,1000,821,710,1017,991,111,26,728,1054.5,-326.5,728,976,-248,760,1026.5,-266.5,765.5,1004,-238.5,79.3929,156.489,152.553,268.53,0.507337,0.568102,1.78514,5.364,10.636
2026-06-27 16:33:19.966,Debug,4217.12,3740.46,4336.28,131,113,18,18,0.8,0.539264,0.840754,765,711,993,957,810,728,1053,1000,830,719,1017,991,111,26,738,1003.5,-265.5,738,975,-237,769,1026.5,-257.5,774.5,1004,-229.5,73.8761,157.232,152.633,269.477,0.469853,0.566405,1.82646,5.336,12.664
2026-06-27 16:33:20.149,Debug,4265.62,3828.12,4375,128,112,16,16,0.8,0.660189,0.83333,756,704,768,956,803,722,815,1000,824,713,1018,991,111,27,730,1054.5,-324.5,730,862,-132,762.5,907.5,-145,768.5,1004.5,-236,77.9078,160.222,171.467,268.935,0.486248,0.637579,1.84941,5.364,10.636
2026-06-27 16:33:20.224,Debug,4242.42,3712.12,4375,132,112,20,20,0.8,0.44653,0.817987,754,702,991,940,801,719,1053,1000,820,710,1018,938,110,80,728,1003.5,-275.5,728,965.5,-237.5,760,1026.5,-266.5,765,978,-213,74.971,159.555,157.489,97.739,0.469874,1.61132,1.08827,5.364,14.636
2026-06-27 16:33:20.327,Debug,4253.85,3769.23,4375,130,112,18,18,0.8,0.477172,0.863117,763,712,992,955,810,728,1053,1000,830,719,1018,938,111,80,737.5,1003.5,-266,737.5,973.5,-236,769,1026.5,-257.5,774.5,978,-203.5,80.0331,159.758,158.699,91.7894,0.500966,1.72895,1.04461,5.364,12.636
2026-06-27 16:33:20.470,Debug,4248.09,3740.46,4375,131,112,19,19,0.8,0.466318,0.830415,757,709,770,940,772,726,814,1000,827,717,1018,938,110,80,733,1003.5,-270.5,733,855,-122,749,907,-158,772,978,-206,76.0813,159.767,149.333,95.4927,0.476202,1.56382,1.03806,5.364,13.636
2026-06-27 16:33:20.543,Debug,4279.62,3740.46,4414.41,131,111,20,20,0.8,0.485714,0.799684,766,709,993,955,809,728,1053,1000,830,719,1018,938,111,80,737.5,1003.5,-266,737.5,974,-236.5,768.5,1026.5,-258,774.5,978,-203.5,80.0425,158.286,153.637,93.6603,0.505683,1.64036,1.03763,5.392,14.608
2026-06-27 16:33:20.619,Debug,4248.09,3740.46,4375,131,112,19,19,0.8,0.46095,0.80303,762,708,992,955,807,726,1053,1000,827,717,1018,938,110,80,735,1003.5,-268.5,735,973.5,-238.5,766.5,1026.5,-260,772,978,-206,77.5518,160.041,151.729,93.1623,0.484574,1.62865,1.03072,5.364,13.636
2026-06-27 16:33:20.715,Debug,4211.45,3712.12,4336.28,132,113,19,19,0.8,0.467574,0.834007,763,710,764,955,810,728,813,1000,831,719,1017,938,112,79,736.5,1003.5,-267,736.5,859.5,-123,769,906.5,-137.5,775,977.5,-202.5,78.4915,161.31,161.17,97.2466,0.486587,1.65734,1.07763,5.336,13.664
2026-06-27 16:33:20.797,Debug,4222.87,3769.23,4336.28,130,113,17,17,0.8,0.474942,0.861551,754,702,992,953,800,719,1053,1000,822,710,1018,938,112,80,728,1003.5,-275.5,728,972.5,-244.5,759.5,1026.5,-267,766,978,-212,75.6666,157.832,151.694,89.6331,0.479414,1.69239,1.03353,5.336,11.664
2026-06-27 16:33:20.915,Debug,4242.42,3712.12,4375,132,112,20,20,0.8,0.534477,0.829383,758,705,766,956,803,722,811,1000,823,713,1017,991,110,26,731.5,1003,-271.5,731.5,861,-129.5,762.5,905.5,-143,768,1004,-236,76.024,154.565,154.354,269.982,0.491856,0.571721,1.84022,5.364,14.636
2026-06-27 16:33:20.991,Debug,4242.42,3712.12,4375,132,112,20,20,0.8,0.438614,0.827331,761,707,770,954,807,726,814,1000,828,717,1018,937,111,81,734,1003,-269,734,862,-128,766.5,907,-140.5,772.5,977.5,-205,79.1783,157.812,155.961,94.4842,0.501725,1.65066,1.05677,5.364,14.636
2026-06-27 16:33:21.084,Debug,4228.72,3798.45,4336.28,129,113,16,16,0.8,0.717531,0.842576,758,703,994,956,803,722,1053,1000,824,713,1018,991,111,27,730.5,1054.5,-324,730.5,975,-244.5,762.5,1026.5,-264,768.5,1004.5,-236,74.6239,158.763,157.799,274.383,0.470035,0.575106,1.85179,5.336,10.664
2026-06-27 16:33:21.184,Debug,4253.85,3769.23,4375,130,112,18,18,0.8,0.480632,0.850916,762,707,993,956,807,726,1053,1000,828,717,1017,938,111,79,734.5,1003.5,-269,734.5,974.5,-240,766.5,1026.5,-260,772.5,977.5,-205,81.651,156.983,154.08,92.4968,0.520125,1.66579,1.03328,5.364,12.636
2026-06-27 16:33:21.291,Debug,4259.69,3798.45,4375,129,112,17,17,0.8,0.706636,0.831106,764,711,1009,957,809,728,1053,1000,830,719,1018,991,111,27,737.5,1054.5,-317,737.5,983,-245.5,768.5,1026.5,-258,774.5,1004.5,-230,76.4397,158.109,152.559,273.978,0.483463,0.556832,1.81854,5.364,11.636
2026-06-27 16:33:21.355,Debug,4248.09,3740.46,4375,131,112,19,19,0.8,0.434551,0.814281,765,709,765,955,810,728,781,1000,830,719,1017,938,111,79,737,1003.5,-266.5,737,860,-123,769,890.5,-121.5,774.5,977.5,-203,81.3857,158.953,163.79,95.039,0.512011,1.7234,1.07693,5.364,13.636
2026-06-27 16:33:21.457,Debug,4211.45,3712.12,4336.28,132,113,19,19,0.8,0.422278,0.854129,763,708,990,953,807,726,1053,1000,827,717,1018,937,110,81,735.5,1003,-267.5,735.5,971.5,-236,766.5,1026.5,-260,772,977.5,-205.5,76.2938,158.79,163.151,97.898,0.48047,1.66654,1.11045,5.336,13.664
2026-06-27 16:33:21.537,Debug,4248.09,3740.46,4375,131,112,19,19,0.8,0.486953,0.849111,759,703,992,940,803,722,1053,1000,824,712,1018,938,112,80,731,1003.5,-272.5,731,966,-235,762.5,1026.5,-264,768,978,-210,80.5774,161.502,157.611,97.7678,0.498924,1.6121,1.05494,5.364,13.636
2026-06-27 16:33:21.649,Debug,4297.16,3828.12,4414.41,128,111,17,17,0.8,0.61283,0.816155,748,703,768,956,764,719,811,1000,820,710,1017,991,110,26,725.5,1054,-328.5,725.5,862,-136.5,741.5,905.5,-164,765,1004,-239,82.1758,162.06,160.432,283.115,0.507069,0.566668,1.81606,5.392,11.608
2026-06-27 16:33:21.738,Debug,4242.42,3712.12,4375,132,112,20,20,0.8,0.428142,0.831039,765,709,762,940,810,728,780,1000,830,719,1018,938,111,80,737,1003.5,-266.5,737,851,-114,769,890,-121,774.5,978,-203.5,85.9743,161.657,168.455,100.354,0.531831,1.67861,1.08552,5.364,14.636
2026-06-27 16:33:21.820,Debug,4242.42,3712.12,4375,132,112,20,20,0.8,0.533587,0.852462,756,702,1006,956,800,719,1053,1000,821,710,1018,990,111,28,729,1003,-274,729,981,-252,759.5,1026.5,-267,765.5,1004,-238.5,79.3775,159.773,160.138,283.612,0.496814,0.564637,1.85553,5.364,14.636
2026-06-27 16:33:21.965,Debug,4279.62,3740.46,4414.41,131,111,20,20,0.8,0.522796,0.800776,765,709,769,956,809,728,782,1000,829,719,1018,991,110,27,737,1003.5,-266.5,737,862.5,-125.5,768.5,891,-122.5,774,1004.5,-230.5,81.6562,159.541,164.528,271.596,0.51182,0.605783,1.80816,5.392,14.608
2026-06-27 16:33:22.146,Debug,4415.81,4260.87,4454.55,115,110,5,5,0.8,0.914099,0.800686,764,711,992,955,809,728,1053,1000,829,719,1017,991,110,26,737.5,745.5,-8,737.5,973.5,-236,768.5,1026.5,-258,774,1004,-230,82.6684,161.511,157.923,277.488,0.511844,0.569115,1.78316,5.42,-0.42
2026-06-27 16:33:22.216,Debug,4285.38,3769.23,4414.41,130,111,19,19,0.8,0.533972,0.830354,758,711,764,956,806,757,811,1000,827,717,1017,991,110,26,734.5,860,-125.5,734.5,860,-125.5,781.5,905.5,-124,772,1004,-232,44.1961,95.1835,93.7708,163.084,0.464326,0.574985,1.84284,5.392,13.608
2026-06-27 16:33:22.288,Debug,4285.38,3769.23,4414.41,130,111,19,19,0.8,0.514832,0.825673,759,701,765,954,804,721,782,1000,823,712,1018,937,111,81,730,859.5,-129.5,730,859.5,-129.5,762.5,891,-128.5,767.5,977.5,-210,29.2183,48.1908,49.6662,28.892,0.606305,1.71903,1.01484,5.392,13.608
2026-06-27 16:33:22.392,Debug,4285.38,3769.23,4414.41,130,111,19,19,0.8,0.535845,0.800814,753,709,993,956,770,757,1054,1000,1074,717,1018,991,357,27,731,974.5,-243.5,731,974.5,-243.5,763.5,1027,-263.5,895.5,1004.5,-109,43.0618,35.032,33.7872,55.5984,1.22921,0.607702,1.14459,5.392,13.608
2026-06-27 16:33:22.509,Debug,4291.22,3798.45,4414.41,129,111,18,18,0.8,0.524317,0.848205,763,712,767,956,809,728,811,1000,1077,719,1017,991,358,26,737.5,861.5,-124,737.5,861.5,-124,768.5,905.5,-137,898,1004,-106,36.6756,29.2031,28.4864,49.5883,1.25588,0.574459,1.18513,5.392,12.608
2026-06-27 16:33:22.592,Debug,4253.85,3769.23,4375,130,112,18,18,0.8,0.571447,0.874473,763,709,993,956,807,726,1053,1000,1074,717,1018,990,357,28,736,974.5,-238.5,736,974.5,-238.5,766.5,1026.5,-260,895.5,1004,-108.5,34.9177,29.2806,28.2473,48.3844,1.19252,0.583811,1.19367,5.364,12.636
2026-06-27 16:33:22.705,Debug,4259.69,3798.45,4375,129,112,17,17,0.8,0.553076,0.802121,762,711,1007,956,809,729,1053,1000,1077,720,1017,991,357,26,736.5,981.5,-245,736.5,981.5,-245,769,1026.5,-257.5,898.5,1004,-105.5,32.4942,27.1741,25.9119,47.2411,1.19578,0.548504,1.22599,5.364,11.636
2026-06-27 16:33:22.796,Debug,4291.22,3798.45,4414.41,129,111,18,18,0.8,0.516126,0.823021,761,708,1011,958,807,726,1053,1000,1075,717,1366,991,358,375,734.5,984.5,-250,734.5,984.5,-250,766.5,1026.5,-260,896,1178.5,-282.5,32.3441,26.1488,43.5312,45.2196,1.23692,0.962664,1.51729,5.392,12.608
2026-06-27 16:33:22.871,Debug,4259.69,3798.45,4375,129,112,17,17,0.8,0.603126,0.820372,769,684,1010,958,811,728,1053,1000,830,719,1017,991,111,26,726.5,984,-257.5,726.5,984,-257.5,769.5,1026.5,-257,774.5,1004,-229.5,37.6478,63.509,60.4076,111.828,0.592795,0.540183,1.70266,5.364,11.636
2026-06-27 16:33:22.959,Debug,4222.87,3769.23,4336.28,130,113,17,17,0.8,0.515796,0.832366,762,711,1011,958,808,726,1053,1000,829,717,1018,991,112,27,736.5,1003.5,-267,736.5,984.5,-248,767,1026.5,-259.5,773,1004.5,-231.5,177.298,341.664,297.865,562.951,0.518924,0.529113,1.65873,5.336,11.664
2026-06-27 16:33:23.082,Debug,4285.38,3769.23,4414.41,130,111,19,19,0.8,0.522129,0.82143,766,714,768,958,811,729,811,1000,831,720,1018,991,111,27,740,863,-123,740,863,-123,770,905.5,-135.5,775.5,1004.5,-229,172.376,329.375,306.079,573.841,0.523343,0.533387,1.7537,5.392,13.608
2026-06-27 16:33:23.180,Debug,4285.38,3769.23,4414.41,130,111,19,19,0.8,0.55043,0.774232,765,711,1009,959,808,759,1054,1001,828,718,1018,991,110,27,738,984,-246,738,984,-246,783.5,1027.5,-244,773,1004.5,-231.5,175.9,304.64,273.993,507.129,0.577405,0.540283,1.62551,5.392,13.608
2026-06-27 16:33:23.240,Debug,4242.42,3712.12,4375,132,112,20,20,0.8,0.709188,0.86047,754,708,1010,960,766,755,1053,1000,826,714,1018,991,112,27,731,1056,-325,731,985,-254,760.5,1026.5,-266,770,1004.5,-234.5,172.055,309.291,267.644,528.052,0.556289,0.506852,1.65306,5.364,14.636
2026-06-27 16:33:23.332,Debug,4271.65,3858.27,4375,127,112,15,15,0.8,0.589286,0.82021,757,705,1010,959,802,752,1053,1000,822,711,1018,991,111,27,731,1054.5,-323.5,731,984.5,-253.5,777,1026.5,-249.5,766.5,1004.5,-238,168.668,315.827,260.032,522.426,0.534054,0.497739,1.615,5.364,9.636
2026-06-27 16:33:23.423,Debug,4285.38,3769.23,4414.41,130,111,19,19,0.8,0.652269,0.802699,765,713,1011,959,810,761,1053,1000,831,720,1018,991,111,27,739,1055,-316,739,985,-246,785.5,1026.5,-241,775.5,1004.5,-229,160.788,314.482,280.209,551.76,0.511277,0.507845,1.75052,5.392,13.608
2026-06-27 16:33:23.518,Debug,4259.69,3798.45,4375,129,112,17,17,0.8,0.74917,0.833978,762,713,1012,960,808,758,1053,1000,829,718,1018,991,111,27,737.5,1055,-317.5,737.5,986,-248.5,783,1026.5,-243.5,773.5,1004.5,-231,178.426,316.899,265.926,525.437,0.563039,0.506104,1.59766,5.364,11.636
2026-06-27 16:33:23.608,Debug,4285.38,3769.23,4414.41,130,111,19,19,0.8,0.703435,0.794063,768,713,1011,960,810,761,1053,1000,831,720,1018,991,111,27,740.5,1055.5,-315,740.5,985.5,-245,785.5,1026.5,-241,775.5,1004.5,-229,171.298,316.564,280.356,549.239,0.541114,0.510444,1.70047,5.392,13.608
2026-06-27 16:33:23.700,Debug,4259.69,3798.45,4375,129,112,17,17,0.8,0.664513,0.818953,764,712,1011,960,808,758,1053,1000,828,717,1018,991,111,27,738,1054.5,-316.5,738,985.5,-247.5,783,1026.5,-243.5,772.5,1004.5,-232,166.146,323.66,295.325,570.497,0.513334,0.517663,1.76768,5.364,11.636
2026-06-27 16:33:23.816,Debug,4259.69,3798.45,4375,129,112,17,17,0.8,0.564317,0.838926,766,712,745,958,810,729,814,1001,831,720,1018,991,111,27,739,1055.5,-316.5,739,851.5,-112.5,769.5,907.5,-138,775.5,1004.5,-229,174.258,331.891,325.158,565.063,0.525046,0.575437,1.75881,5.364,11.636
2026-06-27 16:33:23.896,Debug,4253.85,3769.23,4375,130,112,18,18,0.8,0.687194,0.818045,757,702,767,958,801,720,811,1001,822,711,1018,991,111,27,729.5,1055.5,-326,729.5,862.5,-133,760.5,906,-145.5,766.5,1004.5,-238,174.675,338.486,326.064,592.091,0.516046,0.550698,1.78921,5.364,12.636
2026-06-27 16:33:23.982,Debug,4265.62,3828.12,4375,128,112,16,16,0.8,0.819097,0.834074,765,712,1012,959,810,729,1053,1000,830,720,1018,991,110,27,738.5,1054.5,-316,738.5,985.5,-247,769.5,1026.5,-257,775,1004.5,-229.5,179.441,358.928,318.677,599.363,0.499938,0.531693,1.70522,5.364,10.636
2026-06-27 16:33:24.087,Debug,4211.45,3712.12,4336.28,132,113,19,19,0.8,0.478397,0.847919,763,709,766,957,807,726,811,1000,828,717,1018,937,111,81,736,1003,-267,736,861.5,-125.5,766.5,905.5,-139,772.5,977.5,-205,175.668,358.006,346.801,215.921,0.490685,1.60615,1.05443,5.336,13.664
2026-06-27 16:33:24.186,Debug,4242.42,3712.12,4375,132,112,20,20,0.8,0.553182,0.836084,758,707,766,957,804,722,813,1001,824,713,1018,991,111,27,732.5,1003.5,-271,732.5,861.5,-129,763,907,-144,768.5,1004.5,-236,183.806,351.401,352.793,607.526,0.523066,0.580704,1.79429,5.364,14.636
2026-06-27 16:33:24.273,Debug,4217.12,3740.46,4336.28,131,113,18,18,0.8,0.460869,0.854605,762,710,1007,957,808,727,1053,1000,829,718,1018,991,111,27,736,1003.5,-267.5,736,982,-246,767.5,1026.5,-259,773.5,1004.5,-231,174.263,347.235,338.944,594.959,0.501859,0.569692,1.79081,5.336,12.664
2026-06-27 16:33:24.366,Debug,4259.69,3798.45,4375,129,112,17,17,0.8,0.713139,0.814117,760,704,1009,958,804,722,1053,1000,824,713,1017,991,111,26,732,1055,-323,732,983.5,-251.5,763,1026.5,-263.5,768.5,1004,-235.5,184.503,357.214,335.352,623.274,0.516505,0.538049,1.76961,5.364,11.636
2026-06-27 16:33:24.573,Debug,4242.42,3712.12,4375,132,112,20,20,0.8,0.541855,0.846256,766,712,770,956,810,729,814,1001,831,720,1018,991,111,27,739,1003.5,-264.5,739,863,-124,769.5,907.5,-138,775.5,1004.5,-229,181.202,348.091,347.171,593.99,0.520559,0.584473,1.77815,5.364,14.636
2026-06-27 16:33:24.636,Debug,4242.42,3712.12,4375,132,112,20,20,0.8,0.543167,0.843033,757,702,1008,958,801,720,1054,1001,821,711,1018,991,110,27,729.5,1003.5,-274,729.5,983,-253.5,760.5,1027.5,-267,766,1004.5,-238.5,191.051,350.532,355.887,592.746,0.545032,0.600404,1.75159,5.364,14.636
2026-06-27 16:33:24.748,Debug,4242.42,3712.12,4375,132,112,20,20,0.8,0.495695,0.861026,760,714,991,955,772,729,1054,1001,1077,720,1018,938,357,80,737,1003.5,-266.5,737,973,-236,750.5,1027.5,-277,898.5,978,-79.5,418.096,353.245,353.898,213.637,1.18359,1.65654,0.735776,5.364,14.636
2026-06-27 16:33:24.827,Debug,4234.65,3828.12,4336.28,128,113,15,15,0.8,0.625038,0.873868,762,711,766,957,807,726,811,1000,1074,717,1017,991,357,26,736.5,1054.5,-318,736.5,861.5,-125,766.5,905.5,-139,895.5,1004,-108.5,413.758,354.731,345.541,612.246,1.1664,0.564382,1.24632,5.336,9.664
2026-06-27 16:33:24.933,Debug,4211.45,3712.12,4336.28,132,113,19,19,0.8,0.533069,0.848539,767,711,992,957,810,729,1053,1001,831,720,1018,991,111,27,739,1003.5,-264.5,739,974.5,-235.5,769.5,1027,-257.5,775.5,1004.5,-229,175.996,351.07,362.66,603.976,0.501314,0.600455,1.834,5.336,13.664
2026-06-27 16:33:25.015,Debug,4217.12,3740.46,4336.28,131,113,18,18,0.8,0.493947,0.829736,755,703,1008,957,801,720,1053,1001,821,711,1017,991,110,26,729,1003.5,-274.5,729,982.5,-253.5,760.5,1027,-266.5,766,1004,-238,172.316,355.649,362.924,636.629,0.484512,0.570072,1.89322,5.336,12.664
2026-06-27 16:33:25.124,Debug,4181.02,3712.12,4298.25,132,114,18,18,0.8,0.468725,0.855656,763,708,765,956,808,726,813,1001,829,717,1018,938,112,80,735.5,1003.5,-268,735.5,860.5,-125,767,907,-140,773,978,-205,181.547,349.773,355.466,212.142,0.519043,1.6756,1.0683,5.308,12.692
2026-06-27 16:33:25.213,Debug,4222.87,3769.23,4336.28,130,113,17,17,0.8,0.704704,0.848029,760,705,1010,958,803,722,1053,1000,825,713,1018,991,112,27,732.5,1055,-322.5,732.5,984,-251.5,762.5,1026.5,-264,769,1004.5,-235.5,172.013,352.434,323.316,611.766,0.488072,0.528496,1.78299,5.336,11.664
2026-06-27 16:33:25.304,Debug,4211.45,3712.12,4336.28,132,113,19,19,0.8,0.48443,0.850177,763,710,771,957,808,726,815,1001,829,717,1018,991,112,27,736.5,1003.5,-267,736.5,864,-127.5,767,908,-141,773,1004.5,-231.5,173.507,352.086,350.502,603.361,0.492797,0.580916,1.81483,5.336,13.664
2026-06-27 16:33:25.388,Debug,4248.09,3740.46,4375,131,112,19,19,0.8,0.475718,0.843049,764,712,768,940,810,729,814,1000,831,720,1018,938,111,80,738,1003.5,-265.5,738,854,-116,769.5,907,-137.5,775.5,978,-202.5,174.777,369.04,359.627,226.047,0.473598,1.59094,1.07697,5.364,13.636
2026-06-27 16:33:25.481,Debug,4271.65,3858.27,4375,127,112,15,15,0.8,0.517909,0.833044,762,708,766,957,807,726,782,1000,829,717,1018,991,112,27,735,1054.5,-319.5,735,861.5,-126.5,766.5,891,-124.5,773,1004.5,-231.5,176.291,371.271,335.876,675.167,0.47483,0.497471,1.84644,5.364,9.636
2026-06-27 16:33:25.576,Debug,4228.72,3798.45,4336.28,129,113,16,16,0.8,0.74067,0.849409,767,710,1010,958,810,729,1053,1000,832,720,1018,991,112,27,738.5,1055,-316.5,738.5,984,-245.5,769.5,1026.5,-257,776,1004.5,-228.5,186.419,368.083,341.453,635.841,0.50646,0.53701,1.76247,5.336,10.664
2026-06-27 16:33:25.661,Debug,4265.62,3828.12,4375,128,112,16,16,0.8,0.795384,0.849767,761,710,1010,959,807,726,1053,1000,828,717,1018,991,111,27,735.5,1054.5,-319,735.5,984.5,-249,766.5,1026.5,-260,772.5,1004.5,-232,182.038,366.77,349.546,625.692,0.496328,0.558655,1.77701,5.364,10.636
2026-06-27 16:33:25.767,Debug,4217.12,3740.46,4336.28,131,113,18,18,0.8,0.529372,0.895226,758,706,764,957,804,722,784,1001,825,713,1018,991,112,27,732,1003.5,-271.5,732,860.5,-128.5,763,892.5,-129.5,769,1004.5,-235.5,191.848,370.614,380.076,621.46,0.51765,0.611587,1.78063,5.336,12.664
2026-06-27 16:33:25.861,Debug,4242.42,3712.12,4375,132,112,20,20,0.8,0.520988,0.867662,762,710,1006,957,807,726,1054,1000,828,717,1018,991,111,27,736,1004,-268,736,981.5,-245.5,766.5,1027,-260.5,772.5,1004.5,-232,176.922,362.44,366.441,616.454,0.488142,0.594434,1.82233,5.364,14.636
2026-06-27 16:33:25.958,Debug,4217.12,3740.46,4336.28,131,113,18,18,0.8,0.506856,0.847003,760,706,766,955,804,722,782,1001,824,713,1017,991,111,26,733,1003.5,-270.5,733,860.5,-127.5,763,891.5,-128.5,768.5,1004,-235.5,179.121,357.596,350.489,640.638,0.500905,0.547093,1.84665,5.336,12.664
2026-06-27 16:33:26.056,Debug,4271.65,3858.27,4375,127,112,15,15,0.8,0.650556,0.855131,763,710,766,957,808,726,784,1001,828,717,1018,991,111,27,736.5,1054.5,-318,736.5,861.5,-125,767,892.5,-125.5,772.5,1004.5,-232,190.153,371.771,370.554,614.187,0.511478,0.603324,1.75244,5.364,9.636
2026-06-27 16:33:26.164,Debug,4240.68,3858.27,4336.28,127,113,14,14,0.8,0.669186,0.869054,765,712,1010,959,810,729,1053,1000,830,720,1018,991,110,27,738.5,1054,-315.5,738.5,984.5,-246,769.5,1026.5,-257,775,1004.5,-229.5,171.891,361.629,340.074,622.235,0.475324,0.546537,1.8037,5.336,8.664
2026-06-27 16:33:26.233,Debug,4253.85,3769.23,4375,130,112,18,18,0.8,0.517528,0.829664,758,710,993,957,768,726,1053,1001,828,717,1018,991,111,27,734,1004,-270,734,975,-241,747,1027,-280,772.5,1004.5,-232,172.595,358.647,344.384,618.6,0.48124,0.556716,1.8127,5.364,12.636
2026-06-27 16:33:26.342,Debug,4242.42,3712.12,4375,132,112,20,20,0.8,0.495659,0.861442,767,712,1009,958,810,729,1053,1001,831,720,1018,991,111,27,739.5,1004,-264.5,739.5,983.5,-244,769.5,1027,-257.5,775.5,1004.5,-229,177.892,349.892,341.335,619.989,0.50842,0.55055,1.82143,5.364,14.636
2026-06-27 16:33:26.497,Debug,4279.62,3740.46,4414.41,131,111,20,20,0.8,0.538208,0.807682,765,710,992,957,808,727,1053,1000,828,718,1018,938,110,80,737.5,1003.5,-266,737.5,974.5,-237,767.5,1026.5,-259,773,978,-205,174.276,342.897,322.907,208.59,0.508247,1.54805,1.0277,5.392,14.608
2026-06-27 16:33:26.561,Debug,4271.65,3858.27,4375,127,112,15,15,0.8,0.633208,0.825513,759,706,1012,959,804,722,1053,1000,824,713,1018,991,111,27,732.5,1054.5,-322,732.5,985.5,-253,763,1026.5,-263.5,768.5,1004.5,-236,182.79,347.474,312.935,596.78,0.526053,0.524372,1.71559,5.364,9.636
2026-06-27 16:33:26.650,Debug,4246.8,3888.89,4336.28,126,113,13,13,0.8,0.657592,0.838688,765,710,770,959,808,726,814,1001,829,717,1018,991,112,27,737.5,1054,-316.5,737.5,864.5,-127,767,907.5,-140.5,773,1004.5,-231.5,191.285,344.523,330.749,569.437,0.555218,0.580836,1.68005,5.336,7.664
2026-06-27 16:33:26.720,Debug,4265.62,3828.12,4375,128,112,16,16,0.8,0.712608,0.825358,765,712,1011,959,810,729,1053,1000,830,720,1018,991,110,27,738.5,1054.5,-316,738.5,985,-246.5,769.5,1026.5,-257,775,1004.5,-229.5,171.551,342.682,307.521,587.401,0.500613,0.523528,1.74031,5.364,10.636
2026-06-27 16:33:26.787,Debug,4248.09,3740.46,4375,131,112,19,19,0.8,0.506385,0.809545,757,702,992,957,802,720,1054,1001,822,711,1019,991,111,28,729.5,1003.5,-274,729.5,974.5,-245,761,1027.5,-266.5,766.5,1005,-238.5,167.477,344.037,325.178,583.927,0.4868,0.556881,1.77728,5.364,13.636
2026-06-27 16:33:26.939,Debug,4279.62,3740.46,4414.41,131,111,20,20,0.8,0.524853,0.825981,767,711,1009,958,810,729,1053,1001,830,720,1018,991,110,27,739,1003.5,-264.5,739,983.5,-244.5,769.5,1027,-257.5,775,1004.5,-229.5,175.032,346.876,346.45,592.577,0.504595,0.584649,1.79922,5.392,14.608
2026-06-27 16:33:27.022,Debug,4297.16,3828.12,4414.41,128,111,17,17,0.8,0.664769,0.81383,764,709,1010,959,808,726,1054,1000,828,717,1018,991,111,27,736.5,1054.5,-318,736.5,984.5,-248,767,1027,-260,772.5,1004.5,-232,198.302,358.428,327.681,616.693,0.553253,0.531352,1.69629,5.392,11.608
2026-06-27 16:33:27.127,Debug,4217.12,3740.46,4336.28,131,113,18,18,0.8,0.507313,0.850611,760,704,1008,957,803,722,1053,1001,825,713,1018,991,112,27,732,1003.5,-271.5,732,982.5,-250.5,762.5,1027,-264.5,769,1004.5,-235.5,181.395,350.781,349.372,618.695,0.517118,0.564691,1.81907,5.336,12.664
2026-06-27 16:33:27.213,Debug,4271.65,3858.27,4375,127,112,15,15,0.8,0.49105,0.830546,762,710,1010,958,808,726,1053,1000,828,717,1018,991,111,27,736,1054,-318,736,984,-248,767,1026.5,-259.5,772.5,1004.5,-232,178.564,344.346,313.938,635.323,0.51856,0.494139,1.81534,5.364,9.636
2026-06-27 16:33:27.311,Debug,4211.45,3712.12,4336.28,132,113,19,19,0.8,0.5245,0.858881,760,705,768,958,804,722,812,1001,824,713,1018,991,111,27,732.5,1003.5,-271,732.5,863,-130.5,763,906.5,-143.5,768.5,1004.5,-236,179.145,352.815,349.89,630.525,0.50776,0.554919,1.84302,5.336,13.664
2026-06-27 16:33:27.377,Debug,4253.85,3769.23,4375,130,112,18,18,0.8,0.506465,0.820084,764,709,1009,957,808,726,1054,1000,828,717,1018,991,111,27,736.5,1004,-267.5,736.5,983,-246.5,767,1027,-260,772.5,1004.5,-232,170.517,357.236,329.458,604.834,0.477324,0.544708,1.77032,5.364,12.636
2026-06-27 16:33:27.498,Debug,4234.65,3828.12,4336.28,128,113,15,15,0.8,0.593918,0.87229,754,707,769,957,769,722,811,1000,825,713,1018,991,112,27,730.5,1054.5,-324,730.5,863,-132.5,745.5,905.5,-160,769,1004.5,-235.5,177.878,361.044,343.234,619.102,0.492677,0.554406,1.78567,5.336,9.664
2026-06-27 16:33:27.569,Debug,4285.38,3769.23,4414.41,130,111,19,19,0.8,0.823989,0.808015,763,709,1009,958,808,726,1053,1000,828,717,1018,991,111,27,736,1055,-319,736,983.5,-247.5,767,1026.5,-259.5,772.5,1004.5,-232,194.463,353.836,340.574,624.119,0.549586,0.545688,1.75943,5.392,13.608
2026-06-27 16:33:27.633,Debug,4291.22,3798.45,4414.41,129,111,18,18,0.8,0.611813,0.829112,762,714,768,959,810,729,813,1000,830,720,1018,991,110,27,738,1055,-317,738,863.5,-125.5,769.5,906.5,-137,775,1004.5,-229.5,181.142,364.29,356.029,613.86,0.497247,0.579983,1.7782,5.392,12.608
2026-06-27 16:33:27.732,Debug,4285.38,3769.23,4414.41,130,111,19,19,0.8,0.54531,0.833099,763,709,749,957,808,726,812,1001,828,717,1018,991,111,27,736,1004,-268,736,853,-117,767,906.5,-139.5,772.5,1004.5,-232,187.957,356.996,368.215,614.757,0.526497,0.598961,1.80377,5.392,13.608
2026-06-27 16:33:27.835,Debug,4253.85,3769.23,4375,130,112,18,18,0.8,0.526603,0.818804,766,712,1007,957,810,729,1053,1001,831,719,1018,939,112,79,739,1004,-265,739,982,-243,769.5,1027,-257.5,775,978.5,-203.5,180.892,355.682,334.046,209.587,0.508579,1.59383,1.01316,5.364,12.636
2026-06-27 16:33:27.934,Debug,4279.62,3740.46,4414.41,131,111,20,20,0.8,0.468816,0.833609,758,703,747,956,801,720,812,1001,822,711,1018,938,111,80,730.5,1003.5,-273,730.5,851.5,-121,760.5,906.5,-146,766.5,978,-211.5,200.903,359.223,352.456,211.439,0.559271,1.66694,1.00673,5.392,14.608
2026-06-27 16:33:28.021,Debug,4228.72,3798.45,4336.28,129,113,16,16,0.8,0.578059,0.848981,766,712,768,958,810,729,814,1000,831,719,1018,991,112,27,739,1055,-316,739,863,-124,769.5,907,-137.5,775,1004.5,-229.5,179.319,361.678,360.435,626.465,0.495798,0.575347,1.82422,5.336,10.664
2026-06-27 16:33:28.123,Debug,4217.12,3740.46,4336.28,131,113,18,18,0.8,0.522101,0.878554,753,703,992,957,768,720,1054,1001,822,711,1018,991,111,27,728,1003.5,-275.5,728,974.5,-246.5,744,1027.5,-283.5,766.5,1004.5,-238,182.025,371.88,382.448,628.229,0.489472,0.608771,1.82464,5.336,12.664
2026-06-27 16:33:28.198,Debug,4248.09,3740.46,4375,131,112,19,19,0.8,0.489252,0.843006,765,711,1008,957,810,729,1053,1001,830,720,1018,938,110,80,738,1003.5,-265.5,738,982.5,-244.5,769.5,1027,-257.5,775,978,-203,186.48,379.943,391.473,211.135,0.49081,1.85414,1.06389,5.364,13.636
2026-06-27 16:33:28.296,Debug,4242.42,3712.12,4375,132,112,20,20,0.8,0.561758,0.819314,757,701,767,957,801,720,812,1000,822,710,1018,991,112,27,729,1003.5,-274.5,729,862,-133,760.5,906,-145.5,766,1004.5,-238.5,203.769,389.74,407.116,658.691,0.522834,0.618069,1.79577,5.364,14.636
2026-06-27 16:33:28.402,Debug,4291.22,3798.45,4414.41,129,111,18,18,0.8,0.610743,0.807383,760,702,765,957,803,722,812,1000,824,713,1018,991,111,27,731,1055,-324,731,861,-130,762.5,906,-143.5,768.5,1004.5,-236,203.627,380.138,397.57,684.043,0.535667,0.581207,1.85282,5.392,12.608
2026-06-27 16:33:28.477,Debug,4242.42,3712.12,4375,132,112,20,20,0.8,0.465151,0.842464,763,708,991,954,807,726,1053,1001,828,717,1018,938,111,80,735.5,1003.5,-268,735.5,972.5,-237,766.5,1027,-260.5,772.5,978,-205.5,187.573,395.921,414.397,245.964,0.473765,1.68479,1.13174,5.364,14.636
2026-06-27 16:33:28.572,Debug,4211.45,3712.12,4336.28,132,113,19,19,0.8,0.506353,0.844667,761,713,767,956,810,760,811,1001,1077,720,1018,991,357,27,737,1003,-266,737,861.5,-124.5,785,906,-121,898.5,1004.5,-106,381.616,298.327,314.833,525.492,1.27919,0.599121,1.23588,5.336,13.664
2026-06-27 16:33:28.680,Debug,4253.85,3769.23,4375,130,112,18,18,0.8,0.811962,0.853053,762,709,1008,957,807,726,1053,1000,1075,717,1018,991,358,27,735.5,1055,-319.5,735.5,982.5,-247,766.5,1026.5,-260,896,1004.5,-108.5,293.604,227.774,225.354,395.046,1.28902,0.57045,1.18993,5.364,12.636
2026-06-27 16:33:28.876,Debug,4291.22,3798.45,4414.41,129,111,18,18,0.8,0.754573,0.814613,758,677,993,956,801,719,1053,1000,821,710,1018,991,111,27,717.5,1054.5,-337,717.5,974.5,-257,760,1026.5,-266.5,765.5,1004.5,-239,76.8473,143.128,146.623,255.245,0.536914,0.574441,1.82688,5.392,12.608
2026-06-27 16:33:28.992,Debug,4242.42,3712.12,4375,132,112,20,20,0.8,0.463278,0.870745,762,713,768,939,809,729,814,1000,1078,720,1018,938,358,80,737.5,1004,-266.5,737.5,853.5,-116,769,907,-138,899,978,-79,167.196,125.53,132.836,79.6129,1.33192,1.66852,0.725761,5.364,14.636
2026-06-27 16:33:29.164,Debug,4346.47,4260.87,4375,115,112,3,3,0.75,0.863796,0.844068,763,711,992,954,810,728,1053,1000,830,719,1018,938,111,80,737,745,-8,737,973,-236,769,1026.5,-257.5,774.5,978,-203.5,53.6173,113.261,114.134,63.0211,0.473395,1.81105,1.06158,5.364,-2.364
2026-06-27 16:33:29.237,Debug,4285.38,3769.23,4414.41,130,111,19,19,0.8,0.586636,0.803303,761,685,1006,956,807,726,1053,1000,828,717,1018,991,111,27,723,981,-258,723,981,-258,766.5,1026.5,-260,772.5,1004.5,-232,155.903,318.475,325.546,565.722,0.48953,0.575452,1.87881,5.392,13.608
2026-06-27 16:33:29.335,Debug,4285.38,3769.23,4414.41,130,111,19,19,0.8,0.520138,0.804329,758,703,763,955,803,722,811,1001,824,713,1018,937,111,81,730.5,859,-128.5,730.5,859,-128.5,762.5,906,-143.5,768.5,977.5,-209,205.451,419.746,458.011,245.668,0.489466,1.86435,1.12553,5.392,13.608
2026-06-27 16:33:29.538,Debug,4211.45,3712.12,4336.28,132,113,19,19,0.8,0.528241,0.852453,764,711,765,955,810,728,811,1001,831,719,1017,991,112,26,737.5,1003.5,-266,737.5,860,-122.5,769,906,-137,775,1004,-229,188.508,413.424,451.014,753.222,0.455967,0.598779,2.00062,5.336,13.664
2026-06-27 16:33:29.618,Debug,4242.42,3712.12,4375,132,112,20,20,0.8,0.486348,0.833201,756,699,1008,956,801,719,1053,1000,821,710,1018,938,111,80,727.5,1003.5,-276,727.5,982,-254.5,760,1026.5,-266.5,765.5,978,-212.5,204.676,411.55,426.887,238.346,0.497328,1.79104,1.07953,5.364,14.636
2026-06-27 16:33:29.705,Debug,4367.98,3858.27,4495.41,127,109,18,18,0.8,0.527792,0.770784,764,689,1006,955,810,728,1053,1001,830,719,1018,938,111,80,726.5,980.5,-254,726.5,980.5,-254,769,1027,-258,774.5,978,-203.5,202.065,411.705,435.454,242.59,0.490801,1.79502,1.10472,5.448,12.552
2026-06-27 16:33:29.794,Debug,4242.42,3712.12,4375,132,112,20,20,0.8,0.516149,0.848623,761,707,993,956,807,726,1053,1000,828,717,1018,938,111,80,734,1003.5,-269.5,734,974.5,-240.5,766.5,1026.5,-260,772.5,978,-205.5,201.757,401.586,425.028,234.25,0.502402,1.81442,1.09271,5.364,14.636
2026-06-27 16:33:29.910,Debug,4248.09,3740.46,4375,131,112,19,19,0.8,0.512547,0.844073,759,702,770,940,803,722,814,1001,824,713,1018,938,111,80,730.5,1003.5,-273,730.5,855,-124.5,762.5,907.5,-145,768.5,978,-209.5,199.851,403.052,429.616,255.57,0.495845,1.68101,1.13648,5.364,13.636
2026-06-27 16:33:29.989,Debug,4291.22,3798.45,4414.41,129,111,18,18,0.8,0.546083,0.845989,762,710,767,956,807,726,811,1001,829,717,1017,991,112,26,736,861.5,-125.5,736,861.5,-125.5,766.5,906,-139.5,773,1004,-231,189.691,381.326,388.548,678.879,0.497451,0.572337,1.86934,5.392,12.608
2026-06-27 16:33:30.082,Debug,4271.65,3858.27,4375,127,112,15,15,0.8,0.656836,0.842011,760,704,1008,958,803,722,1053,1000,824,713,1018,991,111,27,732,1054.5,-322.5,732,983,-251,762.5,1026.5,-264,768.5,1004.5,-236,182.589,374.598,370.005,665.244,0.487427,0.556195,1.85799,5.364,9.636
2026-06-27 16:33:30.164,Debug,4242.42,3712.12,4375,132,112,20,20,0.8,0.502912,0.853129,763,708,762,957,807,726,813,1001,829,717,1018,991,112,27,735.5,1003,-267.5,735.5,859.5,-124,766.5,907,-140.5,773,1004.5,-231.5,186.284,365.943,385.786,653.155,0.509051,0.59065,1.88136,5.364,14.636
2026-06-27 16:33:30.278,Debug,4285.38,3769.23,4414.41,130,111,19,19,0.8,0.531042,0.823086,765,714,1011,958,810,729,1053,1000,830,720,1018,991,110,27,739.5,1003.5,-264,739.5,984.5,-245,769.5,1026.5,-257,775,1004.5,-229.5,184.922,338.319,307.621,584.189,0.546589,0.526577,1.7044,5.392,13.608
2026-06-27 16:33:30.370,Debug,4248.09,3740.46,4375,131,112,19,19,0.8,0.525242,0.823372,758,704,1010,958,802,752,1053,1001,823,711,1018,991,112,27,731,1003.5,-272.5,731,984,-253,777,1027,-250,767,1004.5,-237.5,171.194,313.591,290.451,550.784,0.545914,0.527341,1.73528,5.364,13.636
2026-06-27 16:33:30.438,Debug,4285.38,3769.23,4414.41,130,111,19,19,0.8,0.670538,0.813882,759,707,1011,961,804,755,1053,1001,825,714,1018,991,111,27,733,1055.5,-322.5,733,986,-253,779.5,1027,-247.5,769.5,1004.5,-235,158.021,292.648,262.357,502.742,0.539969,0.521852,1.6977,5.392,13.608
2026-06-27 16:33:30.543,Debug,4242.42,3712.12,4375,132,112,20,20,0.8,0.751524,0.851659,758,706,1013,961,802,753,1053,1000,823,712,1018,991,111,27,732,1056,-324,732,987,-255,777.5,1026.5,-249,767.5,1004.5,-237,160.259,278.686,229.892,481.908,0.575053,0.477045,1.62162,5.364,14.636
2026-06-27 16:33:30.642,Debug,4265.62,3828.12,4375,128,112,16,16,0.8,0.69774,0.839909,768,717,1010,960,812,762,1054,1000,833,721,1018,991,112,27,742.5,1055,-312.5,742.5,985,-242.5,787,1027,-240,777,1004.5,-227.5,167.716,269.812,215.912,443.243,0.621601,0.487119,1.50654,5.364,10.636
2026-06-27 16:33:30.725,Debug,4291.22,3798.45,4414.41,129,111,18,18,0.8,0.649239,0.832648,763,714,769,961,809,760,812,1001,830,719,802,991,111,-189,738.5,1055.5,-317,738.5,865,-126.5,784.5,906.5,-122,774.5,896.5,-122,161.389,272.716,106.741,485.811,0.591787,0.219716,1.365,5.392,12.608
2026-06-27 16:33:30.836,Debug,4297.16,3828.12,4414.41,128,111,17,17,0.8,0.593773,0.833884,761,715,767,959,772,761,811,1001,833,720,1018,991,113,27,738,1055,-317,738,863,-125,766.5,906,-139.5,776.5,1004.5,-228,168.923,299.564,275.157,525.151,0.563895,0.523958,1.70828,5.392,11.608
2026-06-27 16:33:30.916,Debug,4285.38,3769.23,4414.41,130,111,19,19,0.8,0.526704,0.818312,757,706,744,957,801,752,814,1001,823,711,1019,991,112,28,731.5,850.5,-119,731.5,850.5,-119,776.5,907.5,-131,767,1005,-238,173.691,309.492,290.927,526.867,0.561212,0.552183,1.69251,5.392,13.608
2026-06-27 16:33:31.038,Debug,4248.09,3740.46,4375,131,112,19,19,0.8,0.734926,0.842768,766,715,769,959,811,761,812,1001,832,721,1018,991,111,27,740.5,1056,-315.5,740.5,864,-123.5,786,906.5,-120.5,776.5,1004.5,-228,158.99,298.185,274.649,524.771,0.533193,0.52337,1.74861,5.364,13.636
2026-06-27 16:33:31.114,Debug,4285.38,3769.23,4414.41,130,111,19,19,0.8,0.531712,0.829074,762,713,767,958,808,727,814,1001,829,718,1019,991,111,28,737.5,862.5,-125,737.5,862.5,-125,767.5,907.5,-140,773.5,1005,-231.5,173.553,318.634,295.135,534.292,0.544677,0.552386,1.68519,5.392,13.608
2026-06-27 16:33:31.219,Debug,4242.42,3712.12,4375,132,112,20,20,0.8,0.478127,0.851094,764,714,765,956,811,729,812,1001,831,720,1018,991,111,27,739,1003.5,-264.5,739,860.5,-121.5,770,906.5,-136.5,775.5,1004.5,-229,180.365,348.155,330.521,618.523,0.518059,0.534372,1.79567,5.364,14.636
2026-06-27 16:33:31.307,Debug,4248.09,3740.46,4375,131,112,19,19,0.8,0.451151,0.850409,755,702,992,941,801,720,1054,1001,821,711,1018,938,110,80,728.5,1003.5,-275,728.5,966.5,-238,760.5,1027.5,-267,766,978,-212,196.618,403.68,424.385,254.786,0.487063,1.66565,1.13139,5.364,13.636
2026-06-27 16:33:31.396,Debug,4279.62,3740.46,4414.41,131,111,20,20,0.8,0.510721,0.81734,763,708,767,956,809,728,811,1001,830,719,1018,938,111,80,735.5,1003.5,-268,735.5,861.5,-126,768.5,906,-137.5,774.5,978,-203.5,192.202,424.545,462.248,247.161,0.452726,1.87023,1.15024,5.392,14.608
2026-06-27 16:33:31.497,Debug,4242.42,3712.12,4375,132,112,20,20,0.8,0.492493,0.839657,755,701,770,955,801,719,813,1000,821,710,1018,938,111,80,728,1003.5,-275.5,728,862.5,-134.5,760,906.5,-146.5,765.5,978,-212.5,197.159,407.472,433.544,242.355,0.48386,1.78888,1.11787,5.364,14.636
2026-06-27 16:33:31.592,Debug,4205.87,3684.21,4336.28,133,113,20,20,0.8,0.476213,0.86232,765,712,741,939,810,728,811,1001,831,719,1018,938,112,80,738.5,1003.5,-265,738.5,840,-101.5,769,906,-137,775,978,-203,203.958,400.322,433.403,265.959,0.509486,1.62959,1.15735,5.336,14.664
2026-06-27 16:33:31.672,Debug,4279.62,3740.46,4414.41,131,111,20,20,0.8,0.48302,0.847422,760,709,992,940,807,726,1053,1001,828,717,1018,938,111,80,734.5,1003.5,-269,734.5,966,-231.5,766.5,1027,-260.5,772.5,978,-205.5,212.919,415.244,436.8,261.869,0.512756,1.66801,1.11224,5.392,14.608
2026-06-27 16:33:31.774,Debug,4285.38,3769.23,4414.41,130,111,19,19,0.8,0.423219,0.844866,765,709,763,938,810,728,812,1001,830,719,1018,937,111,81,737,850.5,-113.5,737,850.5,-113.5,769,906.5,-137.5,774.5,977.5,-203,211.899,423.049,463.43,284.296,0.500886,1.6301,1.17762,5.392,13.608
2026-06-27 16:33:31.866,Debug,4463.59,4336.28,4495.41,113,109,4,4,0.8,0.866031,0.76654,763,686,992,682,807,726,1053,697,827,716,1018,938,111,80,724.5,744.5,-20,724.5,837,-112.5,766.5,875,-108.5,771.5,978,-206.5,221.685,454.6,503.038,269.944,0.487647,1.86349,1.14298,5.448,-1.448
2026-06-27 16:33:31.942,Debug,4317.48,3769.23,4454.55,130,110,20,20,0.8,0.445776,0.792014,765,688,743,939,809,728,782,1001,829,719,1017,937,110,80,726.5,841,-114.5,726.5,841,-114.5,768.5,891.5,-123,774,977,-203,218.456,457.49,531.684,285.409,0.477511,1.86288,1.20881,5.42,14.58
2026-06-27 16:33:32.090,Debug,4426.84,4152.54,4495.41,118,109,9,9,0.8,0.836109,0.759518,757,679,766,681,801,719,783,697,820,710,1018,937,110,81,718,723.5,-5.5,718,723.5,-5.5,760,740,20,765,977.5,-212.5,230.542,465.624,554.611,272.636,0.495126,2.03425,1.18829,5.448,3.552
2026-06-27 16:33:32.160,Debug,4317.48,3769.23,4454.55,130,110,20,20,0.8,0.45922,0.758917,758,682,764,939,803,722,782,1001,823,713,1018,938,110,80,720,851.5,-131.5,720,851.5,-131.5,762.5,891.5,-129,768,978,-210,207.552,446.744,533.178,297.778,0.464588,1.79052,1.27,5.42,14.58
2026-06-27 16:33:32.245,Debug,4344.83,4224.14,4375,116,112,4,4,0.8,0.78794,0.842734,754,700,766,682,800,719,782,697,821,710,1018,938,111,80,727,745,-18,727,724,3,759.5,739.5,20,765.5,978,-212.5,204.882,451.233,522.256,316.475,0.45405,1.65023,1.27833,5.364,-1.364
2026-06-27 16:33:32.340,Debug,4356.02,3798.45,4495.41,129,109,20,20,0.8,0.344483,0.768571,766,688,742,938,809,728,781,1001,830,719,1018,937,111,81,727,840,-113,727,840,-113,768.5,891,-122.5,774.5,977.5,-203,221.205,476.059,555.611,340.129,0.46466,1.63353,1.28465,5.448,14.552
2026-06-27 16:33:32.417,Debug,4356.02,3798.45,4495.41,129,109,20,20,0.8,0.323112,0.763416,763,686,742,937,807,725,782,1001,827,716,1017,937,111,80,724.5,839.5,-115,724.5,839.5,-115,766,891.5,-125.5,771.5,977,-205.5,230.966,490.388,601.608,329.621,0.470986,1.82515,1.29095,5.448,14.552
2026-06-27 16:33:32.515,Debug,4448.5,4260.87,4495.41,115,109,6,6,0.8,0.88421,0.764419,760,689,744,681,778,728,812,697,829,719,1017,937,110,80,724.5,712.5,12,724.5,712.5,12,753,754.5,-1.5,774,977,-203,229.889,516.187,648.271,343.437,0.445361,1.8876,1.32923,5.448,0.552
2026-06-27 16:33:32.610,Debug,4415.81,4260.87,4454.55,115,110,5,5,0.8,0.82203,0.789706,762,686,743,680,807,725,782,697,827,716,1018,938,111,80,724,745,-21,724,711.5,12.5,766,739.5,26.5,771.5,978,-206.5,235.785,515.382,623.8,358.013,0.457496,1.74239,1.30705,5.42,-0.42
2026-06-27 16:33:32.718,Debug,4424.98,4336.28,4454.55,113,110,3,3,0.75,0.884638,0.797592,765,689,764,657,809,728,812,697,830,718,1018,937,112,81,727,710.5,16.5,727,710.5,16.5,768.5,754.5,14,774,977.5,-203.5,230.643,489.11,583.083,329.144,0.471557,1.77151,1.26742,5.42,-2.42
2026-06-27 16:33:32.778,Debug,4455.98,4298.25,4495.41,114,109,5,5,0.8,0.814313,0.770038,765,685,741,679,807,725,781,697,827,716,1017,937,111,80,725,710,15,725,710,15,766,739,27,771.5,977,-205.5,246.571,505.639,624.621,361.306,0.487643,1.72878,1.31071,5.448,-0.448
2026-06-27 16:33:32.888,Debug,4433.94,4188.03,4495.41,117,109,8,8,0.8,0.865187,0.769062,758,682,740,656,803,721,783,697,823,712,1018,937,111,81,720,745.5,-25.5,720,698,22,762,740,22,767.5,977.5,-210,245.538,525.225,680.422,344.778,0.46749,1.97351,1.33011,5.448,2.552
2026-06-27 16:33:32.978,Debug,4463.59,4336.28,4495.41,113,109,4,4,0.8,0.870697,0.766055,763,686,743,681,806,725,781,698,826,716,1018,937,110,81,724.5,712,12.5,724.5,712,12.5,765.5,739.5,26,771,977.5,-206.5,246.942,545.698,685.695,368.892,0.452525,1.8588,1.33047,5.448,-1.448
2026-06-27 16:33:33.085,Debug,4415.81,4260.87,4454.55,115,110,5,5,0.8,0.840031,0.779054,759,682,747,681,803,721,781,697,823,712,1018,938,111,80,720.5,745,-24.5,720.5,714,6.5,762,739,23,767.5,978,-210.5,237.75,526.221,668.273,372.522,0.451806,1.79392,1.36235,5.42,-0.42
2026-06-27 16:33:33.201,Debug,4441.16,4224.14,4495.41,116,109,7,7,0.8,0.865847,0.780257,762,687,742,677,807,725,782,697,827,716,1018,938,111,80,724.5,745.5,-21,724.5,709.5,15,766,739.5,26.5,771.5,978,-206.5,259.35,525.928,664.237,386.539,0.493128,1.71842,1.33809,5.448,1.552
2026-06-27 16:33:33.265,Debug,4463.59,4336.28,4495.41,113,109,4,4,0.8,0.861466,0.765067,765,688,742,681,809,728,781,697,829,718,1018,937,111,81,726.5,711.5,15,726.5,711.5,15,768.5,739,29.5,773.5,977.5,-204,244.024,541.297,682.134,368.278,0.450813,1.85223,1.33756,5.448,-1.448
2026-06-27 16:33:33.375,Debug,4441.16,4224.14,4495.41,116,109,7,7,0.8,0.798016,0.777525,755,679,741,680,800,719,782,697,819,709,1018,938,110,80,717,745,-28,717,710.5,6.5,759.5,739.5,20,764,978,-214,249.618,534.454,668.757,392.488,0.467053,1.70389,1.3535,5.448,1.552
2026-06-27 16:33:33.442,Debug,4455.98,4298.25,4495.41,114,109,5,5,0.8,0.80804,0.773106,764,689,739,657,809,728,780,697,829,719,1017,937,110,80,726.5,698,28.5,726.5,698,28.5,768.5,738.5,30,774,977,-203,242.919,522.582,656.319,389.51,0.464843,1.68499,1.3662,5.448,-0.448
2026-06-27 16:33:33.545,Debug,4448.5,4260.87,4495.41,115,109,6,6,0.8,0.953293,0.763942,753,680,745,679,800,719,782,697,820,710,1018,937,110,81,716.5,745,-28.5,716.5,712,4.5,759.5,739.5,20,765,977.5,-212.5,230.522,504.972,606.611,329.646,0.456505,1.84019,1.27296,5.448,0.552
2026-06-27 16:33:33.668,Debug,4463.59,4336.28,4495.41,113,109,4,4,0.8,0.798872,0.782233,764,689,741,681,809,728,780,697,829,719,1018,937,110,81,726.5,711,15.5,726.5,711,15.5,768.5,738.5,30,774,977.5,-203.5,226.902,484.535,574.435,343.507,0.468287,1.67227,1.29026,5.448,-1.448
2026-06-27 16:33:33.724,Debug,4471.11,4414.41,4495.41,111,109,2,2,0.7,0.867117,0.757916,762,686,764,681,807,726,782,697,827,716,1018,937,111,81,724,744.5,-20.5,724,722.5,1.5,766.5,739.5,27,771.5,977.5,-206,222.492,461.188,534.286,271.675,0.482433,1.96664,1.17886,5.448,-3.448
2026-06-27 16:33:33.822,Debug,4337.61,4188.03,4375,117,112,5,5,0.8,0.812568,0.85934,760,710,740,681,776,728,782,697,830,719,1018,937,111,81,735,710.5,24.5,735,710.5,24.5,752,739.5,12.5,774.5,977.5,-203,223.281,470.997,520.393,312.828,0.474061,1.66351,1.20012,5.364,-0.364
2026-06-27 16:33:33.949,Debug,4346.47,4260.87,4375,115,112,3,3,0.75,0.806812,0.848455,762,707,764,682,807,726,782,697,827,716,1018,938,111,80,734.5,744.5,-10,734.5,723,11.5,766.5,739.5,27,771.5,978,-206.5,211.506,462.74,526.603,304.613,0.457073,1.72876,1.23281,5.364,-2.364
2026-06-27 16:33:34.204,Debug,4383.71,4260.87,4414.41,115,111,4,4,0.8,0.931681,0.824497,758,702,768,940,803,722,782,1001,823,713,1018,938,110,80,730,745.5,-15.5,730,854,-124,762.5,891.5,-129,768,978,-210,216.671,461.907,528.802,289.661,0.469078,1.82559,1.20614,5.392,-1.392
2026-06-27 16:33:34.295,Debug,4415.81,4260.87,4454.55,115,110,5,5,0.8,0.907604,0.779361,755,680,991,939,801,719,1054,1001,821,710,1018,938,111,80,717.5,745,-27.5,717.5,965,-247.5,760,1027.5,-267.5,765.5,978,-212.5,219.398,474.503,559.203,303.363,0.462375,1.84334,1.24307,5.42,-0.42
2026-06-27 16:33:34.409,Debug,4401.24,4188.03,4454.55,117,110,7,7,0.8,0.843629,0.787119,766,688,765,681,810,728,781,697,830,719,1017,937,111,80,727,723,4,727,723,4,769,739,30,774.5,977,-202.5,236.26,480.2,561.967,322.928,0.492004,1.74022,1.23509,5.42,1.58
2026-06-27 16:33:34.507,Debug,4441.16,4224.14,4495.41,116,109,7,7,0.8,0.949236,0.764239,763,686,744,678,807,725,783,697,827,716,1018,688,111,330,724.5,745,-20.5,724.5,711,13.5,766,740,26,771.5,853,-81.5,228.194,473.322,586.289,272.595,0.482111,2.15077,1.22433,5.448,1.552
2026-06-27 16:33:34.578,Debug,4415.81,4260.87,4454.55,115,110,5,5,0.8,0.927084,0.791888,759,683,991,939,803,722,1054,1001,823,712,1018,938,111,80,721,745,-24,721,965,-244,762.5,1027.5,-265,767.5,978,-210.5,231.56,481.782,576.093,306.938,0.480633,1.8769,1.23788,5.42,-0.42
2026-06-27 16:33:34.681,Debug,4463.59,4336.28,4495.41,113,109,4,4,0.8,0.88501,0.759289,764,685,992,681,807,726,1053,697,827,716,1018,938,111,80,724.5,744.5,-20,724.5,836.5,-112,766.5,875,-108.5,771.5,978,-206.5,232.48,474.531,554.012,294.979,0.489916,1.87814,1.20082,5.448,-1.448
2026-06-27 16:33:34.765,Debug,4448.5,4260.87,4495.41,115,109,6,6,0.8,0.734206,0.777056,765,689,744,681,809,728,782,697,829,719,1018,938,110,80,727,744.5,-17.5,727,712.5,14.5,768.5,739.5,29,774,978,-204,229.04,485.402,562.995,334.242,0.471857,1.68439,1.25586,5.448,0.552
2026-06-27 16:33:34.885,Debug,4337.61,4188.03,4375,117,112,5,5,0.8,0.817139,0.838783,755,699,741,681,800,719,782,697,821,710,1018,938,111,80,727,745.5,-18.5,727,711,16,759.5,739.5,20,765.5,978,-212.5,214.974,475.269,565.094,337.208,0.45232,1.6758,1.30722,5.364,-0.364
2026-06-27 16:33:34.945,Debug,4356.02,3798.45,4495.41,129,109,20,20,0.8,0.354983,0.774143,764,688,745,938,809,728,780,1001,830,719,1018,938,111,80,726,841.5,-115.5,726,841.5,-115.5,768.5,890.5,-122,774.5,978,-203.5,223.105,477.369,565.428,335.058,0.467364,1.68755,1.28554,5.448,14.552
2026-06-27 16:33:35.193,Debug,4337.61,4188.03,4375,117,112,5,5,0.8,0.870001,0.858711,757,701,742,681,803,722,783,697,823,712,1018,938,111,80,729,745.5,-16.5,729,711.5,17.5,762.5,740,22.5,767.5,978,-210.5,226.747,459.825,523.115,313.165,0.493116,1.67041,1.21805,5.364,-0.364
2026-06-27 16:33:35.254,Debug,4323.33,3798.45,4454.55,129,110,19,19,0.8,0.500798,0.770413,756,679,763,955,800,719,781,1001,820,710,1018,938,110,80,717.5,859,-141.5,717.5,859,-141.5,759.5,891,-131.5,765,978,-213,217.085,467.955,545.304,273.508,0.463902,1.99374,1.19528,5.42,13.58
2026-06-27 16:33:35.325,Debug,4317.48,3769.23,4454.55,130,110,20,20,0.8,0.433866,0.792117,764,688,767,939,809,728,783,1001,830,719,1018,938,111,80,726,853,-127,726,853,-127,768.5,892,-123.5,774.5,978,-203.5,220.351,466.407,567.598,306.175,0.472443,1.85384,1.27232,5.42,14.58
2026-06-27 16:33:35.431,Debug,4448.5,4260.87,4495.41,115,109,6,6,0.8,0.800687,0.762685,756,680,743,682,800,719,782,697,821,710,1017,938,111,79,718,712.5,5.5,718,712.5,5.5,759.5,739.5,20,765.5,977.5,-212,225.722,475.703,564.883,319.075,0.474502,1.77038,1.26023,5.448,0.552
2026-06-27 16:33:35.534,Debug,4424.98,4336.28,4454.55,113,110,3,3,0.75,0.885009,0.768482,758,682,765,681,803,721,782,697,823,712,1018,938,111,80,720,744.5,-24.5,720,723,-3,762,739.5,22.5,767.5,978,-210.5,222.589,478.195,556.59,292.2,0.465478,1.90482,1.2112,5.42,-2.42
2026-06-27 16:33:35.605,Debug,4448.5,4260.87,4495.41,115,109,6,6,0.8,0.744087,0.776375,762,686,746,681,807,725,782,697,827,716,1018,938,111,80,724,744.5,-20.5,724,713.5,10.5,766,739.5,26.5,771.5,978,-206.5,229.065,473.899,537.049,317.293,0.483362,1.6926,1.21534,5.448,0.552
2026-06-27 16:33:35.737,Debug,4356.02,3798.45,4495.41,129,109,20,20,0.8,0.330663,0.759606,765,689,764,938,809,728,782,1001,829,719,1018,937,110,81,727,851,-124,727,851,-124,768.5,891.5,-123,774,977.5,-203.5,223.955,466.719,562.015,329.24,0.479849,1.70701,1.29042,5.448,14.552
2026-06-27 16:33:35.806,Debug,4455.98,4298.25,4495.41,114,109,5,5,0.8,0.917574,0.765223,762,685,767,939,807,726,782,1000,827,716,1018,938,111,80,723.5,744.5,-21,723.5,853,-129.5,766.5,891,-124.5,771.5,978,-206.5,228.876,460.733,525.383,289.638,0.496765,1.81393,1.18186,5.448,-0.448
2026-06-27 16:33:35.901,Debug,4361.96,3828.12,4495.41,128,109,19,19,0.8,0.45196,0.779308,759,682,746,952,803,722,811,1001,823,713,1017,937,110,80,720.5,849,-128.5,720.5,849,-128.5,762.5,906,-143.5,768,977,-209,235.847,462.175,531.907,284.58,0.510299,1.8691,1.16971,5.448,13.552
2026-06-27 16:33:36.078,Debug,4441.16,4224.14,4495.41,116,109,7,7,0.8,0.914763,0.778993,765,688,744,681,809,728,783,697,829,719,1018,938,110,80,726.5,746,-19.5,726.5,712.5,14,768.5,740,28.5,774,978,-204,238.795,476.079,588.528,318.89,0.501587,1.84555,1.26934,5.448,1.552
2026-06-27 16:33:36.178,Debug,4408.46,4224.14,4454.55,116,110,6,6,0.8,0.80499,0.7827,763,686,738,682,807,726,781,697,827,716,1018,937,111,81,724.5,744.5,-20,724.5,710,14.5,766.5,739,27.5,771.5,977.5,-206,227.704,483.92,576.205,347.637,0.47054,1.65749,1.29822,5.42,0.58
2026-06-27 16:33:36.289,Debug,4433.94,4188.03,4495.41,117,109,8,8,0.8,0.85619,0.742681,759,682,765,682,803,722,783,697,823,712,1018,938,111,80,720.5,723.5,-3,720.5,723.5,-3,762.5,740,22.5,767.5,978,-210.5,220.046,476.387,579.002,315.945,0.461907,1.83261,1.28504,5.448,2.552
2026-06-27 16:33:36.369,Debug,4455.98,4298.25,4495.41,114,109,5,5,0.8,0.902721,0.76826,763,686,992,940,807,726,1053,1000,827,716,1018,938,111,80,724.5,745,-20.5,724.5,966,-241.5,766.5,1026.5,-260,771.5,978,-206.5,229.963,461.89,522.352,289.025,0.497875,1.80729,1.17276,5.448,-0.448
2026-06-27 16:33:36.462,Debug,4455.98,4298.25,4495.41,114,109,5,5,0.8,0.882768,0.7734,764,689,744,658,809,728,782,697,829,719,1018,938,110,80,726.5,744.5,-18,726.5,701,25.5,768.5,739.5,29,774,978,-204,243.588,513.006,616.901,330.762,0.474825,1.86509,1.25254,5.448,-0.448
2026-06-27 16:33:36.553,Debug,4448.5,4260.87,4495.41,115,109,6,6,0.8,0.840033,0.760054,759,687,760,680,776,725,781,697,826,716,1018,937,110,81,723,720,3,723,720,3,750.5,739,11.5,771,977.5,-206.5,234.833,518.493,623.476,325.82,0.452915,1.91356,1.26014,5.448,0.552
2026-06-27 16:33:36.648,Debug,4455.98,4298.25,4495.41,114,109,5,5,0.8,0.841463,0.754353,766,688,741,680,809,728,780,697,829,719,1017,937,110,80,727,710.5,16.5,727,710.5,16.5,768.5,738.5,30,774,977,-203,228.907,501.926,599.771,361.841,0.456058,1.65756,1.31577,5.448,-0.448
2026-06-27 16:33:36.760,Debug,4448.5,4260.87,4495.41,115,109,6,6,0.8,0.917854,0.75936,755,679,767,681,800,719,782,697,820,710,1018,938,110,80,717,745,-28,717,724,-7,759.5,739.5,20,765,978,-213,213.826,477.752,554.899,300.765,0.447566,1.84496,1.23726,5.448,0.552
2026-06-27 16:33:36.814,Debug,4441.16,4224.14,4495.41,116,109,7,7,0.8,0.841514,0.749398,765,689,741,681,809,728,782,697,829,719,1018,938,110,80,727,745,-18,727,711,16,768.5,739.5,29,774,978,-204,236.376,490.323,574.348,345.083,0.482082,1.66438,1.26522,5.448,1.552
2026-06-27 16:33:36.953,Debug,4455.98,4298.25,4495.41,114,109,5,5,0.8,0.935468,0.777294,763,685,767,659,807,725,812,697,826,716,1018,937,110,81,724,745,-21,724,713,11,766,754.5,11.5,771,977.5,-206.5,243.927,507.52,597.814,323.549,0.480625,1.84768,1.22612,5.448,-0.448
2026-06-27 16:33:37.039,Debug,4415.81,4260.87,4454.55,115,110,5,5,0.8,0.889164,0.790918,759,682,745,679,803,721,782,696,823,712,1017,937,111,80,720.5,712,8.5,720.5,712,8.5,762,739,23,767.5,977,-209.5,247.87,514.143,654.635,392.615,0.482104,1.66737,1.37432,5.42,-0.42
2026-06-27 16:33:37.119,Debug,4441.16,4224.14,4495.41,116,109,7,7,0.8,0.868371,0.780363,754,679,744,680,800,719,782,696,820,710,1017,937,110,80,716.5,712,4.5,716.5,712,4.5,759.5,739,20.5,765,977,-212,240.762,529.482,670.751,358.55,0.454713,1.87073,1.33633,5.448,1.552
2026-06-27 16:33:37.211,Debug,4448.5,4260.87,4495.41,115,109,6,6,0.8,0.875898,0.784819,763,689,748,678,809,728,783,697,829,719,1018,938,110,80,726,745,-19,726,713,13,768.5,740,28.5,774,978,-204,238.692,512.381,641.512,332.403,0.465848,1.92992,1.2967,5.448,0.552
2026-06-27 16:33:37.295,Debug,4441.16,4224.14,4495.41,116,109,7,7,0.8,0.832353,0.774189,764,686,745,681,807,725,783,697,827,716,1017,938,111,79,725,713,12,725,713,12,766,740,26,771.5,977.5,-206,250.759,515.189,658.414,359.32,0.486731,1.83239,1.32872,5.448,1.552
2026-06-27 16:33:37.389,Debug,4489.28,4298.25,4537.04,114,108,6,6,0.8,0.939386,0.756255,764,689,767,679,809,728,782,697,829,719,1017,937,110,80,726.5,745,-18.5,726.5,723,3.5,768.5,739.5,29,774,977,-203,238.88,505.41,615.596,316.629,0.472646,1.94422,1.2525,5.476,0.524
2026-06-27 16:33:37.479,Debug,4441.16,4224.14,4495.41,116,109,7,7,0.8,0.909365,0.765528,755,680,743,679,800,719,783,697,820,710,1018,938,110,80,717.5,745.5,-28,717.5,711,6.5,759.5,740,19.5,765,978,-213,234.278,495.257,634.082,335.287,0.473043,1.89116,1.32875,5.448,1.552
2026-06-27 16:33:37.574,Debug,4401.24,4188.03,4454.55,117,110,7,7,0.8,0.890037,0.785345,764,689,741,657,809,728,783,697,829,719,1018,991,110,27,726.5,745.5,-19,726.5,699,27.5,768.5,740,28.5,774,1004.5,-230.5,221.19,490.083,597.888,885.903,0.451332,0.674891,2.0861,5.42,1.58
2026-06-27 16:33:37.657,Debug,4441.16,4224.14,4495.41,116,109,7,7,0.8,0.894195,0.788123,763,686,745,682,807,725,783,697,827,716,1018,938,111,80,724.5,745,-20.5,724.5,713.5,11,766,740,26,771.5,978,-206.5,232.983,485.976,602.746,321.407,0.479413,1.87533,1.2854,5.448,1.552
2026-06-27 16:33:37.753,Debug,4362.04,4152.54,4414.41,118,111,7,7,0.8,0.819168,0.82928,765,709,738,681,810,728,782,697,829,719,1018,937,110,81,737,745,-8,737,709.5,27.5,769,739.5,29.5,774,977.5,-203.5,222.014,477.957,548.345,324.076,0.464505,1.69202,1.24637,5.392,1.608
2026-06-27 16:33:37.863,Debug,4361.96,3828.12,4495.41,128,109,19,19,0.8,0.494469,0.758711,763,686,765,954,807,726,811,1001,827,716,1017,937,111,80,724.5,859.5,-135,724.5,859.5,-135,766.5,906,-139.5,771.5,977,-205.5,222.444,458.585,512.66,280.457,0.485065,1.82795,1.16459,5.448,13.552
2026-06-27 16:33:37.965,Debug,4242.42,3712.12,4375,132,112,20,20,0.8,0.507075,0.84155,754,703,741,681,769,722,783,697,823,713,1018,991,110,27,728.5,1003.5,-275,728.5,711,17.5,745.5,740,5.5,768,1004.5,-236.5,219.557,452.339,519.764,802.782,0.485381,0.647453,1.96838,5.364,14.636
2026-06-27 16:33:38.057,Debug,4394.14,4152.54,4454.55,118,110,8,8,0.8,0.843048,0.778649,762,686,738,682,807,726,782,697,827,716,1018,937,111,81,724,710,14,724,710,14,766.5,739.5,27,771.5,977.5,-206,215.418,461.181,541.046,320.104,0.467101,1.69022,1.27276,5.42,2.58
2026-06-27 16:33:38.349,Debug,4423.29,4298.25,4454.55,114,110,4,4,0.8,0.939063,0.794397,757,682,766,682,803,721,781,697,823,712,1018,938,111,80,719.5,744.5,-25,719.5,724,-4.5,762,739,23,767.5,978,-210.5,228.325,487.796,575.753,309.046,0.468074,1.863,1.23554,5.42,-1.42
2026-06-27 16:33:38.412,Debug,4463.59,4336.28,4495.41,113,109,4,4,0.8,0.938537,0.766179,763,686,744,658,806,725,781,697,826,716,1018,938,110,80,724.5,744.5,-20,724.5,701,23.5,765.5,739,26.5,771,978,-207,236.891,479.844,575.061,307.292,0.493683,1.87138,1.23107,5.448,-1.448
2026-06-27 16:33:38.529,Debug,4455.98,4298.25,4495.41,114,109,5,5,0.8,0.78684,0.769547,758,682,761,659,802,721,781,697,823,712,1018,937,111,81,720,710,10,720,710,10,761.5,739,22.5,767.5,977.5,-210,232.193,490.112,590.017,323.812,0.473755,1.8221,1.26516,5.448,-0.448
2026-06-27 16:33:38.612,Debug,4441.16,4224.14,4495.41,116,109,7,7,0.8,0.827681,0.75003,756,679,742,678,800,719,781,697,820,710,1017,937,110,80,717.5,710,7.5,717.5,710,7.5,759.5,739,20.5,765,977,-212,234.798,508.668,611.926,344.195,0.461593,1.77785,1.28603,5.448,1.552
2026-06-27 16:33:38.689,Debug,4448.5,4260.87,4495.41,115,109,6,6,0.8,0.937725,0.764613,766,688,767,681,809,728,782,697,828,719,1018,938,109,80,727,745.5,-18.5,727,724,3,768.5,739.5,29,773.5,978,-204.5,235.582,514.466,649.281,344.212,0.457916,1.88628,1.32457,5.448,0.552
2026-06-27 16:33:38.801,Debug,4463.59,4336.28,4495.41,113,109,4,4,0.8,0.864017,0.746217,757,679,746,680,800,719,781,697,820,710,1018,937,110,81,718,713,5,718,713,5,759.5,739,20.5,765,977.5,-212.5,228.82,516.027,640.637,335.762,0.443427,1.90801,1.31087,5.448,-1.448
2026-06-27 16:33:38.891,Debug,4441.16,4224.14,4495.41,116,109,7,7,0.8,0.908726,0.757942,761,686,743,679,807,725,783,697,827,716,1018,938,111,80,723.5,745,-21.5,723.5,711,12.5,766,740,26,771.5,978,-206.5,243.954,505.391,661.661,362.264,0.482704,1.82646,1.36643,5.448,1.552
2026-06-27 16:33:38.976,Debug,4408.46,4224.14,4454.55,116,110,6,6,0.8,0.878463,0.781186,759,682,745,681,803,722,813,697,823,712,1017,937,111,80,720.5,713,7.5,720.5,713,7.5,762.5,755,7.5,767.5,977,-209.5,233.025,507.232,637.975,341.878,0.459405,1.86609,1.32367,5.42,0.58
2026-06-27 16:33:39.076,Debug,4441.16,4224.14,4495.41,116,109,7,7,0.8,0.82937,0.756523,757,679,740,681,800,719,781,697,820,710,1018,937,110,81,718,745,-27,718,710.5,7.5,759.5,739,20.5,765,977.5,-212.5,230.107,508.44,636.583,375.829,0.452575,1.69381,1.37082,5.448,1.552
2026-06-27 16:33:39.167,Debug,4415.81,4260.87,4454.55,115,110,5,5,0.8,0.78952,0.792594,765,689,741,681,810,728,782,697,830,719,1018,938,111,80,727,745,-18,727,711,16,769,739.5,29.5,774.5,978,-203.5,239.68,508.231,633.821,361.117,0.471597,1.75517,1.33029,5.42,-0.42
2026-06-27 16:33:39.261,Debug,4423.29,4298.25,4454.55,114,110,4,4,0.8,0.908878,0.782962,762,686,766,658,807,725,782,697,827,716,1018,937,111,81,724,745,-21,724,712,12,766,739.5,26.5,771.5,977.5,-206,234.213,499.482,595.228,321.325,0.468911,1.85242,1.24923,5.42,-1.42
2026-06-27 16:33:39.372,Debug,4455.98,4298.25,4495.41,114,109,5,5,0.8,0.838263,0.771321,760,681,743,682,803,721,781,697,822,712,1018,937,110,81,720.5,712.5,8,720.5,712.5,8,762,739,23,767,977.5,-210.5,239.486,493.02,598.385,315.501,0.485753,1.89662,1.24762,5.448,-0.448
2026-06-27 16:33:39.447,Debug,4441.16,4224.14,4495.41,116,109,7,7,0.8,0.809898,0.769243,762,686,741,680,807,725,782,697,827,716,1018,938,111,80,724,745,-21,724,710.5,13.5,766,739.5,26.5,771.5,978,-206.5,232.026,481.004,579.581,334.795,0.482378,1.73115,1.28238,5.448,1.552
2026-06-27 16:33:39.575,Debug,4415.81,4260.87,4454.55,115,110,5,5,0.8,0.836802,0.757762,764,688,741,677,809,728,781,696,829,719,1018,937,110,81,726,709,17,726,709,17,768.5,738.5,30,774,977.5,-203.5,216.891,486.82,577.605,314.062,0.445526,1.83914,1.26709,5.42,-0.42
2026-06-27 16:33:39.700,Debug,4383.71,4260.87,4414.41,115,111,4,4,0.8,0.820779,0.837962,751,699,748,681,769,719,782,698,821,710,1018,991,111,27,725,714.5,10.5,725,714.5,10.5,744,740,4,765.5,1004.5,-239,229.266,488.969,585.396,892.236,0.468876,0.6561,2.05731,5.392,-1.392
2026-06-27 16:33:39.785,Debug,4385.37,4298.25,4414.41,114,111,3,3,0.75,0.910537,0.826476,760,709,766,680,771,728,813,698,830,719,1018,937,111,81,734.5,723,11.5,734.5,723,11.5,749.5,755.5,-6,774.5,977.5,-203,217.54,464.715,520.035,283.73,0.468116,1.83286,1.1781,5.392,-2.392
2026-06-27 16:33:39.836,Debug,4356.02,3798.45,4495.41,129,109,20,20,0.8,0.444794,0.753444,763,686,767,939,807,726,782,1001,827,717,1018,938,110,80,724.5,853,-128.5,724.5,853,-128.5,766.5,891.5,-125,772,978,-206,203.057,440.946,489.479,299.97,0.460503,1.63176,1.22585,5.448,14.552
2026-06-27 16:33:39.933,Debug,4356.02,3798.45,4495.41,129,109,20,20,0.8,0.380924,0.769129,765,689,762,939,809,728,780,1001,830,719,1018,938,111,80,727,850.5,-123.5,727,850.5,-123.5,768.5,890.5,-122,774.5,978,-203.5,213.591,446.729,511.818,302.185,0.478122,1.69373,1.23274,5.448,14.552
2026-06-27 16:33:40.013,Debug,4448.5,4260.87,4495.41,115,109,6,6,0.8,0.851668,0.772214,764,687,743,682,807,726,783,697,827,717,1018,938,110,80,725.5,712.5,13,725.5,712.5,13,766.5,740,26.5,772,978,-206,222.699,450.793,536.245,289.111,0.494015,1.85481,1.22549,5.448,0.552
2026-06-27 16:33:40.107,Debug,4329.26,3828.12,4454.55,128,110,18,18,0.8,0.492487,0.768753,767,689,764,954,810,728,781,1000,830,719,1018,991,111,27,728,859,-131,728,859,-131,769,890.5,-121.5,774.5,1004.5,-230,219.482,446.948,482.282,821.569,0.49107,0.587026,1.95647,5.42,12.58
2026-06-27 16:33:40.239,Debug,4361.96,3828.12,4495.41,128,109,19,19,0.8,0.51899,0.767364,764,687,764,954,807,726,811,1001,827,716,1018,991,111,27,725.5,859,-133.5,725.5,859,-133.5,766.5,906,-139.5,771.5,1004.5,-233,211.247,441.702,478.044,808.918,0.478258,0.590967,1.971,5.448,13.552
2026-06-27 16:33:40.306,Debug,4242.42,3712.12,4375,132,112,20,20,0.8,0.533487,0.843727,758,702,763,956,803,722,812,1000,823,713,1018,991,110,27,730,1003.5,-273.5,730,859.5,-129.5,762.5,906,-143.5,768,1004.5,-236.5,201.329,422.027,466.635,741.274,0.477053,0.629505,1.93775,5.364,14.636
2026-06-27 16:33:40.426,Debug,4242.42,3712.12,4375,132,112,20,20,0.8,0.485862,0.850148,762,707,745,683,807,726,783,698,828,717,1018,938,111,80,734.5,1003.5,-269,734.5,714,20.5,766.5,740.5,26,772.5,978,-205.5,201.639,431.974,500.07,261.069,0.466785,1.91547,1.20127,5.364,14.636
2026-06-27 16:33:40.535,Debug,4329.26,3828.12,4454.55,128,110,18,18,0.8,0.517552,0.792778,759,682,766,953,803,722,782,1000,824,713,1018,938,111,80,720.5,859.5,-139,720.5,859.5,-139,762.5,891,-128.5,768.5,978,-209.5,222.459,446.922,494.725,263.808,0.497759,1.87532,1.13319,5.42,12.58
2026-06-27 16:33:40.607,Debug,4248.09,3740.46,4375,131,112,19,19,0.8,0.528384,0.82323,756,708,767,682,772,726,783,697,827,717,1018,939,110,79,732,1004,-272,732,724.5,7.5,749,740,9,772,978.5,-206.5,205.741,439.77,484.817,261.975,0.467838,1.85062,1.1569,5.364,13.636
2026-06-27 16:33:40.687,Debug,4361.96,3828.12,4495.41,128,109,19,19,0.8,0.439904,0.773897,760,682,991,940,803,722,1054,1001,823,713,1018,938,110,80,721,965.5,-244.5,721,965.5,-244.5,762.5,1027.5,-265,768,978,-210,205.805,432.475,470.826,281.598,0.475879,1.67198,1.17883,5.448,13.552
2026-06-27 16:33:40.760,Debug,4285.38,3769.23,4414.41,130,111,19,19,0.8,0.483129,0.805332,762,705,993,956,807,726,1053,1001,828,717,1018,938,111,80,733.5,1003.5,-270,733.5,974.5,-241,766.5,1027,-260.5,772.5,978,-205.5,198.428,418.901,458.982,240.311,0.473687,1.90995,1.13277,5.392,13.608
2026-06-27 16:33:40.958,Debug,4356.02,3798.45,4495.41,129,109,20,20,0.8,0.382202,0.790394,762,687,765,938,807,726,782,1001,827,717,1018,937,110,81,724.5,851.5,-127,724.5,851.5,-127,766.5,891.5,-125,772,977.5,-205.5,206.388,420.202,456.064,274.889,0.491164,1.65908,1.16656,5.448,14.552
2026-06-27 16:33:41.095,Debug,4253.85,3769.23,4375,130,112,18,18,0.8,0.66545,0.83781,764,711,745,956,810,729,811,1001,830,719,1018,991,111,27,737.5,1055,-317.5,737.5,850.5,-113,769.5,906,-136.5,774.5,1004.5,-230,193.107,399.837,436.524,724.942,0.482964,0.602149,1.95882,5.364,12.636
2026-06-27 16:33:41.200,Debug,4242.42,3712.12,4375,132,112,20,20,0.8,0.467304,0.825858,763,708,992,955,808,726,1054,1001,829,717,1018,938,112,80,735.5,1003.5,-268,735.5,973.5,-238,767,1027.5,-260.5,773,978,-205,194.457,379.843,395.846,235.44,0.511942,1.6813,1.09923,5.364,14.636
2026-06-27 16:33:41.285,Debug,4242.42,3712.12,4375,132,112,20,20,0.8,0.481573,0.832573,763,713,767,954,810,729,814,1001,831,720,1018,938,111,80,738,1003.5,-265.5,738,860.5,-122.5,769.5,907.5,-138,775.5,978,-202.5,176.089,366.975,389.417,235.016,0.479839,1.65698,1.14983,5.364,14.636
2026-06-27 16:33:41.348,Debug,4205.87,3684.21,4336.28,133,113,20,20,0.8,0.480501,0.856338,758,703,744,957,801,720,813,1001,822,711,1018,991,111,27,730.5,1003.5,-273,730.5,850.5,-120,760.5,907,-146.5,766.5,1004.5,-238,183.793,360.284,402.783,662.304,0.510133,0.608154,1.9576,5.336,14.664
2026-06-27 16:33:41.417,Debug,4259.69,3798.45,4375,129,112,17,17,0.8,0.613466,0.834321,765,712,768,958,811,729,813,1001,831,720,1018,991,111,27,738.5,1055,-316.5,738.5,863,-124.5,770,907,-137,775.5,1004.5,-229,186.243,371.96,398.461,684.25,0.500709,0.582333,1.93964,5.364,11.636
2026-06-27 16:33:41.514,Debug,4259.69,3798.45,4375,129,112,17,17,0.8,0.708049,0.824967,763,709,1010,958,808,726,1053,1000,828,717,1018,991,111,27,736,1054.5,-318.5,736,984,-248,767,1026.5,-259.5,772.5,1004.5,-232,189.249,377.551,372.447,671.224,0.501253,0.554878,1.84134,5.364,11.636
2026-06-27 16:33:41.614,Debug,4291.22,3798.45,4414.41,129,111,18,18,0.8,0.509791,0.839846,766,712,743,956,810,729,780,1001,831,720,1018,938,111,80,739,849.5,-110.5,739,849.5,-110.5,769.5,890.5,-121,775.5,978,-202.5,191.268,368.123,392.051,223.05,0.519577,1.75768,1.09959,5.392,12.608
2026-06-27 16:33:41.713,Debug,4253.85,3769.23,4375,130,112,18,18,0.8,0.746081,0.840446,761,710,1010,958,808,726,1053,1000,827,717,1018,991,110,27,735.5,1055,-319.5,735.5,984,-248.5,767,1026.5,-259.5,772,1004.5,-232.5,181.987,368.521,355.909,649.179,0.49383,0.548245,1.82575,5.364,12.636
2026-06-27 16:33:41.793,Debug,4285.38,3769.23,4414.41,130,111,19,19,0.8,0.503273,0.834431,758,706,993,957,804,722,1054,1001,824,713,1018,991,111,27,732,1004,-272,732,975,-243,763,1027.5,-264.5,768.5,1004.5,-236,178.468,368.639,365.394,643.43,0.484125,0.567885,1.84393,5.392,13.608
2026-06-27 16:33:41.915,Debug,4265.62,3828.12,4375,128,112,16,16,0.8,0.669918,0.837635,757,704,1008,958,802,720,1054,1000,823,711,1018,991,112,27,730.5,1055,-324.5,730.5,983,-252.5,761,1027,-266,767,1004.5,-237.5,201.85,345.523,346.989,634.39,0.584186,0.546965,1.79289,5.364,10.636
2026-06-27 16:33:41.975,Debug,4253.85,3769.23,4375,130,112,18,18,0.8,0.753557,0.846869,767,713,1011,959,810,729,1054,1000,832,720,1018,991,112,27,740,1055.5,-315.5,740,985,-245,769.5,1027,-257.5,776,1004.5,-228.5,175.157,331.075,326.636,606.801,0.529054,0.538292,1.84389,5.364,12.636
2026-06-27 16:33:42.085,Debug,4265.62,3828.12,4375,128,112,16,16,0.8,0.78144,0.829672,761,711,1009,958,808,727,1054,1001,829,718,1018,991,111,27,736,1054.5,-318.5,736,983.5,-247.5,767.5,1027.5,-260,773.5,1004.5,-231,179.31,361.347,353.902,637.797,0.496226,0.554881,1.83425,5.364,10.636
2026-06-27 16:33:42.172,Debug,4228.72,3798.45,4336.28,129,113,16,16,0.8,0.785388,0.870457,765,713,994,957,810,729,1053,1001,831,720,1018,991,111,27,739,1055,-316,739,975.5,-236.5,769.5,1027,-257.5,775.5,1004.5,-229,184.02,381.656,395.375,689.321,0.482163,0.573571,1.91752,5.336,10.664
2026-06-27 16:33:42.310,Debug,4291.22,3798.45,4414.41,129,111,18,18,0.8,0.554709,0.795125,763,709,993,957,808,726,1054,1001,828,717,1019,991,111,28,736,975,-239,736,975,-239,767,1027.5,-260.5,772.5,1005,-232.5,196.64,386.222,436.318,687.622,0.509137,0.634532,1.92831,5.392,12.608
2026-06-27 16:33:42.376,Debug,4242.42,3712.12,4375,132,112,20,20,0.8,0.454979,0.828877,766,710,764,955,810,729,780,1001,831,720,1018,938,111,80,738,1004,-266,738,859.5,-121.5,769.5,890.5,-121,775.5,978,-202.5,194.589,397.003,444.357,259.568,0.490145,1.71191,1.18988,5.364,14.636
2026-06-27 16:33:42.476,Debug,4242.42,3712.12,4375,132,112,20,20,0.8,0.454346,0.834801,763,709,765,940,807,726,782,1001,828,717,1018,938,111,80,736,1004,-268,736,852.5,-116.5,766.5,891.5,-125,772.5,978,-205.5,192.356,400.283,450.893,270.715,0.480551,1.66556,1.21762,5.364,14.636
2026-06-27 16:33:42.543,Debug,4248.09,3740.46,4375,131,112,19,19,0.8,0.504774,0.810323,765,710,767,956,810,729,783,1001,831,720,1018,991,111,27,737.5,1004,-266.5,737.5,861.5,-124,769.5,892,-122.5,775.5,1004.5,-229,196.948,412.851,455.316,727.213,0.477043,0.626111,1.93921,5.364,13.636
2026-06-27 16:33:42.694,Debug,4285.38,3769.23,4414.41,130,111,19,19,0.8,0.711563,0.795105,762,707,1007,957,807,726,1054,1001,828,717,1018,991,111,27,734.5,1055,-320.5,734.5,982,-247.5,766.5,1027.5,-261,772.5,1004.5,-232,187.104,401.001,423.708,737.869,0.466592,0.574233,1.97512,5.392,13.608
2026-06-27 16:33:42.779,Debug,4285.38,3769.23,4414.41,130,111,19,19,0.8,0.531792,0.818834,766,711,766,956,810,729,813,1001,830,720,1018,991,110,27,738.5,861,-122.5,738.5,861,-122.5,769.5,907,-137.5,775,1004.5,-229.5,201.363,398.897,461.256,752.12,0.504798,0.613275,2.02142,5.392,13.608
2026-06-27 16:33:42.850,Debug,4242.42,3712.12,4375,132,112,20,20,0.8,0.543081,0.83902,763,708,769,955,807,726,783,1001,828,717,1018,938,111,80,735.5,1003.5,-268,735.5,862,-126.5,766.5,892,-125.5,772.5,978,-205.5,197.287,396.11,440.929,241.64,0.498061,1.82474,1.15027,5.364,14.636
2026-06-27 16:33:42.913,Debug,4285.38,3769.23,4414.41,130,111,19,19,0.8,0.451859,0.823036,763,711,743,940,810,729,782,1001,831,720,1018,938,111,80,737,841.5,-104.5,737,841.5,-104.5,769.5,891.5,-122,775.5,978,-202.5,195.565,407.241,470.491,268.359,0.480219,1.75322,1.22568,5.392,13.608
2026-06-27 16:33:43.022,Debug,4248.09,3740.46,4375,131,112,19,19,0.8,0.503637,0.843329,756,702,768,956,801,720,812,1001,822,711,1018,991,111,27,729,1003.5,-274.5,729,862,-133,760.5,906.5,-146,766.5,1004.5,-238,197.02,407.055,433.066,761.595,0.484012,0.56863,1.97767,5.364,13.636
2026-06-27 16:33:43.120,Debug,4248.09,3740.46,4375,131,112,19,19,0.8,0.487713,0.85875,765,712,745,683,810,729,813,697,830,719,1018,939,111,79,738.5,1004.5,-266,738.5,714,24.5,769.5,755,14.5,774.5,978.5,-204,193.968,409.997,453.11,272.13,0.473096,1.66505,1.2008,5.364,13.636
2026-06-27 16:33:43.288,Debug,4323.33,3798.45,4454.55,129,110,19,19,0.8,0.533194,0.78255,760,683,769,957,804,722,812,1001,824,713,1018,991,111,27,721.5,863,-141.5,721.5,863,-141.5,763,906.5,-143.5,768.5,1004.5,-236,197.758,415.456,450.755,775.609,0.476003,0.581163,1.9999,5.42,13.58
2026-06-27 16:33:43.384,Debug,4242.42,3712.12,4375,132,112,20,20,0.8,0.539828,0.838168,762,709,747,954,808,726,783,1001,828,717,1019,938,111,81,735.5,1004,-268.5,735.5,850.5,-115,767,892,-125,772.5,978.5,-206,192.83,399.383,446.521,239.462,0.482821,1.86468,1.15834,5.364,14.636
2026-06-27 16:33:43.510,Debug,4259.69,3798.45,4375,129,112,17,17,0.8,0.578096,0.825994,760,703,770,957,804,722,814,1000,825,713,1018,991,112,27,731.5,1055,-323.5,731.5,863.5,-132,763,907,-144,769,1004.5,-235.5,214.202,402.778,417.551,762.887,0.531811,0.54733,1.91325,5.364,11.636
2026-06-27 16:33:43.569,Debug,4285.38,3769.23,4414.41,130,111,19,19,0.8,0.451189,0.84266,759,709,742,938,771,726,813,1001,829,717,1018,938,112,80,734,840,-106,734,840,-106,748.5,907,-158.5,773,978,-205,210.456,396.446,454.354,259.636,0.530857,1.74997,1.17645,5.392,13.608
2026-06-27 16:33:43.704,Debug,4242.42,3712.12,4375,132,112,20,20,0.8,0.513247,0.833706,767,711,995,957,811,729,1054,1001,831,720,1019,991,111,28,739,1004,-265,739,976,-237,770,1027.5,-257.5,775.5,1005,-229.5,195.209,386.893,418.749,722.846,0.504557,0.579307,1.96116,5.364,14.636
2026-06-27 16:33:43.790,Debug,4222.87,3769.23,4336.28,130,113,17,17,0.8,0.680434,0.87295,756,703,1008,957,801,720,1053,1000,822,711,1018,991,111,27,729.5,1055,-325.5,729.5,982.5,-253,760.5,1026.5,-266,766.5,1004.5,-238,179.825,393.41,401.608,713.677,0.457094,0.562731,1.9456,5.336,11.664
2026-06-27 16:33:43.851,Debug,4279.62,3740.46,4414.41,131,111,20,20,0.8,0.497844,0.827944,765,711,992,941,810,729,1054,1001,831,720,1019,939,111,80,738,1004,-266,738,966.5,-228.5,769.5,1027.5,-258,775.5,979,-203.5,184.986,390.244,412.282,252.755,0.474026,1.63116,1.15612,5.392,14.608
2026-06-27 16:33:43.971,Debug,4234.65,3828.12,4336.28,128,113,15,15,0.8,0.789951,0.843034,765,708,1008,958,808,726,1054,1001,829,717,1018,991,112,27,736.5,1054.5,-318,736.5,983,-246.5,767,1027.5,-260.5,773,1004.5,-231.5,198.574,378.181,398.687,701,0.525077,0.56874,1.90668,5.336,9.664
2026-06-27 16:33:44.037,Debug,4253.85,3769.23,4375,130,112,18,18,0.8,0.802708,0.823548,761,704,1009,958,804,722,1054,1001,824,713,1018,991,111,27,732.5,1055.5,-323,732.5,983.5,-251,763,1027.5,-264.5,768.5,1004.5,-236,197.517,384.687,395.329,698.712,0.513449,0.565796,1.87914,5.364,12.636
2026-06-27 16:33:44.141,Debug,4253.85,3769.23,4375,130,112,18,18,0.8,0.795292,0.8314,757,703,771,957,801,720,813,1001,822,711,1018,991,111,27,730,1055,-325,730,864,-134,760.5,907,-146.5,766.5,1004.5,-238,178.447,381.872,396.972,704.922,0.467295,0.563144,1.96655,5.364,12.636
2026-06-27 16:33:44.234,Debug,4285.38,3769.23,4414.41,130,111,19,19,0.8,0.470684,0.82375,764,713,740,940,810,729,781,1001,830,720,1018,938,110,80,738.5,840,-101.5,738.5,840,-101.5,769.5,891,-121.5,775,978,-203,186.276,382.765,407.258,241.672,0.486657,1.68517,1.14039,5.392,13.608
2026-06-27 16:33:44.368,Debug,4242.42,3712.12,4375,132,112,20,20,0.8,0.48451,0.828817,753,704,768,954,768,720,783,1001,822,711,1018,938,111,80,728.5,1004,-275.5,728.5,861,-132.5,744,892,-148,766.5,978,-211.5,190.124,372.359,400.584,237.33,0.510593,1.68788,1.1341,5.364,14.636
2026-06-27 16:33:44.426,Debug,4297.16,3828.12,4414.41,128,111,17,17,0.8,0.672132,0.852974,764,713,1008,958,810,729,1054,1001,831,720,1019,991,111,28,738.5,1055,-316.5,738.5,983,-244.5,769.5,1027.5,-258,775.5,1005,-229.5,201.31,365.007,380.797,666.668,0.551524,0.571194,1.84961,5.392,11.608
2026-06-27 16:33:44.527,Debug,4248.09,3740.46,4375,131,112,19,19,0.8,0.469112,0.8403,764,710,764,940,808,727,782,1001,829,717,1018,939,112,79,737,1004.5,-267.5,737,852,-115,767.5,891.5,-124,773,978.5,-205.5,189.369,368.288,383.96,233.681,0.514188,1.6431,1.10756,5.364,13.636
2026-06-27 16:33:44.606,Debug,4279.62,3740.46,4414.41,131,111,20,20,0.8,0.531687,0.809266,764,714,767,957,811,730,813,1001,831,720,1018,992,111,26,739,1004.5,-265.5,739,862,-123,770.5,907,-136.5,775.5,1005,-229.5,185.627,337.343,348.829,616.221,0.550263,0.566078,1.84532,5.392,14.608
2026-06-27 16:33:44.713,Debug,4248.09,3740.46,4375,131,112,19,19,0.8,0.77058,0.839575,766,714,1012,962,810,760,1054,1001,830,719,801,992,111,-191,740,1056.5,-316.5,740,987,-247,785,1027.5,-242.5,774.5,896.5,-122,149.951,244.01,82.7462,431.752,0.614531,0.191652,1.30596,5.364,13.636
2026-06-27 16:33:44.900,Debug,4253.85,3769.23,4375,130,112,18,18,0.8,0.779678,0.844625,789,746,1014,964,841,761,1055,1001,832,720,807,992,112,-185,767.5,1055.5,-288,767.5,989,-221.5,801,1028,-227,776,899.5,-123.5,131.652,208.188,58.3419,341.47,0.632369,0.170855,1.17647,5.364,12.636
2026-06-27 16:33:45.076,Debug,4222.87,3769.23,4336.28,130,113,17,17,0.8,0.771829,0.900512,795,748,1019,981,843,761,1079,1027,833,1009,1019,992,-176,27,771.5,1056,-284.5,771.5,1000,-228.5,802,1053,-251,921,1005.5,-84.5,115.308,629.432,116.298,266.513,0.183194,0.436369,0.51402,5.336,11.664
2026-06-27 16:33:45.281,Debug,4265.62,3828.12,4375,128,112,16,16,0.8,0.79779,0.900497,799,748,1440,1287,845,762,1479,1363,835,1007,643,992,-172,-349,773.5,1055.5,-282,773.5,1363.5,-590,803.5,1421,-617.5,921,817.5,103.5,114.569,560.865,43.5288,224.996,0.204272,0.193465,0.397558,5.364,10.636
2026-06-27 16:33:45.742,Debug,4317.48,3769.23,4454.55,130,110,20,20,0.8,0.627261,0.793512,797,719,1016,965,843,763,1080,1001,833,723,1019,991,110,28,758,990.5,-232.5,758,990.5,-232.5,803,1040.5,-237.5,778,1005,-227,142.612,223.426,175.531,385.248,0.638296,0.455632,1.53202,5.42,14.58
2026-06-27 16:33:45.822,Debug,4285.38,3769.23,4414.41,130,111,19,19,0.8,0.597179,0.80797,789,709,1012,962,834,754,1055,1001,824,713,805,992,111,-187,749,987,-238,749,987,-238,794,1028,-234,768.5,898.5,-130,144.771,229.606,79.7721,398.82,0.630519,0.20002,1.27837,5.392,13.608
2026-06-27 16:33:45.914,Debug,4279.62,3740.46,4414.41,131,111,20,20,0.8,0.591904,0.801001,769,717,1012,962,812,762,1055,1001,833,722,1020,992,111,28,743,1005,-262,743,987,-244,787,1028,-241,777.5,1006,-228.5,147.98,255.255,247.103,464.305,0.579736,0.532201,1.76425,5.392,14.608
2026-06-27 16:33:46.490,Debug,4279.62,3740.46,4414.41,131,111,20,20,0.8,0.81887,0.855702,799,720,1013,965,844,764,1054,1000,834,723,806,991,111,-185,759.5,1055.5,-296,759.5,989,-229.5,804,1027,-223,778.5,898.5,-120,124.767,203.374,78.3088,337.543,0.613484,0.231996,1.2673,5.392,14.608
2026-06-27 16:33:47.151,Debug,4297.16,3828.12,4414.41,128,111,17,17,0.8,0.799113,0.892096,799,747,1017,1287,844,762,1054,1359,834,1008,802,992,-174,-190,773,1055,-282,773,1152,-379,803,1206.5,-403.5,921,897,24,123.881,626.014,51.0715,231.716,0.197889,0.220406,0.377102,5.392,11.608
2026-06-27 16:33:47.455,Debug,3545.06,3828.12,3450.7,128,142,14,-14,0.75,0.738533,0.771991,1097,971,1015,984,1148,1046,1079,1025,829,1005,1018,991,-176,27,1034,1054.5,-20.5,1034,999.5,34.5,1097,1052,45,917,1004.5,-87.5,99.3703,614.285,94.5851,241.623,0.161766,0.391458,0.471107,4.524,-18.524
2026-06-27 16:33:52.664,Patient,2258.21,2289.72,2247.71,214,218,4,-4,0.75,0.709495,0.620943,1297,1055,1419,1137,1313,1123,1461,1179,625,1026,1082,1144,-401,-62,1176,1253,-77,1176,1278,-102,1218,1320,-102,825.5,1113,-287.5,58.6157,166.597,65.4221,237.547,0.351842,0.275407,1.34526,2.396,-6.396
2026-06-27 16:33:52.767,Patient,2328.94,2344.5,2322.27,209,211,2,-2,0.7,0.749474,0.861285,1290,1050,1419,1120,1331,1121,1458,1179,622,1023,1034,1092,-401,-58,1170,1248.5,-78.5,1170,1269.5,-99.5,1226,1318.5,-92.5,822.5,1063,-240.5,33.832,201.178,41.5029,71.0278,0.168169,0.584318,0.478833,2.592,-4.592
2026-06-27 16:33:52.864,Patient,2340.06,2355.77,2333.33,208,210,2,-2,0.7,0.713605,0.881279,1264,1059,1055,1119,1340,1130,1115,1179,633,1032,1036,1094,-399,-58,1161.5,1249.5,-88,1161.5,1087,74.5,1235,1147,88,832.5,1065,-232.5,50.4226,205.039,42.3662,78.9441,0.245917,0.53666,0.474866,2.62,-4.62
2026-06-27 16:33:52.952,Patient,2347.88,2355.77,2344.5,208,209,1,-1,0.7,0.723676,0.923991,1257,1055,1055,1120,1336,1128,1092,1179,1087,1029,1032,1094,58,-62,1156,1249.5,-93.5,1156,1087.5,68.5,1232,1135.5,96.5,1058,1063,-5,65.7515,233.342,43.1116,81.8514,0.281781,0.526705,0.417805,2.648,-3.648
2026-06-27 16:33:53.142,Patient,2453.69,2462.31,2450,199,200,1,-1,0.7,0.527718,0.945361,1218,1047,1031,1118,1256,1093,1091,1182,1081,1022,1032,1093,59,-61,1132.5,1248,-115.5,1132.5,1074.5,58,1174.5,1136.5,38,1051.5,1062.5,-11,115.737,289.268,115.097,99.1761,0.400102,1.16054,0.529065,2.9,-3.9
2026-06-27 16:33:53.249,Patient,2478.52,2487.31,2474.75,197,198,1,-1,0.7,0.428767,0.941878,1224,1049,1030,1118,1260,1095,1067,1182,1084,1024,1032,1146,60,-114,1136.5,1247.5,-111,1136.5,1074,62.5,1177.5,1124.5,53,1054,1089,-35,114.371,310.611,144.571,438.596,0.368213,0.329622,1.37222,2.956,-3.956
2026-06-27 16:33:53.336,Patient,2457.42,2474.75,2450,198,200,2,-2,0.7,0.38305,0.934856,1228,1053,1030,1118,1264,1099,1068,1182,1088,1029,1033,1146,59,-113,1140.5,1248,-107.5,1140.5,1074,66.5,1181.5,1125,56.5,1058.5,1089.5,-31,111.992,307.778,163.09,461.833,0.363873,0.353136,1.48873,2.9,-4.9
2026-06-27 16:34:00.361,Patient,4495.41,4495.41,4495.41,109,109,0,0,0.7,0.682,0.850756,760,685,983,954,802,752,1046,994,823,712,1010,681,111,329,722.5,736,-13.5,722.5,968.5,-246,777,1020,-243,767.5,845.5,-78,203.356,408.762,273.518,146.886,0.497492,1.8621,0.686803,5.448,-5.448
2026-06-27 16:34:00.653,Patient,4395.25,3828.12,4537.04,128,108,20,20,0.8,0.628388,0.811642,751,675,1000,950,793,713,1045,995,1062,704,1010,933,358,77,713,975,-262,713,975,-262,753,1020,-267,883,971.5,-88.5,618.44,506.293,329.903,190.003,1.22151,1.7363,0.462249,5.476,14.524
2026-06-27 16:34:00.739,Patient,4423.29,4298.25,4454.55,114,110,4,4,0.8,0.887555,0.888556,762,706,984,931,804,723,1044,993,823,714,1010,931,109,79,734,736,-2,734,957.5,-223.5,763.5,1018.5,-255,768.5,970.5,-202,266.01,549.538,383.537,253.704,0.484061,1.51175,0.781365,5.42,-1.42
2026-06-27 16:34:00.822,Patient,4465.31,4375,4495.41,112,109,3,3,0.75,0.921994,0.806627,756,679,984,672,799,719,1045,690,820,710,1010,984,110,26,717.5,736,-18.5,717.5,828,-110.5,759,867.5,-108.5,765,997,-232,290.222,611.899,462.003,745.648,0.474297,0.619599,1.33868,5.448,-2.448
2026-06-27 16:34:00.920,Patient,4496.89,4336.28,4537.04,113,108,5,5,0.8,0.812885,0.79718,759,682,757,933,802,721,803,995,822,712,1010,933,110,77,720.5,736.5,-16,720.5,845,-124.5,761.5,899,-137.5,767,971.5,-204.5,309.534,613.762,454.443,278.824,0.504324,1.62986,0.794184,5.476,-0.476
2026-06-27 16:34:01.140,Patient,4471.11,4414.41,4495.41,111,109,2,2,0.7,0.765053,0.80334,759,681,983,671,802,721,1044,688,822,712,1009,984,110,25,720,735,-15,720,827,-107,761.5,866,-104.5,767,996.5,-229.5,334.324,695.319,492.072,749.642,0.480821,0.65641,1.20596,5.448,-3.448
2026-06-27 16:34:01.229,Patient,4463.59,4336.28,4495.41,113,109,4,4,0.8,0.934154,0.801372,757,681,733,649,802,721,773,690,822,712,1011,984,110,27,719,736,-17,719,691,28,761.5,731.5,30,767,997.5,-230.5,333.465,700.367,510.018,849.255,0.476128,0.600547,1.31479,5.448,-1.448
2026-06-27 16:34:01.292,Patient,4471.11,4414.41,4495.41,111,109,2,2,0.7,0.892996,0.7983,749,672,982,647,793,712,1046,689,1060,703,1010,680,357,330,710.5,735.5,-25,710.5,814.5,-104,752.5,867.5,-115,881.5,845,36.5,901.344,699.134,530.265,293.18,1.28923,1.80867,0.5145,5.448,-3.448
2026-06-27 16:34:01.567,Patient,4465.31,4375,4495.41,112,109,3,3,0.75,0.723529,0.798738,758,681,734,649,801,720,772,687,821,711,1009,678,110,331,719.5,734.5,-15,719.5,691.5,28,760.5,729.5,31,766,843.5,-77.5,368.13,774.469,519.524,318.74,0.475333,1.62993,0.733647,5.448,-2.448
2026-06-27 16:34:01.658,Patient,4495.41,4495.41,4495.41,109,109,0,0,0.7,0.891728,0.813807,748,672,738,647,792,712,799,688,1060,702,1009,984,358,25,710,734,-24,710,692.5,17.5,752,743.5,8.5,881,996.5,-115.5,1006.33,771.962,531.416,791.957,1.3036,0.671017,0.744182,5.448,-5.448
2026-06-27 16:34:01.769,Patient,4507.9,4537.04,4495.41,108,109,1,-1,0.7,0.88761,0.815737,748,674,755,648,765,714,799,688,815,705,1009,984,110,25,711,734,-23,711,701.5,9.5,739.5,743.5,-4,760,996.5,-236.5,378.952,783.056,543.968,806.344,0.48394,0.67461,1.16205,5.448,-6.448
2026-06-27 16:34:01.855,Patient,4483.15,4454.55,4495.41,110,109,1,1,0.7,0.770466,0.804477,754,678,733,647,799,718,773,687,819,709,1009,678,110,331,716,734.5,-18.5,716,690,26,758.5,730,28.5,764,843.5,-79.5,375.643,788.277,547.426,322.722,0.476536,1.69628,0.747601,5.448,-4.448
2026-06-27 16:34:01.951,Patient,4495.41,4495.41,4495.41,109,109,0,0,0.7,0.887187,0.802984,752,674,735,648,795,714,772,688,1062,705,1009,984,357,25,713,734.5,-21.5,713,691.5,21.5,754.5,730,24.5,883.5,996.5,-113,1018.23,784.811,553.835,826.613,1.29742,0.670006,0.765622,5.448,-5.448
2026-06-27 16:34:02.041,Patient,4465.31,4375,4495.41,112,109,3,3,0.75,0.678156,0.807758,749,671,730,651,792,711,773,687,1060,702,1009,984,358,25,710,734.5,-24.5,710,690.5,19.5,751.5,730,21.5,881,996.5,-115.5,1029.69,779.586,542.945,832.168,1.32082,0.652447,0.760035,5.448,-2.448
2026-06-27 16:34:02.151,Patient,4495.41,4495.41,4495.41,109,109,0,0,0.7,0.89913,0.800673,757,680,756,648,801,720,799,688,822,711,1009,984,111,25,718.5,734,-15.5,718.5,702,16.5,760.5,743.5,17,766.5,996.5,-230,375.414,792.88,544.612,820.412,0.473481,0.663827,1.16839,5.448,-5.448
2026-06-27 16:34:02.225,Patient,4463.59,4336.28,4495.41,113,109,4,4,0.8,0.747525,0.809727,751,674,732,651,795,714,772,687,1062,705,1009,984,357,25,712.5,734.5,-22,712.5,691.5,21,754.5,729.5,25,883.5,996.5,-113,1021.03,795.003,532.577,829.029,1.2843,0.64241,0.749771,5.448,-1.448
2026-06-27 16:34:02.358,Patient,4455.98,4298.25,4495.41,114,109,5,5,0.8,0.796289,0.808066,755,678,733,649,799,718,772,687,819,709,1009,678,110,331,716.5,734.5,-18,716.5,691,25.5,758.5,729.5,29,764,843.5,-79.5,390.609,793.245,516.832,328.781,0.492419,1.57197,0.714288,5.448,-0.448
2026-06-27 16:34:02.440,Patient,4495.41,4495.41,4495.41,109,109,0,0,0.7,0.915984,0.809773,757,680,736,653,801,720,772,689,821,711,1009,983,110,26,718.5,735,-16.5,718.5,694.5,24,760.5,730.5,30,766,996,-230,396.328,803.988,572.78,836.672,0.492953,0.684593,1.17423,5.448,-5.448
2026-06-27 16:34:02.517,Patient,4463.59,4336.28,4495.41,113,109,4,4,0.8,0.817863,0.805069,749,671,754,931,792,711,771,993,812,702,1010,984,110,26,710,734,-24,710,842.5,-132.5,751.5,882,-130.5,757,997,-240,398.37,814.166,530.636,816.547,0.489299,0.649853,1.11105,5.448,-1.448
2026-06-27 16:34:02.608,Patient,4512.29,4454.55,4537.04,110,108,2,2,0.7,0.898171,0.78672,758,680,733,650,801,720,772,687,821,711,1010,930,110,80,719,733.5,-14.5,719,691.5,27.5,760.5,729.5,31,766,970,-204,397.834,818.991,551.178,335.73,0.485761,1.64173,0.72887,5.476,-3.476
2026-06-27 16:34:02.748,Patient,4471.11,4414.41,4495.41,111,109,2,2,0.7,0.858916,0.806221,748,671,733,668,792,711,772,687,812,702,1010,930,110,80,709.5,734,-24.5,709.5,700.5,9,751.5,729.5,22,757,970,-213,403.573,819.233,549.698,332.805,0.492623,1.65171,0.721703,5.448,-3.448
2026-06-27 16:34:02.810,Patient,4483.15,4454.55,4495.41,110,109,1,1,0.7,0.751965,0.812348,752,673,754,654,795,714,800,688,815,705,1009,984,110,25,712.5,734.5,-22,712.5,704,8.5,754.5,744,10.5,760,996.5,-236.5,403.909,815.735,516.123,847.55,0.495147,0.608958,1.11809,5.448,-4.448
2026-06-27 16:34:02.904,Patient,4495.41,4495.41,4495.41,109,109,0,0,0.7,0.86854,0.802957,755,678,738,670,798,718,772,688,819,709,1009,678,110,331,716.5,733.5,-17,716.5,704,12.5,758,730,28,764,843.5,-79.5,403.335,821.46,561.786,318.487,0.490998,1.76392,0.718711,5.448,-5.448
2026-06-27 16:34:03.006,Patient,4463.59,4336.28,4495.41,113,109,4,4,0.8,0.791692,0.8124,758,679,735,648,801,720,772,687,821,711,1009,677,110,332,718.5,734,-15.5,718.5,691.5,27,760.5,729.5,31,766,843,-77,398.215,820.69,549.085,345.158,0.48522,1.59082,0.733644,5.448,-1.448
2026-06-27 16:34:03.088,Patient,4463.59,4336.28,4495.41,113,109,4,4,0.8,0.738347,0.806536,755,678,735,668,798,718,772,686,818,709,1009,677,109,332,716.5,734,-17.5,716.5,701.5,15,758,729,29,763.5,843,-79.5,392.146,825.784,551.956,330.978,0.474877,1.66765,0.724947,5.448,-1.448
2026-06-27 16:34:03.173,Patient,4495.41,4495.41,4495.41,109,109,0,0,0.7,0.926132,0.809832,751,674,756,648,794,714,799,688,1062,705,1009,984,357,25,712.5,733.5,-21,712.5,702,10.5,754,743.5,10.5,883.5,996.5,-113,1065.78,821.087,569.689,844.136,1.29801,0.674879,0.749298,5.448,-5.448
2026-06-27 16:34:03.293,Patient,4495.41,4495.41,4495.41,109,109,0,0,0.7,0.858628,0.808081,749,671,733,650,792,711,771,688,812,702,1010,679,110,331,710,733.5,-23.5,710,691.5,18.5,751.5,729.5,22,757,844.5,-87.5,404.848,825.244,564.514,337.895,0.490579,1.67068,0.733611,5.448,-5.448
2026-06-27 16:34:03.372,Patient,4471.11,4414.41,4495.41,111,109,2,2,0.7,0.734487,0.809181,751,674,734,648,794,714,773,687,814,704,1009,678,110,331,712.5,734,-21.5,712.5,691,21.5,754,730,24,759,843.5,-84.5,401.643,822.209,563.833,353.708,0.488493,1.59406,0.749715,5.448,-3.448
2026-06-27 16:34:03.468,Patient,4463.59,4336.28,4495.41,113,109,4,4,0.8,0.772204,0.812341,752,673,731,671,795,714,771,715,1062,705,1009,984,357,25,712.5,734,-21.5,712.5,701,11.5,754.5,743,11.5,883.5,996.5,-113,1065.96,824.969,550.186,874.995,1.29213,0.628788,0.753692,5.448,-1.448
2026-06-27 16:34:03.553,Patient,4495.41,4495.41,4495.41,109,109,0,0,0.7,0.934942,0.807165,755,677,734,653,799,718,771,688,819,709,1009,984,110,25,716,734,-18,716,693.5,22.5,758.5,729.5,29,764,996.5,-232.5,401.634,828.604,576.953,865.083,0.484712,0.666933,1.17216,5.448,-5.448
2026-06-27 16:34:03.647,Patient,4463.59,4336.28,4495.41,113,109,4,4,0.8,0.736746,0.811261,753,680,732,672,771,720,771,715,821,711,1009,984,110,25,716.5,734,-17.5,716.5,702,14.5,745.5,743,2.5,766,996.5,-230.5,399.305,826.583,549.885,865.525,0.48308,0.635319,1.1546,5.448,-1.448
2026-06-27 16:34:03.756,Patient,4495.41,4495.41,4495.41,109,109,0,0,0.7,0.885731,0.811391,748,671,737,647,792,711,799,688,812,702,1009,678,110,331,709.5,733.5,-24,709.5,692,17.5,751.5,743.5,8,757,843.5,-86.5,415.391,825.417,574.091,324.715,0.50325,1.76799,0.724372,5.448,-5.448
2026-06-27 16:34:03.817,Patient,4463.59,4336.28,4495.41,113,109,4,4,0.8,0.806031,0.804141,752,673,733,648,794,714,772,686,814,705,1009,677,109,332,712.5,734,-21.5,712.5,690.5,22,754,729,25,759.5,843,-83.5,411.583,821.758,559.245,353.401,0.500857,1.58247,0.739978,5.448,-1.448
2026-06-27 16:34:03.913,Patient,4455.98,4298.25,4495.41,114,109,5,5,0.8,0.815087,0.809141,755,677,731,669,798,718,772,715,818,709,1009,984,109,25,716,734.5,-18.5,716,700,16,758,743.5,14.5,763.5,996.5,-233,406.184,820.233,550.9,840.06,0.495206,0.655787,1.13417,5.448,-0.448
2026-06-27 16:34:04.026,Patient,4524.55,4495.41,4537.04,109,108,1,1,0.7,0.900262,0.784664,747,674,754,647,764,714,799,688,815,704,1010,678,111,332,710.5,734,-23.5,710.5,700.5,10,739,743.5,-4.5,759.5,844,-84.5,405.494,825.852,588.444,324.359,0.491001,1.81418,0.741304,5.476,-4.476
2026-06-27 16:34:04.106,Patient,4465.31,4375,4495.41,112,109,3,3,0.75,0.701209,0.8044,755,677,730,650,798,718,773,687,818,708,1009,984,110,25,716,734.5,-18.5,716,690,26,758,730,28,763,996.5,-233.5,399.099,821.62,557.06,874.815,0.485747,0.636775,1.17298,5.448,-2.448
2026-06-27 16:34:04.198,Patient,4471.11,4414.41,4495.41,111,109,2,2,0.7,0.899859,0.813712,751,673,750,932,794,714,771,994,815,704,1009,984,111,25,712,734,-22,712,841,-129,754,882.5,-128.5,759.5,996.5,-237,404.427,827.596,564.067,857.935,0.488677,0.65747,1.1542,5.448,-3.448
2026-06-27 16:34:04.302,Patient,4524.55,4495.41,4537.04,109,108,1,1,0.7,0.797035,0.789169,751,678,732,650,768,718,771,688,819,709,1009,984,110,25,714.5,734.5,-20,714.5,691,23.5,743,729.5,13.5,764,996.5,-232.5,410.93,824.828,567.023,889.477,0.4982,0.637479,1.17863,5.476,-4.476
2026-06-27 16:34:04.394,Patient,4471.11,4414.41,4495.41,111,109,2,2,0.7,0.92902,0.801255,754,681,731,651,771,720,800,687,821,711,1009,929,110,80,717.5,734,-16.5,717.5,691,26.5,745.5,743.5,2,766,969,-203,403.009,823.629,570.615,339.554,0.489309,1.68048,0.742003,5.448,-3.448
2026-06-27 16:34:04.497,Patient,4471.11,4414.41,4495.41,111,109,2,2,0.7,0.722283,0.818487,749,671,732,671,792,711,771,715,812,702,1009,984,110,25,710,734,-24,710,701.5,8.5,751.5,743,8.5,757,996.5,-239.5,417.82,825.529,554.434,878.257,0.506125,0.631289,1.15228,5.448,-3.448
2026-06-27 16:34:04.609,Patient,4483.15,4454.55,4495.41,110,109,1,1,0.7,0.904913,0.809844,758,680,758,650,801,720,800,688,821,711,1010,984,110,26,719,734.5,-15.5,719,704,15,760.5,744,16.5,766,997,-231,402.387,831.365,560.996,865.95,0.484008,0.647838,1.15659,5.448,-4.448
2026-06-27 16:34:04.679,Patient,4465.31,4375,4495.41,112,109,3,3,0.75,0.777981,0.813615,749,671,731,647,792,711,773,687,812,702,1009,678,110,331,710,734,-24,710,689,21,751.5,730,21.5,757,843.5,-86.5,405.135,827.993,574.087,330.419,0.489297,1.73745,0.733506,5.448,-2.448
2026-06-27 16:34:04.760,Patient,4495.41,4495.41,4495.41,109,109,0,0,0.7,0.927663,0.802003,752,673,738,648,794,714,799,688,1062,704,1010,984,358,26,712.5,734.5,-22,712.5,693,19.5,754,743.5,10.5,883,997,-114,1075.3,827.17,568.804,859.318,1.29998,0.661925,0.750666,5.448,-5.448
2026-06-27 16:34:04.885,Patient,4471.11,4414.41,4495.41,111,109,2,2,0.7,0.714107,0.818548,755,678,731,668,798,718,771,716,819,708,1009,984,111,25,716.5,734,-17.5,716.5,699.5,17,758,743.5,14.5,763.5,996.5,-233,409.977,832.965,555.989,886.905,0.49219,0.626887,1.16087,5.448,-3.448
2026-06-27 16:34:04.996,Patient,4495.41,4495.41,4495.41,109,109,0,0,0.7,0.7933,0.815351,759,680,731,651,801,720,800,689,821,711,1009,984,110,25,719.5,735,-15.5,719.5,691,28.5,760.5,744.5,16,766,996.5,-230.5,410.226,827.527,576.811,897.166,0.495725,0.642925,1.19085,5.448,-5.448
2026-06-27 16:34:05.062,Patient,4483.15,4454.55,4495.41,110,109,1,1,0.7,0.846563,0.812684,749,671,755,650,792,711,772,689,812,702,1009,679,110,330,710,734.5,-24.5,710,702.5,7.5,751.5,730.5,21,757,844,-87,412.887,832.068,573.934,348.961,0.496218,1.64469,0.741308,5.448,-4.448
2026-06-27 16:34:05.145,Patient,4483.15,4454.55,4495.41,110,109,1,1,0.7,0.8334,0.80434,752,673,737,671,795,714,771,688,815,705,1009,983,110,26,712.5,733.5,-21,712.5,704,8.5,754.5,729.5,25,760,996,-236,403.156,831.634,540.652,888.8,0.484776,0.608295,1.15765,5.448,-4.448
2026-06-27 16:34:05.240,Patient,4463.59,4336.28,4495.41,113,109,4,4,0.8,0.815322,0.801518,756,677,737,648,798,718,773,687,819,709,1010,678,110,332,716.5,734.5,-18,716.5,692.5,24,758,730,28,764,844,-80,404.886,831.856,577.767,356.42,0.486726,1.62103,0.755361,5.448,-1.448
2026-06-27 16:34:05.354,Patient,4465.31,4375,4495.41,112,109,3,3,0.75,0.678564,0.813196,757,681,732,671,801,720,771,715,821,711,1009,984,110,25,719,701.5,17.5,719,701.5,17.5,760.5,743,17.5,766,996.5,-230.5,403.24,833.984,573.277,901.099,0.483511,0.636197,1.19168,5.448,-2.448
2026-06-27 16:34:05.445,Patient,4471.11,4414.41,4495.41,111,109,2,2,0.7,0.810582,0.807361,749,671,731,653,792,711,800,688,1060,702,1009,984,358,25,710,734.5,-24.5,710,692,18,751.5,744,7.5,881,996.5,-115.5,1080.79,836.615,554.476,890.812,1.29187,0.622439,0.753772,5.448,-3.448
2026-06-27 16:34:05.509,Patient,4495.41,4495.41,4495.41,109,109,0,0,0.7,0.911063,0.807714,753,681,738,648,771,720,800,688,821,711,1010,679,110,331,717,734.5,-17.5,717,693,24,745.5,744,1.5,766,844.5,-78.5,406.298,829.973,594.656,329.03,0.489531,1.8073,0.747155,5.448,-5.448
2026-06-27 16:34:05.612,Patient,4463.59,4336.28,4495.41,113,109,4,4,0.8,0.783538,0.799908,748,671,734,648,792,711,773,687,812,702,1009,678,110,331,709.5,735,-25.5,709.5,691,18.5,751.5,730,21.5,757,843.5,-86.5,400.743,834.941,584.683,368.134,0.479966,1.58824,0.771085,5.448,-1.448
2026-06-27 16:34:05.699,Patient,4471.11,4414.41,4495.41,111,109,2,2,0.7,0.849514,0.803177,759,680,753,652,801,720,800,688,821,711,1010,984,110,26,719.5,735,-15.5,719.5,702.5,17,760.5,744,16.5,766,997,-231,399.287,833.813,553.866,889.002,0.478869,0.62302,1.17011,5.448,-3.448
2026-06-27 16:34:05.802,Patient,4471.11,4414.41,4495.41,111,109,2,2,0.7,0.820203,0.81352,749,671,731,652,792,711,770,688,812,702,1010,984,110,26,710,735,-25,710,691.5,18.5,751.5,729,22.5,757,997,-240,409.334,833.353,560.144,893.393,0.491189,0.626985,1.16967,5.448,-3.448
2026-06-27 16:34:05.887,Patient,4483.15,4454.55,4495.41,110,109,1,1,0.7,0.876463,0.807183,758,680,730,651,801,720,771,688,821,711,1010,984,110,26,719,734.5,-15.5,719,690.5,28.5,760.5,729.5,31,766,997,-231,410.791,836.251,573.862,876.97,0.491229,0.65437,1.16342,5.448,-4.448
2026-06-27 16:34:05.984,Patient,4495.41,4495.41,4495.41,109,109,0,0,0.7,0.856375,0.81846,749,671,738,648,792,711,799,688,812,702,1009,678,110,331,710,733.5,-23.5,710,693,17,751.5,743.5,8,757,843.5,-86.5,409.467,829.173,600.588,356.726,0.493826,1.68361,0.772875,5.448,-5.448
2026-06-27 16:34:06.074,Patient,4465.31,4375,4495.41,112,109,3,3,0.75,0.766427,0.807346,751,673,733,648,794,714,771,687,814,705,1010,678,109,332,712,734,-22,712,690.5,21.5,754,729,25,759.5,844,-84.5,413.618,832.254,574.316,358.02,0.496986,1.60414,0.748341,5.448,-2.448
2026-06-27 16:34:06.174,Patient,4483.15,4454.55,4495.41,110,109,1,1,0.7,0.763544,0.800678,755,677,730,649,799,718,771,687,819,709,1009,678,110,331,716,734,-18,716,689.5,26.5,758.5,729,29.5,764,843.5,-79.5,410.91,830.667,581.168,336.852,0.494675,1.72529,0.739399,5.448,-4.448
2026-06-27 16:34:06.276,Patient,4465.31,4375,4495.41,112,109,3,3,0.75,0.788563,0.804993,751,674,729,669,794,714,771,716,1063,705,1009,984,358,25,712.5,734.5,-22,712.5,699,13.5,754,743.5,10.5,884,996.5,-112.5,1083.03,831.279,565.668,904.738,1.30285,0.625229,0.768113,5.448,-2.448
2026-06-27 16:34:06.361,Patient,4463.59,4336.28,4495.41,113,109,4,4,0.8,0.719109,0.805386,749,671,730,651,792,711,772,687,1060,702,1009,984,358,25,710,734.5,-24.5,710,690.5,19.5,751.5,729.5,22,881,996.5,-115.5,1086.43,830.813,570.852,886.333,1.30767,0.64406,0.76004,5.448,-1.448
2026-06-27 16:34:06.468,Patient,4471.11,4414.41,4495.41,111,109,2,2,0.7,0.924822,0.812457,757,680,733,653,801,720,771,688,821,711,1009,929,110,80,718.5,734.5,-16,718.5,693,25.5,760.5,729.5,31,766,969,-203,401.915,831.62,591.988,338.748,0.483292,1.74758,0.754527,5.448,-3.448
2026-06-27 16:34:06.551,Patient,4524.55,4495.41,4537.04,109,108,1,1,0.7,0.917668,0.784075,755,678,734,653,798,718,771,689,818,709,1009,984,109,25,716.5,735,-18.5,716.5,693.5,23,758,730,28,763.5,996.5,-233,413.498,832.175,597.652,886.181,0.496888,0.674413,1.19119,5.476,-4.476
2026-06-27 16:34:06.643,Patient,4483.15,4454.55,4495.41,110,109,1,1,0.7,0.931889,0.797067,751,673,755,649,795,714,800,688,1062,705,1010,679,357,331,712,734.5,-22.5,712,702,10,754.5,744,10.5,883.5,844.5,39,1084.76,823.06,586.616,329.918,1.31796,1.77806,0.480409,5.448,-4.448
2026-06-27 16:34:06.769,Patient,4512.29,4454.55,4537.04,110,108,2,2,0.7,0.925459,0.781931,754,677,754,649,798,718,800,688,818,709,1010,984,109,26,715.5,734,-18.5,715.5,701.5,14,758,744,14,763.5,997,-233.5,405.219,832.939,585.248,894.768,0.486494,0.654078,1.19534,5.476,-3.476
2026-06-27 16:34:06.820,Patient,4471.11,4414.41,4495.41,111,109,2,2,0.7,0.859793,0.808605,752,674,734,670,795,714,772,688,815,705,1009,679,110,330,713,734.5,-21.5,713,702,11,754.5,730,24.5,760,844,-84,415.209,832.458,596.156,337.606,0.498775,1.76583,0.748406,5.448,-3.448
2026-06-27 16:34:06.911,Patient,4471.11,4414.41,4495.41,111,109,2,2,0.7,0.743007,0.808821,749,671,730,649,792,711,773,687,812,702,1009,678,110,331,710,734.5,-24.5,710,689.5,20.5,751.5,730,21.5,757,843.5,-86.5,407.961,832.976,582.218,333.091,0.489763,1.74792,0.737595,5.448,-3.448
2026-06-27 16:34:07.083,Patient,4455.98,4298.25,4495.41,114,109,5,5,0.8,0.757742,0.816163,758,680,731,670,801,720,771,716,821,711,1009,984,110,25,719,734.5,-15.5,719,700.5,18.5,760.5,743.5,17,766,996.5,-230.5,405.071,832.327,573.58,910.2,0.486673,0.630169,1.19911,5.448,-0.448
2026-06-27 16:34:07.175,Patient,4463.59,4336.28,4495.41,113,109,4,4,0.8,0.734202,0.808673,749,671,731,669,792,711,771,716,812,702,1009,984,110,25,710,734.5,-24.5,710,700,10,751.5,743.5,8,757,996.5,-239.5,414.845,835.802,573.105,915.174,0.496344,0.626226,1.19001,5.448,-1.448
2026-06-27 16:34:07.202,Patient,4483.15,4454.55,4495.41,110,109,1,1,0.7,0.859069,0.817999,752,675,753,651,796,715,800,688,816,706,1010,984,110,26,713.5,734.5,-21,713.5,702,11.5,755.5,744,11.5,761,997,-236,422.208,834.881,580.615,901.964,0.50571,0.643723,1.17938,5.448,-4.448
2026-06-27 16:34:07.313,Patient,4495.41,4495.41,4495.41,109,109,0,0,0.7,0.810846,0.807045,752,674,730,650,795,714,771,689,815,705,1009,984,110,25,713,734.5,-21.5,713,690,23,754.5,730,24.5,760,996.5,-236.5,419.184,833.201,591.796,932.488,0.5031,0.634642,1.21711,5.448,-5.448
2026-06-27 16:34:07.413,Patient,4471.11,4414.41,4495.41,111,109,2,2,0.7,0.782205,0.810997,755,678,730,648,798,718,772,687,819,709,1009,678,110,331,716.5,734,-17.5,716.5,689,27.5,758,729.5,28.5,764,843.5,-79.5,402.94,836.064,603.438,343.842,0.481949,1.75499,0.764549,5.448,-3.448
2026-06-27 16:34:07.503,Patient,4465.31,4375,4495.41,112,109,3,3,0.75,0.747745,0.808583,750,674,732,671,794,714,772,716,815,705,1009,984,110,25,712,734.5,-22.5,712,701.5,10.5,754,744,10,760,996.5,-236.5,408.639,840.645,586.505,918.184,0.486102,0.638766,1.20444,5.448,-2.448
2026-06-27 16:34:07.614,Patient,4483.15,4454.55,4495.41,110,109,1,1,0.7,0.897103,0.801597,755,678,732,653,799,718,771,688,819,709,1010,929,110,81,716.5,734.5,-18,716.5,692.5,24,758.5,729.5,29,764,969.5,-205.5,415.946,831.813,609.692,351.407,0.500047,1.73501,0.77026,5.448,-4.448
2026-06-27 16:34:07.710,Patient,4495.41,4495.41,4495.41,109,109,0,0,0.7,0.926874,0.809767,758,680,733,652,801,720,771,689,821,711,1010,984,110,26,719,735,-16,719,692.5,26.5,760.5,730,30.5,766,997,-231,411.622,841.21,616.573,906.372,0.489321,0.680266,1.2156,5.448,-5.448
2026-06-27 16:34:07.762,Patient,4483.15,4454.55,4495.41,110,109,1,1,0.7,0.899743,0.812088,755,678,754,648,799,718,800,688,819,709,1010,984,110,26,716.5,734,-17.5,716.5,701,15.5,758.5,744,14.5,764,997,-233,409.568,841.182,609.112,912.929,0.486896,0.667207,1.2169,5.448,-4.448
2026-06-27 16:34:07.840,Patient,4495.41,4495.41,4495.41,109,109,0,0,0.7,0.797041,0.812347,751,674,731,651,795,714,771,689,814,705,1009,984,109,25,712.5,734.5,-22,712.5,691,21.5,754.5,730,24.5,759.5,996.5,-237,428.696,843.281,604.848,934.487,0.508366,0.647252,1.21019,5.448,-5.448
2026-06-27 16:34:07.935,Patient,4483.15,4454.55,4495.41,110,109,1,1,0.7,0.923462,0.815266,755,678,731,651,798,718,771,688,819,709,1010,929,110,81,716.5,734,-17.5,716.5,691,25.5,758,729.5,28.5,764,969.5,-205.5,407.457,840.722,615.539,359.651,0.484651,1.71149,0.781291,5.448,-4.448
2026-06-27 16:34:08.029,Patient,4455.98,4298.25,4495.41,114,109,5,5,0.8,0.744243,0.80805,754,681,729,669,771,720,772,716,821,711,1009,984,110,25,717.5,734.5,-17,717.5,699,18.5,745.5,744,1.5,766,996.5,-230.5,419.574,845.173,606.667,933.22,0.496435,0.650079,1.21755,5.448,-0.448
2026-06-27 16:34:08.121,Patient,4495.41,4495.41,4495.41,109,109,0,0,0.7,0.917292,0.798508,749,671,734,652,792,711,771,689,812,702,1009,984,110,25,710,734,-24,710,693,17,751.5,730,21.5,757,996.5,-239.5,419.269,851.468,615.44,919.872,0.492407,0.66905,1.20821,5.448,-5.448
2026-06-27 16:34:08.216,Patient,4483.15,4454.55,4495.41,110,109,1,1,0.7,0.916018,0.813202,757,680,732,651,801,720,772,688,821,711,1010,929,110,81,718.5,734.5,-16,718.5,691.5,27,760.5,730,30.5,766,969.5,-203.5,413.462,844.895,619.801,355.29,0.489365,1.74449,0.774892,5.448,-4.448
2026-06-27 16:34:08.309,Patient,4471.11,4414.41,4495.41,111,109,2,2,0.7,0.912477,0.80683,758,680,733,650,801,720,772,688,821,711,1010,930,110,80,719,734,-15,719,691.5,27.5,760.5,730,30.5,766,970,-204,419.069,845.287,615.67,365.115,0.495771,1.68624,0.775719,5.448,-3.448
2026-06-27 16:34:08.403,Patient,4463.59,4336.28,4495.41,113,109,4,4,0.8,0.825738,0.804774,749,671,736,648,792,711,772,687,812,702,1010,678,110,332,710,734.5,-24.5,710,692,18,751.5,729.5,22,757,844,-87,415.734,840.272,608.503,382.322,0.494761,1.5916,0.78887,5.448,-1.448
2026-06-27 16:34:08.498,Patient,4483.15,4454.55,4495.41,110,109,1,1,0.7,0.896138,0.814296,757,680,732,651,801,720,772,688,821,711,1009,929,110,80,718.5,734.5,-16,718.5,691.5,27,760.5,730,30.5,766,969,-203,417.047,845.413,607.925,352.82,0.493306,1.72304,0.76101,5.448,-4.448
2026-06-27 16:34:08.591,Patient,4483.15,4454.55,4495.41,110,109,1,1,0.7,0.907308,0.816039,745,671,751,650,762,711,800,689,812,702,1010,679,110,331,708,734.5,-26.5,708,700.5,7.5,736.5,744.5,-8,757,844.5,-87.5,419.094,842.417,621.262,345.371,0.49749,1.79882,0.766251,5.448,-4.448
2026-06-27 16:34:08.685,Patient,4483.15,4454.55,4495.41,110,109,1,1,0.7,0.914303,0.812124,757,680,736,648,801,720,800,688,822,711,1010,984,111,26,718.5,734.5,-16,718.5,692,26.5,760.5,744,16.5,766.5,997,-230.5,419.353,843.138,605.279,921.312,0.497371,0.656975,1.20919,5.448,-4.448
2026-06-27 16:34:08.776,Patient,4463.59,4336.28,4495.41,113,109,4,4,0.8,0.798046,0.80592,756,677,735,648,799,718,772,687,819,709,1010,678,110,332,716.5,734.5,-18,716.5,691.5,25,758.5,729.5,29,764,844,-80,412.991,851.852,589.447,365.119,0.484816,1.6144,0.75469,5.448,-1.448
2026-06-27 16:34:08.872,Patient,4465.31,4375,4495.41,112,109,3,3,0.75,0.739385,0.80994,751,673,732,670,794,714,771,716,1063,705,1009,984,358,25,712,734,-22,712,701,11,754,743.5,10.5,884,996.5,-112.5,1102.59,845.513,594.51,935.13,1.30404,0.63575,0.785196,5.448,-2.448
2026-06-27 16:34:08.967,Patient,4524.55,4495.41,4537.04,109,108,1,1,0.7,0.902246,0.776552,755,678,737,650,798,718,800,689,819,709,1010,679,110,331,716.5,734.5,-18,716.5,693.5,23,758,744.5,13.5,764,844.5,-80.5,418.74,846.248,627.061,355.812,0.49482,1.76234,0.776982,5.476,-4.476
2026-06-27 16:34:09.059,Patient,4471.11,4414.41,4495.41,111,109,2,2,0.7,0.856407,0.811473,751,673,753,652,794,714,771,688,815,705,1010,984,110,26,712,735,-23,712,702.5,9.5,754,729.5,24.5,760,997,-237,416.307,846.693,597.001,910.966,0.491685,0.655349,1.19396,5.448,-3.448
2026-06-27 16:34:09.156,Patient,4463.59,4336.28,4495.41,113,109,4,4,0.8,0.759341,0.81018,756,678,732,671,799,718,772,716,819,709,1009,984,110,25,717,734.5,-17.5,717,701.5,15.5,758.5,744,14.5,764,996.5,-232.5,415.949,843.643,593.629,934.817,0.493039,0.635022,1.21344,5.448,-1.448
2026-06-27 16:34:09.248,Patient,4495.41,4495.41,4495.41,109,109,0,0,0.7,0.837927,0.808036,749,672,732,647,792,711,772,688,812,702,1010,678,110,332,710.5,733.5,-23,710.5,689.5,21,751.5,730,21.5,757,844,-87,421.305,844.697,612.792,355.032,0.498765,1.72602,0.764472,5.448,-5.448
2026-06-27 16:34:09.341,Patient,4455.98,4298.25,4495.41,114,109,5,5,0.8,0.827443,0.796536,758,680,734,648,801,720,801,687,821,711,1010,678,110,332,719,734.5,-15.5,719,691,28,760.5,744,16.5,766,844,-78,419.993,845.448,588.512,356.876,0.496769,1.64907,0.747082,5.448,-0.448
2026-06-27 16:34:09.436,Patient,4471.11,4414.41,4495.41,111,109,2,2,0.7,0.918978,0.813419,749,671,732,651,792,711,771,688,812,702,1010,930,110,80,710,734,-24,710,691.5,18.5,751.5,729.5,22,757,970,-213,419.787,844.422,621.112,364.387,0.497129,1.70454,0.779538,5.448,-3.448
2026-06-27 16:34:09.528,Patient,4448.5,4260.87,4495.41,115,109,6,6,0.8,0.788027,0.806141,758,680,734,648,801,720,773,687,821,711,1010,677,110,333,719,734.5,-15.5,719,691,28,760.5,730,30.5,766,843.5,-77.5,422.415,848.091,613.148,353.024,0.498078,1.73684,0.760462,5.448,0.552
2026-06-27 16:34:09.624,Patient,4483.15,4454.55,4495.41,110,109,1,1,0.7,0.858715,0.804939,749,671,736,649,792,711,773,688,812,702,1010,679,110,331,710,735,-25,710,692.5,17.5,751.5,730.5,21,757,844.5,-87.5,417.876,838.575,616.438,371.909,0.498317,1.6575,0.786618,5.448,-4.448
2026-06-27 16:34:09.714,Patient,4463.59,4336.28,4495.41,113,109,4,4,0.8,0.762026,0.805294,751,673,732,671,795,714,771,716,1063,705,1009,984,358,25,712,734.5,-22.5,712,701.5,10.5,754.5,743.5,11,884,996.5,-112.5,1101.03,836.044,592.253,937.255,1.31695,0.631902,0.789597,5.448,-1.448
2026-06-27 16:34:09.809,Patient,4483.15,4454.55,4495.41,110,109,1,1,0.7,0.916631,0.806606,756,677,739,649,799,718,800,688,819,709,1010,679,110,331,716.5,734.5,-18,716.5,694,22.5,758.5,744,14.5,764,844.5,-80.5,411.157,840.12,615.962,346.798,0.489403,1.77614,0.769422,5.448,-4.448
2026-06-27 16:34:09.902,Patient,4463.59,4336.28,4495.41,113,109,4,4,0.8,0.760388,0.80291,759,680,732,671,801,720,771,716,821,711,1009,984,110,25,719.5,735,-15.5,719.5,701.5,18,760.5,743.5,17,766,996.5,-230.5,414.739,844.014,583.547,937.484,0.491388,0.62246,1.20836,5.448,-1.448
2026-06-27 16:34:09.998,Patient,4495.41,4495.41,4495.41,109,109,0,0,0.7,0.88963,0.805978,755,677,734,653,798,718,771,688,819,709,1010,929,110,81,716,734.5,-18.5,716,693.5,22.5,758,729.5,28.5,764,969.5,-205.5,412.638,841.341,618.875,349.627,0.490452,1.7701,0.772343,5.448,-5.448
2026-06-27 16:34:10.092,Patient,4483.15,4454.55,4495.41,110,109,1,1,0.7,0.830255,0.80658,757,681,734,649,801,720,772,688,821,711,1010,679,110,331,719,734.5,-15.5,719,691.5,27.5,760.5,730,30.5,766,844.5,-78.5,408.651,834.6,613.624,378.769,0.489636,1.62005,0.798224,5.448,-4.448
2026-06-27 16:34:10.184,Patient,4495.41,4495.41,4495.41,109,109,0,0,0.7,0.87431,0.798481,755,678,735,647,799,718,800,688,819,709,1010,678,110,332,716.5,734,-17.5,716.5,691,25.5,758.5,744,14.5,764,844,-80,414.605,840.574,629.096,355.004,0.49324,1.77208,0.784032,5.448,-5.448
2026-06-27 16:34:10.280,Patient,4483.15,4454.55,4495.41,110,109,1,1,0.7,0.90136,0.811132,757,680,733,652,801,720,772,688,821,711,1010,929,110,81,718.5,734.5,-16,718.5,692.5,26,760.5,730,30.5,766,969.5,-203.5,412.62,843.764,620.557,361.883,0.489023,1.7148,0.781958,5.448,-4.448
2026-06-27 16:34:10.372,Patient,4495.41,4495.41,4495.41,109,109,0,0,0.7,0.909807,0.811832,755,678,753,649,798,718,800,688,819,709,1010,679,110,331,716.5,734.5,-18,716.5,701,15.5,758,744,14,764,844.5,-80.5,419.6,842.912,617.634,350.96,0.497798,1.75984,0.767196,5.448,-5.448
2026-06-27 16:34:10.465,Patient,4495.41,4495.41,4495.41,109,109,0,0,0.7,0.900708,0.8103,759,680,733,652,801,720,771,689,821,711,1009,984,110,25,719.5,735,-15.5,719.5,692.5,27,760.5,730,30.5,766,996.5,-230.5,416.471,846.903,626.055,934.431,0.491758,0.669985,1.23517,5.448,-5.448
2026-06-27 16:34:10.560,Patient,4455.98,4298.25,4495.41,114,109,5,5,0.8,0.807543,0.81271,755,678,735,647,798,718,772,687,819,708,1010,678,111,332,716.5,734.5,-18,716.5,691,25.5,758,729.5,28.5,763.5,844,-80.5,415.06,837.629,601.912,367.458,0.495518,1.63804,0.773832,5.448,-0.448
2026-06-27 16:34:10.653,Patient,4463.59,4336.28,4495.41,113,109,4,4,0.8,0.807225,0.813314,758,680,735,648,801,720,772,687,821,711,1010,678,110,332,719,734.5,-15.5,719,691.5,27.5,760.5,729.5,31,766,844,-78,415.636,843.235,591.823,370.004,0.492906,1.5995,0.764039,5.448,-1.448
2026-06-27 16:34:10.747,Patient,4463.59,4336.28,4495.41,113,109,4,4,0.8,0.777967,0.792819,749,671,732,648,792,711,773,687,812,702,1010,678,110,332,710,734.5,-24.5,710,690,20,751.5,730,21.5,757,844,-87,413.396,850.121,619.753,379.376,0.486279,1.63361,0.790751,5.448,-1.448
2026-06-27 16:34:10.841,Patient,4455.98,4298.25,4495.41,114,109,5,5,0.8,0.794248,0.803051,758,680,729,651,801,720,773,716,821,711,1010,984,110,26,719,735,-16,719,690,29,760.5,744.5,16,766,997,-231,424.288,840.426,610.347,924.831,0.504849,0.659955,1.21385,5.448,-0.448
2026-06-27 16:34:10.935,Patient,4463.59,4336.28,4495.41,113,109,4,4,0.8,0.848328,0.815811,748,671,732,652,792,711,771,688,812,702,1010,984,110,26,709.5,734.5,-25,709.5,692,17.5,751.5,729.5,22,757,997,-240,417.249,849.384,605.732,909.83,0.491237,0.665764,1.19653,5.448,-1.448
2026-06-27 16:34:11.026,Patient,4495.41,4495.41,4495.41,109,109,0,0,0.7,0.909794,0.805885,759,680,733,651,801,720,771,689,821,711,1010,984,110,26,719.5,735,-15.5,719.5,692,27.5,760.5,730,30.5,766,997,-231,412.937,843.092,629.457,933.356,0.489789,0.674402,1.24425,5.448,-5.448
2026-06-27 16:34:11.231,Patient,4455.98,4298.25,4495.41,114,109,5,5,0.8,0.753525,0.815145,755,678,729,668,799,718,772,716,819,709,1009,930,110,79,716.5,734.5,-18,716.5,698.5,18,758.5,744,14.5,764,969.5,-205.5,424.449,842.772,613.909,341.879,0.503635,1.79569,0.754239,5.448,-0.448
2026-06-27 16:34:11.309,Patient,4495.41,4495.41,4495.41,109,109,0,0,0.7,0.905194,0.809184,751,673,735,652,795,714,772,689,1063,705,1010,984,358,26,712,735.5,-23.5,712,693.5,18.5,754.5,730.5,24,884,997,-113,1106.79,844.76,626.265,937.284,1.31018,0.66817,0.801182,5.448,-5.448
2026-06-27 16:34:11.406,Patient,4496.89,4336.28,4537.04,113,108,5,5,0.8,0.772301,0.783269,744,671,730,649,762,711,773,716,812,702,1009,678,110,331,707.5,735,-27.5,707.5,689.5,18,736.5,744.5,-8,757,843.5,-86.5,417.852,847.099,614.089,345.163,0.493275,1.77913,0.758331,5.476,-0.476
2026-06-27 16:34:11.498,Patient,4495.41,4495.41,4495.41,109,109,0,0,0.7,0.872611,0.806993,758,680,733,650,801,720,772,689,822,711,1009,680,111,329,719,735,-16,719,691.5,27.5,760.5,730.5,30,766.5,844.5,-78,419.664,842.154,617.048,364.182,0.498322,1.69434,0.777633,5.448,-5.448
2026-06-27 16:34:11.731,Patient,4483.15,4454.55,4495.41,110,109,1,1,0.7,0.845627,0.803756,756,678,734,648,799,718,772,688,819,709,1010,679,110,331,717,735,-18,717,691,26,758.5,730,28.5,764,844.5,-80.5,417.402,843.715,619.897,380.852,0.49472,1.62766,0.793541,5.448,-4.448
2026-06-27 16:34:11.783,Patient,4465.31,4375,4495.41,112,109,3,3,0.75,0.746689,0.792952,758,680,733,648,801,720,773,687,821,711,1010,678,110,332,719,734.5,-15.5,719,690.5,28.5,760.5,730,30.5,766,844,-78,412.725,847.912,639.514,371.356,0.486755,1.72211,0.801872,5.448,-2.448
2026-06-27 16:34:11.872,Patient,4455.98,4298.25,4495.41,114,109,5,5,0.8,0.742996,0.80172,755,677,732,670,799,718,772,716,819,709,1009,930,110,79,716,734.5,-18.5,716,701,15,758.5,744,14.5,764,969.5,-205.5,414.499,850.037,620.887,343.676,0.487624,1.80661,0.76278,5.448,-0.448
2026-06-27 16:34:11.967,Patient,4495.41,4495.41,4495.41,109,109,0,0,0.7,0.895605,0.810909,751,674,731,652,795,714,772,689,815,705,1010,984,110,26,712.5,734.5,-22,712.5,691.5,21,754.5,730.5,24,760,997,-237,416.623,850.663,636.536,944.867,0.489763,0.673678,1.24787,5.448,-5.448
2026-06-27 16:34:12.162,Patient,4483.15,4454.55,4495.41,110,109,1,1,0.7,0.755976,0.812838,754,678,732,649,798,718,771,689,819,709,1009,680,110,329,716,735.5,-19.5,716,690.5,25.5,758,730,28,764,844.5,-80.5,408.289,842.285,611.117,351.986,0.484739,1.73619,0.770129,5.448,-4.448
2026-06-27 16:34:12.210,Patient,4495.41,4495.41,4495.41,109,109,0,0,0.7,0.871617,0.811101,747,674,734,647,765,714,772,688,815,705,1010,679,110,331,710.5,734.5,-24,710.5,690.5,20,739.5,730,9.5,760,844.5,-84.5,422.532,856.739,651.833,360.329,0.493186,1.80899,0.791203,5.448,-5.448
2026-06-27 16:34:12.261,Patient,4448.5,4260.87,4495.41,115,109,6,6,0.8,0.801649,0.824595,751,678,729,651,769,718,773,687,819,709,1010,984,110,26,714.5,735,-20.5,714.5,690,24.5,743.5,730,13.5,764,997,-233,429.652,843.533,624.194,919.882,0.509348,0.678559,1.21277,5.448,0.552
2026-06-27 16:34:12.341,Patient,4483.15,4454.55,4495.41,110,109,1,1,0.7,0.900409,0.808178,752,674,732,647,795,714,772,688,815,705,1010,679,110,331,713,734.5,-21.5,713,689.5,23.5,754.5,730,24.5,760,844.5,-84.5,427.283,854.355,638.648,368.576,0.500124,1.73274,0.785888,5.448,-4.448
2026-06-27 16:34:12.433,Patient,4463.59,4336.28,4495.41,113,109,4,4,0.8,0.738894,0.804646,749,671,731,668,792,711,772,716,812,702,1009,984,110,25,710,735,-25,710,699.5,10.5,751.5,744,7.5,757,996.5,-239.5,421.667,855,619.553,959.112,0.493177,0.645965,1.23655,5.448,-1.448
2026-06-27 16:34:12.528,Patient,4495.41,4495.41,4495.41,109,109,0,0,0.7,0.899074,0.801923,752,673,734,652,795,714,772,689,815,705,1010,984,110,26,712.5,735,-22.5,712.5,693,19.5,754.5,730.5,24,760,997,-237,421.781,854.069,650.679,955.793,0.493849,0.680774,1.25914,5.448,-5.448
2026-06-27 16:34:12.620,Patient,4483.15,4454.55,4495.41,110,109,1,1,0.7,0.89452,0.805821,756,678,733,652,799,718,771,689,819,709,1010,929,110,81,717,734.5,-17.5,717,692.5,24.5,758.5,730,28.5,764,969.5,-205.5,424.914,848.479,645.275,360.539,0.500796,1.78975,0.789869,5.448,-4.448
2026-06-27 16:34:12.718,Patient,4465.31,4375,4495.41,112,109,3,3,0.75,0.789679,0.806445,751,674,734,648,795,714,773,688,815,705,1010,678,110,332,712.5,734.5,-22,712.5,691,21.5,754.5,730.5,24,760,844,-84,423.553,850.622,627.313,389.294,0.497933,1.61141,0.797855,5.448,-2.448
2026-06-27 16:34:12.813,Patient,4455.98,4298.25,4495.41,114,109,5,5,0.8,0.802549,0.807105,753,680,734,648,771,720,773,687,821,711,1010,678,110,332,716.5,735,-18.5,716.5,691,25.5,745.5,730,15.5,766,844,-78,421.128,851.845,635.665,376.495,0.494372,1.68838,0.795115,5.448,-0.448
2026-06-27 16:34:12.903,Patient,4463.59,4336.28,4495.41,113,109,4,4,0.8,0.743552,0.805745,755,678,733,671,799,718,771,716,819,709,1009,984,110,25,716.5,735,-18.5,716.5,702,14.5,758.5,743.5,15,764,996.5,-232.5,426.744,853.911,605.678,958.504,0.499753,0.631899,1.22139,5.448,-1.448
2026-06-27 16:34:12.995,Patient,4483.15,4454.55,4495.41,110,109,1,1,0.7,0.822431,0.806566,751,673,735,650,795,714,773,688,815,705,1010,679,110,331,712,735,-23,712,692.5,19.5,754.5,730.5,24,760,844.5,-84.5,412.063,854.623,632.076,395.476,0.482157,1.59827,0.811213,5.448,-4.448
2026-06-27 16:34:13.092,Patient,4483.15,4454.55,4495.41,110,109,1,1,0.7,0.7959,0.807745,758,680,733,650,801,720,772,689,821,711,1010,680,110,330,719,735.5,-16.5,719,691.5,27.5,760.5,730.5,30,766,845,-79,411.604,852.288,623.481,361.634,0.482939,1.72407,0.77943,5.448,-4.448
2026-06-27 16:34:13.183,Patient,4471.11,4414.41,4495.41,111,109,2,2,0.7,0.886735,0.80099,756,677,735,650,799,718,773,688,819,709,1010,679,110,331,716.5,735,-18.5,716.5,692.5,24,758.5,730.5,28,764,844.5,-80.5,420.093,850.706,634.77,383.13,0.493816,1.6568,0.800993,5.448,-3.448
2026-06-27 16:34:13.277,Patient,4483.15,4454.55,4495.41,110,109,1,1,0.7,0.915808,0.805711,752,673,753,649,795,714,800,688,815,705,1010,679,110,331,712.5,734.5,-22,712.5,701,11.5,754.5,744,10.5,760,844.5,-84.5,424.105,851.626,629.501,353.264,0.497994,1.78196,0.770354,5.448,-4.448
2026-06-27 16:34:13.372,Patient,4455.98,4298.25,4495.41,114,109,5,5,0.8,0.796301,0.813449,756,677,736,648,799,718,773,687,819,709,1010,678,110,332,716.5,735,-18.5,716.5,692,24.5,758.5,730,28.5,764,844,-80,429.801,854.341,602.048,373.464,0.503079,1.61206,0.759661,5.448,-0.448
2026-06-27 16:34:13.466,Patient,4471.11,4414.41,4495.41,111,109,2,2,0.7,0.816815,0.804406,757,680,731,647,801,720,773,688,821,711,1010,678,110,332,718.5,734.5,-16,718.5,689,29.5,760.5,730.5,30,766,844,-78,423.692,843.359,632.564,362.789,0.502386,1.74361,0.785568,5.448,-3.448
2026-06-27 16:34:13.558,Patient,4455.98,4298.25,4495.41,114,109,5,5,0.8,0.85686,0.809252,750,670,733,648,792,711,773,716,812,702,1010,678,110,332,710,734.5,-24.5,710,690.5,19.5,751.5,744.5,7,757,844,-87,415.821,849.015,617.511,356.187,0.489768,1.73367,0.769822,5.448,-0.448
2026-06-27 16:34:13.651,Patient,4483.15,4454.55,4495.41,110,109,1,1,0.7,0.927637,0.804005,752,673,755,649,794,714,800,688,815,705,1010,679,110,331,712.5,735,-22.5,712.5,702,10.5,754,744,10,760,844.5,-84.5,413.256,845.418,623.737,351.671,0.488818,1.77364,0.774949,5.448,-4.448
2026-06-27 16:34:13.747,Patient,4465.31,4375,4495.41,112,109,3,3,0.75,0.791381,0.801762,748,671,733,648,792,711,772,687,812,702,1010,678,110,332,709.5,734.5,-25,709.5,690.5,19,751.5,729.5,22,757,844,-87,413.573,837.766,630.139,383.427,0.493661,1.64344,0.809986,5.448,-2.448
2026-06-27 16:34:13.840,Patient,4495.41,4495.41,4495.41,109,109,0,0,0.7,0.898592,0.812087,757,680,735,652,801,720,772,689,822,711,1010,984,111,26,718.5,735,-16.5,718.5,693.5,25,760.5,730.5,30,766.5,997,-230.5,415.495,844.571,639.637,939.167,0.49196,0.681068,1.25295,5.448,-5.448
2026-06-27 16:34:13.973,Patient,4463.59,4336.28,4495.41,113,109,4,4,0.8,0.777848,0.80396,749,671,731,669,792,711,772,716,812,702,1009,984,110,25,710,735.5,-25.5,710,700,10,751.5,744,7.5,757,996.5,-239.5,412.099,848.825,614.909,952.744,0.485494,0.645408,1.24326,5.448,-1.448
2026-06-27 16:34:14.096,Patient,4471.11,4414.41,4495.41,111,109,2,2,0.7,0.897486,0.806833,758,680,732,651,801,720,771,688,822,711,1010,984,111,26,719,735,-16,719,691.5,27.5,760.5,729.5,31,766.5,997,-230.5,423.906,845.39,627.136,940.424,0.501432,0.666865,1.23498,5.448,-3.448
2026-06-27 16:34:14.144,Patient,4455.98,4298.25,4495.41,114,109,5,5,0.8,0.816855,0.819904,749,671,735,648,792,711,773,687,812,702,1010,678,110,332,710,734.5,-24.5,710,691.5,18.5,751.5,730,21.5,757,844,-87,420.37,843.765,603.861,376.752,0.498207,1.60281,0.775718,5.448,-0.448
2026-06-27 16:34:14.215,Patient,4471.11,4414.41,4495.41,111,109,2,2,0.7,0.911963,0.806386,752,673,733,651,795,714,772,688,815,705,1010,930,110,80,712.5,734.5,-22,712.5,692,20.5,754.5,730,24.5,760,970,-210,415.565,853.566,632.793,373.972,0.486857,1.69209,0.79327,5.448,-3.448
2026-06-27 16:34:14.308,Patient,4483.15,4454.55,4495.41,110,109,1,1,0.7,0.909188,0.806402,756,677,751,649,799,718,800,688,819,709,1010,679,110,331,716.5,734.5,-18,716.5,700,16.5,758.5,744,14.5,764,844.5,-80.5,413.479,849.909,625.711,357.438,0.486498,1.75054,0.778184,5.448,-4.448
2026-06-27 16:34:14.401,Patient,4471.11,4414.41,4495.41,111,109,2,2,0.7,0.841129,0.805697,752,673,733,648,795,714,772,688,815,705,1010,678,110,332,712.5,734.5,-22,712.5,690.5,22,754.5,730,24.5,760,844,-84,427.147,849.381,639.276,361.707,0.502892,1.76739,0.784144,5.448,-3.448
2026-06-27 16:34:14.495,Patient,4483.15,4454.55,4495.41,110,109,1,1,0.7,0.895923,0.802443,755,677,738,648,799,718,772,688,819,709,1010,679,110,331,716,734.5,-18.5,716,693,23,758.5,730,28.5,764,844.5,-80.5,415.614,853.531,639.189,368.216,0.486935,1.73591,0.793766,5.448,-4.448
2026-06-27 16:34:14.589,Patient,4463.59,4336.28,4495.41,113,109,4,4,0.8,0.75985,0.8056,758,680,731,669,801,720,772,716,821,711,1009,930,110,79,719,734.5,-15.5,719,700,19,760.5,744,16.5,766,969.5,-203.5,421.095,843.814,616.93,342.44,0.499038,1.80157,0.75845,5.448,-1.448
2026-06-27 16:34:14.685,Patient,4463.59,4336.28,4495.41,113,109,4,4,0.8,0.805589,0.798353,754,677,734,648,799,718,773,687,819,709,1010,678,110,332,715.5,734.5,-19,715.5,691,24.5,758.5,730,28.5,764,844,-80,415.539,849.562,622.157,367.108,0.489121,1.69475,0.781965,5.448,-1.448
2026-06-27 16:34:14.861,Patient,4495.41,4495.41,4495.41,109,109,0,0,0.7,0.908131,0.806672,758,679,738,648,801,720,800,688,821,711,1010,679,110,331,718.5,734.5,-16,718.5,693,25.5,760.5,744,16.5,766,844.5,-78.5,422.131,845.369,645.556,365.561,0.499346,1.76593,0.797726,5.448,-5.448
2026-06-27 16:34:14.911,Patient,4448.5,4260.87,4495.41,115,109,6,6,0.8,0.740191,0.787982,755,677,732,670,799,718,772,716,819,709,1009,930,110,79,716,735,-19,716,701,15,758.5,744,14.5,764,969.5,-205.5,407.582,849.484,633.348,351.127,0.4798,1.80376,0.783152,5.448,0.552
2026-06-27 16:34:14.985,Patient,4483.15,4454.55,4495.41,110,109,1,1,0.7,0.897793,0.804965,759,680,754,650,801,720,800,689,821,711,1010,679,110,331,719.5,735,-15.5,719.5,702,17.5,760.5,744.5,16,766,844.5,-78.5,420.281,849.863,622.181,348.511,0.494528,1.78525,0.764238,5.448,-4.448
2026-06-27 16:34:15.059,Patient,4471.11,4414.41,4495.41,111,109,2,2,0.7,0.826609,0.808226,755,678,730,647,799,718,772,688,819,709,1009,678,110,331,716.5,734,-17.5,716.5,688.5,28,758.5,730,28.5,764,843.5,-79.5,417.174,848.7,642.71,366.624,0.491545,1.75305,0.797342,5.448,-3.448
2026-06-27 16:34:15.151,Patient,4455.98,4298.25,4495.41,114,109,5,5,0.8,0.843205,0.806527,758,680,734,648,801,720,772,687,821,711,1010,678,110,332,719,734.5,-15.5,719,691,28,760.5,729.5,31,766,844,-78,425.445,860.117,617.415,373.732,0.494636,1.65203,0.770983,5.448,-0.448
2026-06-27 16:34:15.247,Patient,4483.15,4454.55,4495.41,110,109,1,1,0.7,0.903552,0.809294,749,671,736,647,792,711,772,688,812,702,1010,679,110,331,710,734.5,-24.5,710,691.5,18.5,751.5,730,21.5,757,844.5,-87.5,420.599,856.78,650.156,372.05,0.490906,1.7475,0.800238,5.448,-4.448
2026-06-27 16:34:15.396,Patient,4512.29,4454.55,4537.04,110,108,2,2,0.7,0.908751,0.783609,758,680,737,648,801,720,800,688,821,711,1010,679,110,331,719,734.5,-15.5,719,692.5,26.5,760.5,744,16.5,766,844.5,-78.5,420.673,851.76,652.653,370.72,0.493887,1.7605,0.804265,5.476,-3.476
2026-06-27 16:34:15.445,Patient,4463.59,4336.28,4495.41,113,109,4,4,0.8,0.846326,0.800499,749,671,735,650,792,711,773,716,812,702,1010,678,110,332,710,734.5,-24.5,710,692.5,17.5,751.5,744.5,7,757,844,-87,414.134,847.043,610.209,365.783,0.488917,1.66823,0.773874,5.448,-1.448
2026-06-27 16:34:15.529,Patient,4455.98,4298.25,4495.41,114,109,5,5,0.8,0.74718,0.804439,759,680,732,670,801,720,772,716,822,711,1009,984,111,25,719.5,735,-15.5,719.5,701,18.5,760.5,744,16.5,766.5,996.5,-230,424.231,854.455,615.111,958.229,0.496493,0.641924,1.23044,5.448,-0.448
2026-06-27 16:34:15.621,Patient,4455.98,4298.25,4495.41,114,109,5,5,0.8,0.749153,0.809423,755,677,731,669,799,718,772,716,819,709,1010,930,110,80,716,735,-19,716,700,16,758.5,744,14.5,764,970,-206,417.744,851.866,627.29,346.637,0.490388,1.80964,0.767107,5.448,-0.448
2026-06-27 16:34:15.716,Patient,4471.11,4414.41,4495.41,111,109,2,2,0.7,0.75773,0.80238,751,673,732,649,794,714,773,687,815,705,1010,678,110,332,712,734.5,-22.5,712,690.5,21.5,754,730,24,760,844,-84,410.586,857.697,627.441,358.002,0.478708,1.75262,0.77699,5.448,-3.448
2026-06-27 16:34:15.808,Patient,4471.11,4414.41,4495.41,111,109,2,2,0.7,0.834506,0.804948,755,678,733,648,799,718,772,688,819,709,1009,679,110,330,716.5,734.5,-18,716.5,690.5,26,758.5,730,28.5,764,844,-80,418.238,856.588,644.375,367.018,0.488261,1.75571,0.793357,5.448,-3.448
2026-06-27 16:34:15.904,Patient,4455.98,4298.25,4495.41,114,109,5,5,0.8,0.751446,0.795878,759,680,730,669,801,720,772,716,821,711,1010,930,110,80,719.5,735,-15.5,719.5,699.5,20,760.5,744,16.5,766,970,-204,423.52,839.02,626.797,340.999,0.504779,1.83812,0.766547,5.448,-0.448
2026-06-27 16:34:15.999,Patient,4483.15,4454.55,4495.41,110,109,1,1,0.7,0.940359,0.804463,750,678,737,649,769,718,800,688,819,709,1010,679,110,331,714,734.5,-20.5,714,693,21,743.5,744,-0.5,764,844.5,-80.5,413.493,855.835,646.956,360.798,0.483145,1.79312,0.793927,5.448,-4.448
2026-06-27 16:34:16.089,Patient,4463.59,4336.28,4495.41,113,109,4,4,0.8,0.819539,0.804327,752,674,732,652,795,714,771,688,815,705,1010,984,110,26,713,735,-22,713,692,21,754.5,729.5,25,760,997,-237,413.119,855.384,613.886,957.81,0.482963,0.640926,1.23902,5.448,-1.448
2026-06-27 16:34:16.183,Patient,4483.15,4454.55,4495.41,110,109,1,1,0.7,0.912029,0.796947,749,670,735,653,792,711,772,689,813,702,1010,984,111,26,709.5,735,-25.5,709.5,694,15.5,751.5,730.5,21,757.5,997,-239.5,419.242,853.922,642.05,950.987,0.490961,0.675141,1.25124,5.448,-4.448
2026-06-27 16:34:16.279,Patient,4471.11,4414.41,4495.41,111,109,2,2,0.7,0.920663,0.795576,751,673,731,651,795,714,771,688,815,705,1010,929,110,81,712,735,-23,712,691,21,754.5,729.5,25,760,969.5,-209.5,415.406,854.024,641.666,379.686,0.48641,1.68999,0.804575,5.448,-3.448
2026-06-27 16:34:16.371,Patient,4471.11,4414.41,4495.41,111,109,2,2,0.7,0.856613,0.80932,756,677,734,649,799,718,772,688,819,709,1010,679,110,331,716.5,735,-18.5,716.5,691.5,25,758.5,730,28.5,764,844.5,-80.5,422.981,850.267,639.94,395.226,0.497469,1.61917,0.813012,5.448,-3.448
2026-06-27 16:34:16.465,Patient,4483.15,4454.55,4495.41,110,109,1,1,0.7,0.808245,0.799524,752,674,731,651,795,714,772,689,815,705,1010,680,110,330,713,735.5,-22.5,713,691,22,754.5,730.5,24,760,845,-85,417.744,851.766,638.287,342.184,0.490445,1.86533,0.772322,5.448,-4.448
2026-06-27 16:34:16.559,Patient,4471.11,4414.41,4495.41,111,109,2,2,0.7,0.91043,0.800125,755,677,732,651,799,718,772,688,819,709,1010,930,110,80,716,734.5,-18.5,716,691.5,24.5,758.5,730,28.5,764,970,-206,418.342,846.303,644.852,383.814,0.494317,1.68012,0.813402,5.448,-3.448
2026-06-27 16:34:16.653,Patient,4483.15,4454.55,4495.41,110,109,1,1,0.7,0.902969,0.809637,758,680,735,651,801,720,772,689,821,711,1010,680,110,330,719,735.5,-16.5,719,693,26,760.5,730.5,30,766,845,-79,411.917,850.305,638.791,358.375,0.484434,1.78247,0.790008,5.448,-4.448
2026-06-27 16:34:16.748,Patient,4495.41,4495.41,4495.41,109,109,0,0,0.7,0.895878,0.813085,755,677,734,652,799,718,772,689,819,709,1010,984,110,26,716,735,-19,716,693,23,758.5,730.5,28,764,997,-233,416.092,847.859,649.056,943.425,0.490756,0.687978,1.25992,5.448,-5.448
2026-06-27 16:34:16.841,Patient,4495.41,4495.41,4495.41,109,109,0,0,0.7,0.843432,0.811301,751,674,733,648,795,714,772,688,815,705,1010,679,110,331,712.5,734,-21.5,712.5,690.5,22,754.5,730,24.5,760,844.5,-84.5,423.63,846.448,641.165,360.474,0.50048,1.77867,0.788644,5.448,-5.448
2026-06-27 16:34:16.933,Patient,4471.11,4414.41,4495.41,111,109,2,2,0.7,0.887287,0.800809,756,678,734,652,799,718,772,688,819,708,1010,930,111,80,717,735,-18,717,693,24,758.5,730,28.5,763.5,970,-206.5,411.58,837.075,645.035,374.184,0.491688,1.72385,0.816253,5.448,-3.448
2026-06-27 16:34:17.028,Patient,4483.15,4454.55,4495.41,110,109,1,1,0.7,0.896866,0.806362,751,673,737,650,795,714,800,689,815,705,1010,984,110,26,712,734.5,-22.5,712,693.5,18.5,754.5,744.5,10,760,997,-237,416.888,844.318,613.755,941.515,0.493757,0.65188,1.23316,5.448,-4.448
2026-06-27 16:34:17.122,Patient,4471.11,4414.41,4495.41,111,109,2,2,0.7,0.898016,0.805287,755,678,732,651,799,718,772,688,819,709,1010,930,110,80,716.5,734.5,-18,716.5,691.5,25,758.5,730,28.5,764,970,-206,411.327,838.301,643.918,371.982,0.490668,1.73105,0.812962,5.448,-3.448
2026-06-27 16:34:17.217,Patient,4463.59,4336.28,4495.41,113,109,4,4,0.8,0.772116,0.800841,758,680,736,649,801,720,773,687,821,711,1010,678,110,332,719,734.5,-15.5,719,692.5,26.5,760.5,730,30.5,766,844,-78,407.113,845.686,638.413,382.713,0.481399,1.66812,0.815076,5.448,-1.448
2026-06-27 16:34:17.310,Patient,4483.15,4454.55,4495.41,110,109,1,1,0.7,0.883904,0.796059,755,677,735,648,799,718,772,688,819,709,1010,679,110,331,716,734.5,-18.5,716,691.5,24.5,758.5,730,28.5,764,844.5,-80.5,423.842,837.711,638.421,364.66,0.505952,1.75073,0.795116,5.448,-4.448
2026-06-27 16:34:17.409,Patient,4463.59,4336.28,4495.41,113,109,4,4,0.8,0.771217,0.806437,757,680,731,653,801,720,772,716,821,711,1009,984,110,25,718.5,735,-16.5,718.5,692,26.5,760.5,744,16.5,766,996.5,-230.5,416.617,848.417,611.889,957.738,0.491052,0.63889,1.24078,5.448,-1.448
2026-06-27 16:34:17.521,Patient,4471.11,4414.41,4495.41,111,109,2,2,0.7,0.849826,0.810807,755,677,734,649,799,718,772,688,819,709,1010,679,110,331,716,735,-19,716,691.5,24.5,758.5,730,28.5,764,844.5,-80.5,417.916,844.746,632.409,387.379,0.494724,1.63253,0.807649,5.448,-3.448
2026-06-27 16:34:17.599,Patient,4483.15,4454.55,4495.41,110,109,1,1,0.7,0.908557,0.805854,751,673,740,648,795,714,800,688,815,705,1010,679,110,331,712,734.5,-22.5,712,694,18,754.5,744,10.5,760,844.5,-84.5,412.737,844.156,651.652,368.216,0.488934,1.76975,0.81142,5.448,-4.448
2026-06-27 16:34:17.703,Patient,4471.11,4414.41,4495.41,111,109,2,2,0.7,0.844065,0.79517,756,677,737,650,799,718,772,689,819,709,1010,679,110,331,716.5,735,-18.5,716.5,693.5,23,758.5,730.5,28,764,844.5,-80.5,410.207,847.607,633.39,389.383,0.48396,1.62665,0.813135,5.448,-3.448
2026-06-27 16:34:17.779,Patient,4455.98,4298.25,4495.41,114,109,5,5,0.8,0.814136,0.799456,758,680,732,650,801,720,773,687,821,711,1010,678,110,332,719,734.5,-15.5,719,691,28,760.5,730,30.5,766,844,-78,420.976,852.937,635.912,359.806,0.49356,1.76737,0.781622,5.448,-0.448
2026-06-27 16:34:17.872,Patient,4465.31,4375,4495.41,112,109,3,3,0.75,0.916814,0.805062,749,671,731,650,792,711,772,688,812,702,1010,930,110,80,710,735,-25,710,690.5,19.5,751.5,730,21.5,757,970,-213,423.905,852.812,647.854,383.484,0.497067,1.68939,0.807805,5.448,-2.448
2026-06-27 16:34:17.965,Patient,4495.41,4495.41,4495.41,109,109,0,0,0.7,0.890963,0.806193,758,680,733,652,801,720,772,689,763,711,1010,984,52,26,719,735,-16,719,692.5,26.5,760.5,730.5,30,737,997,-260,283.792,855.234,656.636,956.99,0.331829,0.686147,1.41667,5.448,-5.448
2026-06-27 16:34:18.058,Patient,4483.15,4454.55,4495.41,110,109,1,1,0.7,0.866611,0.797737,755,678,734,647,799,718,772,688,819,709,1010,679,110,331,716.5,734.5,-18,716.5,690.5,26,758.5,730,28.5,764,844.5,-80.5,424.707,854.034,655.48,380.254,0.497295,1.72379,0.809964,5.448,-4.448
2026-06-27 16:34:18.152,Patient,4455.98,4298.25,4495.41,114,109,5,5,0.8,0.748816,0.803353,758,680,731,667,801,720,772,716,822,711,1010,930,111,80,719,735,-16,719,699,20,760.5,744,16.5,766.5,970,-203.5,419.375,854.888,651.494,359.876,0.490562,1.81033,0.793689,5.448,-0.448
2026-06-27 16:34:18.246,Patient,4483.15,4454.55,4495.41,110,109,1,1,0.7,0.913048,0.811185,749,671,735,647,792,711,801,688,812,702,1010,679,110,331,710,735,-25,710,691,19,751.5,744.5,7,757,844.5,-87.5,421.076,858.63,665.067,372.642,0.490404,1.78474,0.810896,5.448,-4.448
2026-06-27 16:34:18.368,Patient,4463.59,4336.28,4495.41,113,109,4,4,0.8,0.766392,0.806153,758,680,731,652,801,720,771,716,821,711,1009,984,110,25,719,734.5,-15.5,719,691.5,27.5,760.5,743.5,17,766,996.5,-230.5,419.872,850.845,620.93,970.571,0.493476,0.639758,1.25244,5.448,-1.448
2026-06-27 16:34:18.442,Patient,4448.5,4260.87,4495.41,115,109,6,6,0.8,0.800421,0.811037,748,671,731,649,792,711,773,687,812,702,1010,678,110,332,709.5,735,-25.5,709.5,690,19.5,751.5,730,21.5,757,844,-87,427.656,857.382,642.632,363.198,0.498792,1.76937,0.782724,5.448,0.552
2026-06-27 16:34:18.528,Patient,4483.15,4454.55,4495.41,110,109,1,1,0.7,0.849162,0.80451,757,680,733,649,801,720,772,689,821,711,1010,679,110,331,718.5,735,-16.5,718.5,691,27.5,760.5,730.5,30,766,844.5,-78.5,423.612,847.302,653.192,394.112,0.499954,1.65738,0.824055,5.448,-4.448
2026-06-27 16:34:18.623,Patient,4455.98,4298.25,4495.41,114,109,5,5,0.8,0.776493,0.802523,751,678,734,648,769,718,773,687,819,709,1010,678,110,332,714.5,734.5,-20,714.5,691,23.5,743.5,730,13.5,764,844,-80,423.969,857.156,631.599,386.024,0.494623,1.63617,0.79432,5.448,-0.448
2026-06-27 16:34:18.718,Patient,4455.98,4298.25,4495.41,114,109,5,5,0.8,0.817547,0.80394,750,674,733,647,795,714,773,687,815,705,1010,678,110,332,712,735.5,-23.5,712,690,22,754.5,730,24.5,760,844,-84,428.523,857.054,653.475,401.374,0.499996,1.62809,0.820525,5.448,-0.448
2026-06-27 16:34:18.821,Patient,4448.5,4260.87,4495.41,115,109,6,6,0.8,0.812853,0.798818,756,678,733,648,799,718,773,687,819,709,1010,678,110,332,717,735,-18,717,690.5,26.5,758.5,730,28.5,764,844,-80,423.743,854.432,650.483,386.773,0.495935,1.68182,0.811513,5.448,0.552
2026-06-27 16:34:18.903,Patient,4465.31,4375,4495.41,112,109,3,3,0.75,0.811479,0.809565,751,674,730,647,795,714,773,688,815,705,1010,678,110,332,712.5,734.5,-22,712.5,688.5,24,754.5,730.5,24,760,844,-84,431.011,855.751,651.213,373.563,0.503664,1.74325,0.796399,5.448,-2.448
2026-06-27 16:34:18.997,Patient,4455.98,4298.25,4495.41,114,109,5,5,0.8,0.845609,0.796342,749,671,733,648,792,711,772,687,812,702,1010,678,110,332,710,735,-25,710,690.5,19.5,751.5,729.5,22,757,844,-87,416.22,851.473,640.062,370.165,0.488823,1.72913,0.796902,5.448,-0.448
2026-06-27 16:34:19.090,Patient,4463.59,4336.28,4495.41,113,109,4,4,0.8,0.933877,0.805838,758,680,732,651,801,720,772,688,822,711,1010,930,111,80,719,735,-16,719,691.5,27.5,760.5,730,30.5,766.5,970,-203.5,415.952,859.425,654.065,387.976,0.483989,1.68584,0.817045,5.448,-1.448
2026-06-27 16:34:19.185,Patient,4483.15,4454.55,4495.41,110,109,1,1,0.7,0.80876,0.793069,755,678,730,650,799,718,772,689,819,709,1010,680,110,330,716.5,735.5,-19,716.5,690,26.5,758.5,730.5,28,764,845,-81,413.532,854.714,654.741,353.053,0.483824,1.85451,0.794636,5.448,-4.448
2026-06-27 16:34:19.278,Patient,4483.15,4454.55,4495.41,110,109,1,1,0.7,0.815851,0.801817,752,673,731,650,795,714,772,689,815,705,1010,680,110,330,712.5,735.5,-23,712.5,690.5,22,754.5,730.5,24,760,845,-85,429.117,861.788,652.315,358.11,0.497938,1.82155,0.782726,5.448,-4.448
2026-06-27 16:34:19.372,Patient,4455.98,4298.25,4495.41,114,109,5,5,0.8,0.825566,0.800415,755,677,735,648,799,718,773,687,819,709,1010,678,110,332,716,735,-19,716,691.5,24.5,758.5,730,28.5,764,844,-80,426.259,859.954,662.701,408.713,0.495676,1.62144,0.832999,5.448,-0.448
2026-06-27 16:34:19.468,Patient,4465.31,4375,4495.41,112,109,3,3,0.75,0.829324,0.800732,752,673,733,653,795,714,771,689,815,705,1010,984,110,26,712.5,735,-22.5,712.5,693,19.5,754.5,730,24.5,760,997,-237,425.88,861.47,625.769,987.764,0.494365,0.633521,1.25338,5.448,-2.448
2026-06-27 16:34:19.558,Patient,4455.98,4298.25,4495.41,114,109,5,5,0.8,0.793179,0.808172,756,678,733,647,799,718,773,687,819,709,1010,678,110,332,717,734.5,-17.5,717,690,27,758.5,730,28.5,764,844,-80,423.443,867.023,666.94,392.732,0.488387,1.69821,0.821155,5.448,-0.448
2026-06-27 16:34:19.657,Patient,4455.98,4298.25,4495.41,114,109,5,5,0.8,0.769013,0.788068,753,680,733,647,771,720,773,687,822,711,1010,678,111,332,716.5,735.5,-19,716.5,690,26.5,745.5,730,15.5,766.5,844,-77.5,405.391,853.23,667.638,397.389,0.475125,1.68006,0.846185,5.448,-0.448
2026-06-27 16:34:19.746,Patient,4483.15,4454.55,4495.41,110,109,1,1,0.7,0.766289,0.801451,756,677,734,651,799,718,772,689,819,709,1010,680,110,330,716.5,735.5,-19,716.5,692.5,24,758.5,730.5,28,764,845,-81,430.28,855.536,652.24,373.779,0.502937,1.74499,0.797951,5.448,-4.448
2026-06-27 16:34:19.842,Patient,4471.11,4414.41,4495.41,111,109,2,2,0.7,0.893151,0.803075,758,680,731,651,801,720,771,689,821,711,1010,984,110,26,719,735,-16,719,691,28,760.5,730,30.5,766,997,-231,418.846,856.485,658.494,970.881,0.489029,0.678244,1.27761,5.448,-3.448
2026-06-27 16:34:19.935,Patient,4455.98,4298.25,4495.41,114,109,5,5,0.8,0.717421,0.797323,756,677,732,671,799,718,772,716,819,709,1010,930,110,80,716.5,735,-18.5,716.5,701.5,15,758.5,744,14.5,764,970,-206,418.517,861.901,650.766,363.791,0.485574,1.78884,0.792364,5.448,-0.448
2026-06-27 16:34:20.029,Patient,4483.15,4454.55,4495.41,110,109,1,1,0.7,0.832996,0.803182,746,674,733,649,765,714,772,689,815,705,1010,679,110,331,710,735,-25,710,691,19,739.5,730.5,9,760,844.5,-84.5,424.022,858.953,662.858,402.232,0.49365,1.64795,0.830172,5.448,-4.448
2026-06-27 16:34:20.122,Patient,4471.11,4414.41,4495.41,111,109,2,2,0.7,0.913998,0.798057,756,677,753,651,799,718,772,689,819,709,1010,930,110,80,716.5,735,-18.5,716.5,702,14.5,758.5,730.5,28,764,970,-206,418.848,856.602,661.074,357.678,0.488965,1.84824,0.798739,5.448,-3.448
2026-06-27 16:34:20.215,Patient,4471.11,4414.41,4495.41,111,109,2,2,0.7,0.846911,0.795451,751,674,729,648,795,714,772,688,815,705,1010,678,110,332,712.5,734,-21.5,712.5,688.5,24,754.5,730,24.5,760,844,-84,414.898,852.819,664.424,375.594,0.486502,1.769,0.820386,5.448,-3.448
2026-06-27 16:34:20.308,Patient,4495.41,4495.41,4495.41,109,109,0,0,0.7,0.888809,0.807884,749,671,733,651,792,711,772,689,812,702,1010,680,110,330,710,735,-25,710,692,18,751.5,730.5,21,757,845,-88,417.31,857.826,670.68,369.255,0.486473,1.8163,0.815549,5.448,-5.448
2026-06-27 16:34:20.403,Patient,4455.98,4298.25,4495.41,114,109,5,5,0.8,0.784535,0.798463,757,680,733,647,801,720,773,687,822,711,1010,678,111,332,718.5,735.5,-17,718.5,690,28.5,760.5,730,30.5,766.5,844,-77.5,410.32,859.712,658.521,392.23,0.477277,1.67892,0.827342,5.448,-0.448
2026-06-27 16:34:20.498,Patient,4483.15,4454.55,4495.41,110,109,1,1,0.7,0.885228,0.804277,744,671,736,649,762,711,801,689,813,702,1010,984,111,26,707.5,735,-27.5,707.5,692.5,15,736.5,745,-8.5,757.5,997,-239.5,416.667,850.229,651.705,974.405,0.490064,0.668824,1.28354,5.448,-4.448
2026-06-27 16:34:20.590,Patient,4483.15,4454.55,4495.41,110,109,1,1,0.7,0.921305,0.801199,747,674,732,651,765,714,772,689,815,705,1010,984,110,26,710.5,735,-24.5,710.5,691.5,19,739.5,730.5,9,760,997,-237,423.386,848.193,660.526,968.07,0.499163,0.682313,1.28077,5.448,-4.448
2026-06-27 16:34:20.683,Patient,4483.15,4454.55,4495.41,110,109,1,1,0.7,0.841577,0.804453,756,677,734,650,799,718,772,689,819,709,1010,679,110,331,716.5,735,-18.5,716.5,692,24.5,758.5,730.5,28,764,844.5,-80.5,417.485,846.372,657.102,388.015,0.493264,1.6935,0.826927,5.448,-4.448
2026-06-27 16:34:20.777,Patient,4463.59,4336.28,4495.41,113,109,4,4,0.8,0.800661,0.804567,758,680,733,648,801,720,773,687,821,711,1010,678,110,332,719,735,-16,719,690.5,28.5,760.5,730,30.5,766,844,-78,419.371,846.431,662.238,386.052,0.495458,1.71541,0.828163,5.448,-1.448
2026-06-27 16:34:20.871,Patient,4471.11,4414.41,4495.41,111,109,2,2,0.7,0.830737,0.795915,750,671,734,649,792,711,773,688,1060,702,1010,679,358,331,710.5,735,-24.5,710.5,691.5,19,751.5,730.5,21,881,844.5,36.5,1117.15,846.765,653.678,400.483,1.31932,1.63222,0.536764,5.448,-3.448
2026-06-27 16:34:20.967,Patient,4448.5,4260.87,4495.41,115,109,6,6,0.8,0.863799,0.794976,758,680,735,648,801,720,773,687,821,711,1010,678,110,332,719,735,-16,719,691.5,27.5,760.5,730,30.5,766,844,-78,410.914,846.405,640.1,370.682,0.485482,1.72682,0.803918,5.448,0.552
2026-06-27 16:34:21.063,Patient,4471.11,4414.41,4495.41,111,109,2,2,0.7,0.912363,0.795454,750,671,734,651,792,711,771,688,812,702,1010,984,110,26,710.5,735,-24.5,710.5,692.5,18,751.5,729.5,22,757,997,-240,414.389,850.515,662.387,963.126,0.487221,0.687747,1.28509,5.448,-3.448
2026-06-27 16:34:21.153,Patient,4471.11,4414.41,4495.41,111,109,2,2,0.7,0.907152,0.808268,758,680,755,650,801,720,801,689,822,711,1010,679,111,331,719,735,-16,719,702.5,16.5,760.5,745,15.5,766.5,844.5,-78,423.237,852.686,641.837,362.638,0.496358,1.76991,0.787253,5.448,-3.448
2026-06-27 16:34:21.257,Patient,4471.11,4414.41,4495.41,111,109,2,2,0.7,0.907308,0.800917,755,678,737,649,799,718,801,689,819,709,1010,679,110,331,716.5,735,-18.5,716.5,693,23.5,758.5,745,13.5,764,844.5,-80.5,415.908,854.899,644.466,365.266,0.486499,1.76438,0.794559,5.448,-3.448
2026-06-27 16:34:21.355,Patient,4471.11,4414.41,4495.41,111,109,2,2,0.7,0.904357,0.806926,759,680,733,652,801,720,772,688,822,711,1010,929,111,81,719.5,735,-15.5,719.5,692.5,27,760.5,730,30.5,766.5,969.5,-203,426.889,853.015,675.208,385.066,0.500448,1.75349,0.828401,5.448,-3.448
2026-06-27 16:34:21.433,Patient,4448.5,4260.87,4495.41,115,109,6,6,0.8,0.812944,0.799297,755,678,730,651,799,718,773,716,819,709,1010,984,110,26,716.5,735,-18.5,716.5,690.5,26,758.5,744.5,14,764,997,-233,412.442,842.372,650.436,963.163,0.48962,0.675313,1.28593,5.448,0.552
2026-06-27 16:34:21.529,Patient,4465.31,4375,4495.41,112,109,3,3,0.75,0.773292,0.799691,755,678,732,653,799,718,771,688,819,709,1010,984,110,26,716.5,735,-18.5,716.5,692.5,24,758.5,729.5,29,764,997,-233,416.736,847.551,635.907,991.604,0.491693,0.641291,1.2873,5.448,-2.448
2026-06-27 16:34:21.623,Patient,4483.15,4454.55,4495.41,110,109,1,1,0.7,0.901766,0.795256,759,680,734,651,801,720,772,689,822,711,1010,984,111,26,719.5,735.5,-16,719.5,692.5,27,760.5,730.5,30,766.5,997,-230.5,415.079,855.951,674.374,982.066,0.484933,0.686689,1.30323,5.448,-4.448
2026-06-27 16:34:21.717,Patient,4455.98,4298.25,4495.41,114,109,5,5,0.8,0.788381,0.798063,755,678,734,647,799,718,774,687,819,709,1010,678,110,332,716.5,735,-18.5,716.5,690.5,26,758.5,730.5,28,764,844,-80,415.214,847.956,661.018,396.766,0.489665,1.66601,0.837405,5.448,-0.448
2026-06-27 16:34:21.811,Patient,4495.41,4495.41,4495.41,109,109,0,0,0.7,0.87201,0.803749,758,680,733,652,801,720,772,690,822,711,1010,680,111,330,719,735.5,-16.5,719,692.5,26.5,760.5,731,29.5,766.5,845,-78.5,419.694,850.709,665.85,359.783,0.493346,1.8507,0.807328,5.448,-5.448
2026-06-27 16:34:21.904,Patient,4465.31,4375,4495.41,112,109,3,3,0.75,0.808742,0.807734,755,678,731,648,798,718,773,688,819,709,1010,679,110,331,716.5,735,-18.5,716.5,689.5,27,758,730.5,27.5,764,844.5,-80.5,413.617,852.458,658.495,365.811,0.485205,1.8001,0.809041,5.448,-2.448
2026-06-27 16:34:22.000,Patient,4463.59,4336.28,4495.41,113,109,4,4,0.8,0.77028,0.800944,753,681,731,654,771,720,771,717,821,711,1010,984,110,26,717,735.5,-18.5,717,692.5,24.5,745.5,744,1.5,766,997,-231,416.161,848.556,635.407,987.296,0.490435,0.643583,1.28306,5.448,-1.448
2026-06-27 16:34:22.088,Patient,4483.15,4454.55,4495.41,110,109,1,1,0.7,0.836585,0.808423,749,671,734,647,792,711,772,688,813,702,1010,679,111,331,710,734.5,-24.5,710,690.5,19.5,751.5,730,21.5,757.5,844.5,-87,417.023,854.583,667.71,378.834,0.487984,1.76254,0.82301,5.448,-4.448
2026-06-27 16:34:22.185,Patient,4483.15,4454.55,4495.41,110,109,1,1,0.7,0.909674,0.797669,759,680,737,648,801,720,801,688,822,711,1010,679,111,331,719.5,735,-15.5,719.5,692.5,27,760.5,744.5,16,766.5,844.5,-78,413.858,856.048,674.742,379.571,0.483451,1.77764,0.830229,5.448,-4.448
2026-06-27 16:34:22.280,Patient,4483.15,4454.55,4495.41,110,109,1,1,0.7,0.909076,0.803161,748,674,732,650,765,714,773,689,815,705,1010,984,110,26,711,735.5,-24.5,711,691,20,739.5,731,8.5,760,997,-237,420.665,855.34,672.684,980.171,0.49181,0.686292,1.29534,5.448,-4.448
2026-06-27 16:34:22.372,Patient,4471.11,4414.41,4495.41,111,109,2,2,0.7,0.911468,0.804385,755,678,732,651,799,718,772,688,819,709,1010,930,110,80,716.5,735,-18.5,716.5,691.5,25,758.5,730,28.5,764,970,-206,419.652,849.401,672.082,387.396,0.494057,1.73487,0.834857,5.448,-3.448
2026-06-27 16:34:22.464,Patient,4463.59,4336.28,4495.41,113,109,4,4,0.8,0.777101,0.804837,751,673,736,648,795,714,773,688,815,705,1010,678,110,332,712,735,-23,712,692,20,754.5,730.5,24,760,844,-84,426.726,855.453,670.081,405.92,0.49883,1.65077,0.839197,5.448,-1.448
2026-06-27 16:34:22.559,Patient,4471.11,4414.41,4495.41,111,109,2,2,0.7,0.82629,0.791077,756,678,736,649,799,718,773,688,819,709,1010,679,110,331,717,735,-18,717,692.5,24.5,758.5,730.5,28,764,844.5,-80.5,418.336,850.974,663.591,404.543,0.491596,1.64034,0.841507,5.448,-3.448
2026-06-27 16:34:22.652,Patient,4483.15,4454.55,4495.41,110,109,1,1,0.7,0.810972,0.803454,751,674,732,650,795,714,772,689,815,705,1010,984,110,26,712.5,735.5,-23,712.5,691,21.5,754.5,730.5,24,760,997,-237,421.814,846.093,666.417,1003.15,0.498544,0.664326,1.31679,5.448,-4.448
2026-06-27 16:34:22.749,Patient,4471.11,4414.41,4495.41,111,109,2,2,0.7,0.918796,0.798816,750,671,732,651,792,711,771,688,812,702,1010,930,110,80,710.5,735,-24.5,710.5,691.5,19,751.5,729.5,22,757,970,-213,409.59,851.639,662.27,395.778,0.480943,1.67334,0.838902,5.448,-3.448
2026-06-27 16:34:22.841,Patient,4483.15,4454.55,4495.41,110,109,1,1,0.7,0.795316,0.807379,758,680,729,651,801,720,772,689,822,711,1010,984,111,26,719,735.5,-16.5,719,690,29,760.5,730.5,30,766.5,997,-230.5,412.637,851.687,672.441,1017.08,0.484493,0.661146,1.33631,5.448,-4.448
2026-06-27 16:34:22.936,Patient,4463.59,4336.28,4495.41,113,109,4,4,0.8,0.79218,0.800442,756,678,729,648,799,718,773,688,819,709,1010,678,110,332,717,735,-18,717,688.5,28.5,758.5,730.5,28,764,844,-80,412.557,854.829,658.589,362.898,0.482619,1.8148,0.80598,5.448,-1.448
2026-06-27 16:34:23.028,Patient,4463.59,4336.28,4495.41,113,109,4,4,0.8,0.773101,0.794809,753,680,731,650,771,720,773,688,822,711,1010,679,111,331,716.5,735.5,-19,716.5,690.5,26,745.5,730.5,15,766.5,844.5,-78,417.803,844.289,662.241,362.246,0.494858,1.82815,0.811738,5.448,-1.448
2026-06-27 16:34:23.121,Patient,4471.11,4414.41,4495.41,111,109,2,2,0.7,0.905517,0.807001,755,677,736,649,799,718,801,689,819,709,1010,679,110,331,716,735,-19,716,692.5,23.5,758.5,745,13.5,764,844.5,-80.5,425.323,851.387,643.395,363.21,0.499565,1.77141,0.788436,5.448,-3.448
2026-06-27 16:34:23.214,Patient,4455.98,4298.25,4495.41,114,109,5,5,0.8,0.767496,0.799459,758,680,734,648,801,720,773,687,822,711,1010,678,111,332,719,735,-16,719,691,28,760.5,730,30.5,766.5,844,-77.5,421.976,852.929,663.099,396.906,0.494737,1.67067,0.831438,5.448,-0.448
2026-06-27 16:34:23.312,Patient,4465.31,4375,4495.41,112,109,3,3,0.75,0.788265,0.800417,755,678,735,648,799,718,773,688,819,709,1010,678,110,332,716.5,735,-18.5,716.5,691.5,25,758.5,730.5,28,764,844,-80,418.596,848.992,653.22,401.958,0.493051,1.6251,0.83243,5.448,-2.448
2026-06-27 16:34:23.402,Patient,4471.11,4414.41,4495.41,111,109,2,2,0.7,0.909958,0.79443,758,680,732,652,801,720,772,688,822,711,1010,930,111,80,719,734.5,-15.5,719,692,27,760.5,730,30.5,766.5,970,-203.5,417.074,844.277,664.504,382.121,0.494002,1.73899,0.829765,5.448,-3.448
2026-06-27 16:34:23.498,Patient,4463.59,4336.28,4495.41,113,109,4,4,0.8,0.809979,0.795164,755,677,734,654,799,718,771,688,819,709,1010,984,110,26,716,735.5,-19.5,716,694,22,758.5,729.5,29,764,997,-233,407.31,840.97,628.673,977.585,0.484333,0.643088,1.28678,5.448,-1.448
2026-06-27 16:34:23.589,Patient,4463.59,4336.28,4495.41,113,109,4,4,0.8,0.767865,0.797164,758,680,733,670,801,720,772,716,821,711,1010,930,110,80,719,735,-16,719,701.5,17.5,760.5,744,16.5,766,970,-204,402.523,838.435,630.521,350.095,0.480089,1.801,0.790209,5.448,-1.448
2026-06-27 16:34:23.685,Patient,4455.98,4298.25,4495.41,114,109,5,5,0.8,0.83476,0.803882,749,671,734,648,792,711,773,688,812,702,1010,678,110,332,710,735,-25,710,691,19,751.5,730.5,21,757,844,-87,421.8,835.89,653.107,393.843,0.504612,1.65829,0.832438,5.448,-0.448
2026-06-27 16:34:23.777,Patient,4455.98,4298.25,4495.41,114,109,5,5,0.8,0.811911,0.796167,758,680,735,648,801,720,773,687,822,711,1010,678,111,332,719,735,-16,719,691.5,27.5,760.5,730,30.5,766.5,844,-77.5,410.004,833.545,627.98,374.18,0.491881,1.67828,0.805887,5.448,-0.448
2026-06-27 16:34:23.872,Patient,4483.15,4454.55,4495.41,110,109,1,1,0.7,0.911835,0.801919,756,677,733,652,799,718,772,688,819,709,1010,929,110,81,716.5,734.5,-18,716.5,692.5,24,758.5,730,28.5,764,969.5,-205.5,420.383,835.285,649.429,372.433,0.50328,1.74375,0.813799,5.448,-4.448
2026-06-27 16:34:23.966,Patient,4483.15,4454.55,4495.41,110,109,1,1,0.7,0.871134,0.798128,758,680,754,650,801,720,800,689,821,711,1010,680,110,330,719,735,-16,719,702,17,760.5,744.5,16,766,845,-79,404.937,835.769,629.979,353.484,0.484508,1.7822,0.792664,5.448,-4.448
2026-06-27 16:34:24.057,Patient,4455.98,4298.25,4495.41,114,109,5,5,0.8,0.865897,0.798038,756,677,736,650,798,718,773,688,819,709,1010,679,110,331,716.5,736,-19.5,716.5,693,23.5,758,730.5,27.5,764,844.5,-80.5,405.999,835.357,647.771,402.967,0.486019,1.6075,0.846444,5.448,-0.448
2026-06-27 16:34:24.151,Patient,4465.31,4375,4495.41,112,109,3,3,0.75,0.824789,0.783558,758,680,735,649,801,720,773,688,821,711,1010,679,110,331,719,735,-16,719,692,27,760.5,730.5,30,766,844.5,-78.5,407.324,835.903,651.405,402.462,0.487287,1.61855,0.847686,5.448,-2.448
2026-06-27 16:34:24.245,Patient,4448.5,4260.87,4495.41,115,109,6,6,0.8,0.80658,0.800306,756,677,731,652,799,718,773,688,819,709,1010,984,110,26,716.5,735.5,-19,716.5,691.5,25,758.5,730.5,28,764,997,-233,409.254,835.852,629.304,945.47,0.489626,0.665599,1.26477,5.448,0.552
2026-06-27 16:34:24.342,Patient,4483.15,4454.55,4495.41,110,109,1,1,0.7,0.899413,0.803248,747,674,736,649,765,714,800,689,815,705,1010,679,110,331,710.5,734.5,-24,710.5,692.5,18,739.5,744.5,-5,760,844.5,-84.5,414.137,838.516,630.299,357.643,0.493892,1.76237,0.788679,5.448,-4.448
2026-06-27 16:34:24.435,Patient,4455.98,4298.25,4495.41,114,109,5,5,0.8,0.830903,0.807803,758,680,735,648,801,720,773,687,822,711,1010,678,111,332,719,735.5,-16.5,719,691.5,27.5,760.5,730,30.5,766.5,844,-77.5,427.221,839.48,664.291,400.666,0.508912,1.65797,0.840734,5.448,-0.448
2026-06-27 16:34:24.527,Patient,4471.11,4414.41,4495.41,111,109,2,2,0.7,0.903204,0.795533,756,677,733,651,799,718,771,688,819,709,1010,930,110,80,716.5,734.5,-18,716.5,692,24.5,758.5,729.5,29,764,970,-206,414.981,834.82,654.328,387.441,0.49709,1.68884,0.833548,5.448,-3.448
2026-06-27 16:34:24.624,Patient,4463.59,4336.28,4495.41,113,109,4,4,0.8,0.846139,0.795232,752,674,732,651,795,714,773,688,815,705,1010,984,110,26,713,735.5,-22.5,713,691.5,21.5,754.5,730.5,24,760,997,-237,412.476,839.584,648.786,942.206,0.491287,0.688581,1.2707,5.448,-1.448
2026-06-27 16:34:24.717,Patient,4463.59,4336.28,4495.41,113,109,4,4,0.8,0.835616,0.797451,755,678,734,649,799,718,773,688,819,709,1010,679,110,331,716.5,735.5,-19,716.5,691.5,25,758.5,730.5,28,764,844.5,-80.5,419.073,844.645,664.92,398.794,0.496153,1.66733,0.841734,5.448,-1.448
2026-06-27 16:34:24.807,Patient,4455.98,4298.25,4495.41,114,109,5,5,0.8,0.773023,0.804687,751,674,730,649,795,714,773,688,1063,705,1010,678,358,332,712.5,735,-22.5,712.5,689.5,23,754.5,730.5,24,884,844,40,1122.5,845.63,644.643,365.062,1.32741,1.76585,0.513029,5.448,-0.448
2026-06-27 16:34:24.903,Patient,4471.11,4414.41,4495.41,111,109,2,2,0.7,0.861727,0.799785,756,678,734,649,799,718,773,689,819,709,1010,679,110,331,717,735,-18,717,691.5,25.5,758.5,731,27.5,764,844.5,-80.5,416.783,842.826,658.034,393.068,0.494507,1.6741,0.834468,5.448,-3.448
2026-06-27 16:34:25.000,Patient,4463.59,4336.28,4495.41,113,109,4,4,0.8,0.800945,0.795974,752,673,731,650,795,714,773,688,815,705,1010,679,110,331,712.5,735.5,-23,712.5,690.5,22,754.5,730.5,24,760,844.5,-84.5,411.052,841.253,651.496,364.751,0.488619,1.78614,0.811501,5.448,-1.448
2026-06-27 16:34:25.089,Patient,4463.59,4336.28,4495.41,113,109,4,4,0.8,0.836065,0.8038,749,671,733,649,792,711,772,687,812,702,1010,678,110,332,710,734.5,-24.5,710,691,19,751.5,729.5,22,757,844,-87,422.587,853.148,648.23,389.691,0.495327,1.66345,0.813587,5.448,-1.448
2026-06-27 16:34:25.188,Patient,4483.15,4454.55,4495.41,110,109,1,1,0.7,0.90635,0.800257,752,680,731,651,771,720,772,689,822,711,1010,984,111,26,716,735.5,-19.5,716,691,25,745.5,730.5,15,766.5,997,-230.5,414.087,847.215,668.344,981.3,0.488763,0.68108,1.30789,5.448,-4.448
2026-06-27 16:34:25.278,Patient,4465.31,4375,4495.41,112,109,3,3,0.75,0.823393,0.813021,756,677,737,649,799,718,773,688,819,709,1010,679,110,331,716.5,735.5,-19,716.5,693,23.5,758.5,730.5,28,764,844.5,-80.5,422.294,847.575,674.362,408.467,0.498238,1.65096,0.85271,5.448,-2.448
2026-06-27 16:34:25.370,Patient,4448.5,4260.87,4495.41,115,109,6,6,0.8,0.782947,0.802183,759,680,734,649,801,720,773,687,821,711,1010,678,110,332,719.5,735.5,-16,719.5,691.5,28,760.5,730,30.5,766,844,-78,416.749,847.779,668.155,390.929,0.491578,1.70915,0.837534,5.448,0.552
2026-06-27 16:34:25.465,Patient,4465.31,4375,4495.41,112,109,3,3,0.75,0.805284,0.793897,756,677,735,649,799,718,773,688,819,709,1010,679,110,331,716.5,735.5,-19,716.5,692,24.5,758.5,730.5,28,764,844.5,-80.5,426.856,849.038,671.562,409.436,0.502753,1.64021,0.847247,5.448,-2.448
2026-06-27 16:34:25.560,Patient,4483.15,4454.55,4495.41,110,109,1,1,0.7,0.805881,0.794244,751,674,730,650,795,714,772,689,815,705,1010,680,110,330,712.5,735.5,-23,712.5,690,22.5,754.5,730.5,24,760,845,-85,418.238,850.139,670.288,359.39,0.491964,1.86507,0.811808,5.448,-4.448
2026-06-27 16:34:25.655,Patient,4483.15,4454.55,4495.41,110,109,1,1,0.7,0.888345,0.786268,749,671,736,648,793,711,801,688,813,702,1010,679,111,331,710,735,-25,710,692,18,752,744.5,7.5,757.5,844.5,-87,411.362,855.378,680.533,385.902,0.480912,1.76349,0.841874,5.448,-4.448
2026-06-27 16:34:25.747,Patient,4463.59,4336.28,4495.41,113,109,4,4,0.8,0.771024,0.796809,758,680,734,647,801,720,773,688,821,711,1010,678,110,332,719,735,-16,719,690.5,28.5,760.5,730.5,30,766,844,-78,417.326,854.538,682.066,407.455,0.488364,1.67397,0.856634,5.448,-1.448
2026-06-27 16:34:25.840,Patient,4471.11,4414.41,4495.41,111,109,2,2,0.7,0.846828,0.804234,755,678,735,651,799,718,801,689,819,709,1010,984,110,26,716.5,735.5,-19,716.5,693,23.5,758.5,745,13.5,764,997,-233,430.165,850.801,649.449,1000.39,0.5056,0.649198,1.28796,5.448,-3.448
2026-06-27 16:34:25.932,Patient,4455.98,4298.25,4495.41,114,109,5,5,0.8,0.756725,0.810621,758,680,733,669,801,720,772,716,822,711,1010,984,111,26,719,735.5,-16.5,719,701,18,760.5,744,16.5,766.5,997,-230.5,424.145,860.789,651.66,1008.84,0.49274,0.64595,1.29228,5.448,-0.448
2026-06-27 16:34:26.029,Patient,4463.59,4336.28,4495.41,113,109,4,4,0.8,0.820507,0.799117,751,678,734,648,769,718,772,688,819,709,1010,679,110,331,714.5,735.5,-21,714.5,691,23.5,743.5,730,13.5,764,844.5,-80.5,423.074,866.616,679.985,418.649,0.488191,1.62423,0.851859,5.448,-1.448
2026-06-27 16:34:26.125,Patient,4471.11,4414.41,4495.41,111,109,2,2,0.7,0.864411,0.811403,746,674,731,647,764,714,773,688,815,705,1010,679,110,331,710,735,-25,710,689,21,739,730.5,8.5,760,844.5,-84.5,428.245,859.359,685.235,392.069,0.49833,1.74774,0.836674,5.448,-3.448
2026-06-27 16:34:26.217,Patient,4455.98,4298.25,4495.41,114,109,5,5,0.8,0.811042,0.797006,755,678,733,648,799,718,772,687,819,709,1010,678,110,332,716.5,734.5,-18,716.5,690.5,26,758.5,729.5,29,764,844,-80,426.994,855.968,655.022,392.087,0.498843,1.6706,0.816166,5.448,-0.448
2026-06-27 16:34:26.321,Patient,4455.98,4298.25,4495.41,114,109,5,5,0.8,0.772014,0.796078,752,673,733,648,795,714,773,687,815,705,1010,678,110,332,712.5,735,-22.5,712.5,690.5,22,754.5,730,24.5,760,844,-84,425.718,854.583,673.244,388.053,0.498158,1.73493,0.828943,5.448,-0.448
2026-06-27 16:34:26.415,Patient,4471.11,4414.41,4495.41,111,109,2,2,0.7,0.92347,0.799188,749,671,736,648,793,711,801,688,813,702,1010,679,111,331,710,735,-25,710,692,18,752,744.5,7.5,757.5,844.5,-87,428.826,856.74,689.804,384.771,0.500532,1.79276,0.835877,5.448,-3.448
2026-06-27 16:34:26.498,Patient,4463.59,4336.28,4495.41,113,109,4,4,0.8,0.778554,0.798096,758,680,733,670,802,720,772,716,822,711,1010,984,111,26,719,735.5,-16.5,719,701.5,17.5,761,744,17,766.5,997,-230.5,423.197,850.723,661.825,1006.59,0.497456,0.657491,1.30967,5.448,-1.448
2026-06-27 16:34:26.591,Patient,4483.15,4454.55,4495.41,110,109,1,1,0.7,0.898109,0.800003,749,671,735,647,792,711,801,688,813,702,1010,679,111,331,710,735,-25,710,691,19,751.5,744.5,7,757.5,844.5,-87,426.163,854.416,684.712,385.33,0.498777,1.77695,0.835593,5.448,-4.448
2026-06-27 16:34:26.685,Patient,4471.11,4414.41,4495.41,111,109,2,2,0.7,0.903581,0.807906,753,681,731,651,771,721,772,689,821,711,1010,930,110,80,717,735,-18,717,691,26,746,730.5,15.5,766,970,-204,426.136,854.471,674.013,396.974,0.498713,1.69788,0.836312,5.448,-3.448
2026-06-27 16:34:26.776,Patient,4471.11,4414.41,4495.41,111,109,2,2,0.7,0.913375,0.804529,750,671,737,648,793,711,801,688,812,702,1010,679,110,331,710.5,735,-24.5,710.5,692.5,18,752,744.5,7.5,757,844.5,-87.5,422.12,856.933,684.849,381.116,0.492594,1.79696,0.833402,5.448,-3.448
2026-06-27 16:34:26.872,Patient,4455.98,4298.25,4495.41,114,109,5,5,0.8,0.777021,0.800204,752,673,731,670,795,714,772,717,815,705,1010,930,110,80,712.5,735.5,-23,712.5,700.5,12,754.5,744.5,10,760,970,-210,417.88,850.289,651.954,356.705,0.491457,1.82771,0.795366,5.448,-0.448
2026-06-27 16:34:26.965,Patient,4455.98,4298.25,4495.41,114,109,5,5,0.8,0.761659,0.797877,755,678,731,650,799,718,773,688,819,709,1010,678,110,332,716.5,735.5,-19,716.5,690.5,26,758.5,730.5,28,764,844,-80,411.912,850.299,657.438,360.248,0.484432,1.82496,0.806273,5.448,-0.448
2026-06-27 16:34:27.059,Patient,4471.11,4414.41,4495.41,111,109,2,2,0.7,0.910985,0.807239,752,674,736,647,795,714,801,688,815,705,1010,679,110,331,713,735,-22,713,691.5,21.5,754.5,744.5,10,760,844.5,-84.5,420.714,842.181,678.691,371.878,0.499553,1.82504,0.831873,5.448,-3.448
2026-06-27 16:34:27.156,Patient,4483.15,4454.55,4495.41,110,109,1,1,0.7,0.8981,0.804294,754,678,737,649,799,718,801,689,819,709,1010,679,110,331,716,735,-19,716,693,23,758.5,745,13.5,764,844.5,-80.5,425.086,835.812,659.006,370.999,0.50859,1.7763,0.816882,5.448,-4.448
2026-06-27 16:34:27.276,Patient,4455.98,4298.25,4495.41,114,109,5,5,0.8,0.801202,0.79623,758,680,733,648,802,720,773,687,822,711,1010,678,111,332,719,735,-16,719,690.5,28.5,761,730,31,766.5,844,-77.5,412.429,829.798,660.961,388.766,0.497023,1.70015,0.845037,5.448,-0.448
2026-06-27 16:34:27.349,Patient,4448.5,4260.87,4495.41,115,109,6,6,0.8,0.85869,0.791093,749,671,734,648,792,711,774,716,813,702,1010,678,111,332,710,735,-25,710,691,19,751.5,745,6.5,757.5,844,-86.5,408.112,832.316,653.219,364.037,0.490333,1.79437,0.820085,5.448,0.552
2026-06-27 16:34:27.433,Patient,4471.11,4414.41,4495.41,111,109,2,2,0.7,0.92411,0.803517,758,680,737,648,801,720,801,689,822,711,1010,679,111,331,719,735,-16,719,692.5,26.5,760.5,745,15.5,766.5,844.5,-78,417.113,826.969,649.092,367.168,0.504388,1.76783,0.816875,5.448,-3.448
2026-06-27 16:34:27.526,Patient,4471.11,4414.41,4495.41,111,109,2,2,0.7,0.887447,0.807245,749,671,731,650,792,711,772,688,813,702,1010,930,111,80,710,735,-25,710,690.5,19.5,751.5,730,21.5,757.5,970,-212.5,411.987,825.94,653.467,389.233,0.49881,1.67886,0.842296,5.448,-3.448
2026-06-27 16:34:27.623,Patient,4483.15,4454.55,4495.41,110,109,1,1,0.7,0.905554,0.797194,757,680,734,648,801,720,772,688,822,711,1010,679,111,331,718.5,735,-16.5,718.5,691,27.5,760.5,730,30.5,766.5,844.5,-78,405.079,825.702,654.261,364.23,0.490588,1.79628,0.827516,5.448,-4.448
2026-06-27 16:34:27.716,Patient,4483.15,4454.55,4495.41,110,109,1,1,0.7,0.885528,0.803343,755,678,737,648,799,718,772,688,819,709,1010,679,110,331,716.5,735,-18.5,716.5,692.5,24,758.5,730,28.5,764,844.5,-80.5,400.889,823.523,661.011,368.707,0.486798,1.79278,0.840989,5.448,-4.448
2026-06-27 16:34:27.809,Patient,4471.11,4414.41,4495.41,111,109,2,2,0.7,0.835344,0.804756,757,680,731,648,801,720,773,688,822,711,1010,679,111,331,718.5,735,-16.5,718.5,689.5,29,760.5,730.5,30,766.5,844.5,-78,400.27,817.152,662.981,368.973,0.489836,1.79683,0.847655,5.448,-3.448
2026-06-27 16:34:27.903,Patient,4448.5,4260.87,4495.41,115,109,6,6,0.8,0.777228,0.794745,755,678,734,648,799,718,773,687,819,709,1010,678,110,332,716.5,735.5,-19,716.5,691,25.5,758.5,730,28.5,764,844,-80,399.137,829.554,658.839,371.647,0.481146,1.77275,0.838686,5.448,0.552
2026-06-27 16:34:27.998,Patient,4483.15,4454.55,4495.41,110,109,1,1,0.7,0.787714,0.808542,758,680,732,651,801,720,772,689,822,711,1010,680,111,330,719,735,-16,719,691.5,27.5,760.5,730.5,30,766.5,845,-78.5,408.685,830.414,649.237,348.142,0.492146,1.86486,0.804923,5.448,-4.448
2026-06-27 16:34:28.089,Patient,4463.59,4336.28,4495.41,113,109,4,4,0.8,0.857764,0.798304,750,671,732,653,793,711,771,688,813,702,1010,984,111,26,710.5,735.5,-25,710.5,692.5,18,752,729.5,22.5,757.5,997,-239.5,414.608,830.903,650.884,947.18,0.498985,0.687181,1.28306,5.448,-1.448
2026-06-27 16:34:28.185,Patient,4483.15,4454.55,4495.41,110,109,1,1,0.7,0.896009,0.805642,753,681,736,648,771,720,800,688,822,711,1010,679,111,331,717,734.5,-17.5,717,692,25,745.5,744,1.5,766.5,844.5,-78,413.537,829.92,676.265,377.778,0.498286,1.79011,0.847671,5.448,-4.448
2026-06-27 16:34:28.304,Patient,4471.11,4414.41,4495.41,111,109,2,2,0.7,0.923482,0.787967,755,678,731,651,799,718,772,689,819,709,1010,930,110,80,716.5,735,-18.5,716.5,691,25.5,758.5,730.5,28,764,970,-206,406.568,815.829,650.685,377.855,0.498349,1.72205,0.841413,5.448,-3.448
2026-06-27 16:34:28.372,Patient,4483.15,4454.55,4495.41,110,109,1,1,0.7,0.896535,0.795813,758,680,754,652,801,720,773,689,822,711,1010,984,111,26,719,735.5,-16.5,719,703,16,760.5,731,29.5,766.5,997,-230.5,404.947,816.542,653.578,957.327,0.495929,0.682711,1.3188,5.448,-4.448
2026-06-27 16:34:28.465,Patient,4471.11,4414.41,4495.41,111,109,2,2,0.7,0.929606,0.786422,750,671,736,647,792,711,772,688,1060,702,1010,679,358,331,710.5,735,-24.5,710.5,691.5,19,751.5,730,21.5,881,844.5,36.5,1095.65,821.4,652.953,366.372,1.33388,1.78221,0.531715,5.448,-3.448
2026-06-27 16:34:28.558,Patient,4483.15,4454.55,4495.41,110,109,1,1,0.7,0.795849,0.804439,758,680,732,651,801,720,772,689,821,711,1010,680,110,330,719,735.5,-16.5,719,691.5,27.5,760.5,730.5,30,766,845,-79,407.739,821.935,651.043,347.816,0.496072,1.87181,0.812296,5.448,-4.448
2026-06-27 16:34:28.653,Patient,4463.59,4336.28,4495.41,113,109,4,4,0.8,0.776667,0.799239,755,678,731,669,799,718,772,716,819,709,1010,930,110,80,716.5,735,-18.5,716.5,700,16.5,758.5,744,14.5,764,970,-206,397.123,819.924,637.747,343.762,0.484341,1.8552,0.806468,5.448,-1.448
2026-06-27 16:34:28.747,Patient,4471.11,4414.41,4495.41,111,109,2,2,0.7,0.878955,0.804647,758,680,734,669,801,720,772,688,821,711,1010,930,110,80,719,735,-16,719,701.5,17.5,760.5,730,30.5,766,970,-204,411.114,825.823,657.09,383.539,0.497824,1.71323,0.841295,5.448,-3.448
2026-06-27 16:34:28.840,Patient,4463.59,4336.28,4495.41,113,109,4,4,0.8,0.765622,0.7993,755,678,733,648,799,718,773,687,819,709,1010,678,110,332,716.5,735,-18.5,716.5,690.5,26,758.5,730,28.5,764,844,-80,396.351,817.356,649.988,379.769,0.484919,1.71154,0.84844,5.448,-1.448
2026-06-27 16:34:28.934,Patient,4455.98,4298.25,4495.41,114,109,5,5,0.8,0.827106,0.800138,759,680,735,649,801,720,773,688,821,711,1010,678,110,332,719.5,735,-15.5,719.5,692,27.5,760.5,730.5,30,766,844,-78,400.427,827.365,647.757,380.029,0.483979,1.7045,0.837101,5.448,-0.448
2026-06-27 16:34:29.029,Patient,4471.11,4414.41,4495.41,111,109,2,2,0.7,0.921536,0.793449,745,672,737,647,762,711,801,688,813,702,1010,679,111,331,708.5,735,-26.5,708.5,692,16.5,736.5,744.5,-8,757.5,844.5,-87,400.817,816.209,655.532,361.126,0.491071,1.81524,0.835363,5.448,-3.448
2026-06-27 16:34:29.124,Patient,4471.11,4414.41,4495.41,111,109,2,2,0.7,0.819659,0.789994,759,680,738,650,801,720,774,688,821,711,1010,679,110,331,719.5,735.5,-16,719.5,694,25.5,760.5,731,29.5,766,844.5,-78.5,392.321,812.793,647.662,388.026,0.482683,1.66912,0.859412,5.448,-3.448
2026-06-27 16:34:29.216,Patient,4471.11,4414.41,4495.41,111,109,2,2,0.7,0.843313,0.800939,756,677,736,670,799,718,772,688,819,709,1010,679,110,331,716.5,734.5,-18,716.5,703,13.5,758.5,730,28.5,764,844.5,-80.5,398.582,814.197,608.048,342.039,0.489539,1.77771,0.783397,5.448,-3.448
2026-06-27 16:34:29.309,Patient,4471.11,4414.41,4495.41,111,109,2,2,0.7,0.895257,0.793893,758,680,755,651,801,720,801,689,821,711,1010,984,110,26,719,735,-16,719,703,16,760.5,745,15.5,766,997,-231,392.951,812.429,630.385,943.098,0.483673,0.66842,1.30538,5.448,-3.448
2026-06-27 16:34:29.403,Patient,4471.11,4414.41,4495.41,111,109,2,2,0.7,0.82512,0.797747,755,678,734,649,799,718,773,689,819,709,1010,679,110,331,716.5,735,-18.5,716.5,691.5,25,758.5,731,27.5,764,844.5,-80.5,410.626,814.514,640.246,383.891,0.504137,1.66778,0.835934,5.448,-3.448
2026-06-27 16:34:29.497,Patient,4471.11,4414.41,4495.41,111,109,2,2,0.7,0.908705,0.799003,758,680,754,650,801,720,801,688,822,711,1010,984,111,26,719,735,-16,719,702,17,760.5,744.5,16,766.5,997,-230.5,404.937,816.553,633.785,945.99,0.49591,0.66997,1.29332,5.448,-3.448
2026-06-27 16:34:29.592,Patient,4455.98,4298.25,4495.41,114,109,5,5,0.8,0.779362,0.798856,755,678,734,648,799,718,773,687,819,709,1010,678,110,332,716.5,735,-18.5,716.5,691,25.5,758.5,730,28.5,764,844,-80,403.886,804.322,603.646,365.149,0.502145,1.65315,0.801844,5.448,-0.448
2026-06-27 16:34:29.688,Patient,4455.98,4298.25,4495.41,114,109,5,5,0.8,0.817124,0.801281,758,680,736,649,801,720,773,688,821,711,1010,678,110,332,719,735,-16,719,692.5,26.5,760.5,730.5,30,766,844,-78,401.144,816.467,611.327,367.266,0.491317,1.66453,0.8037,5.448,-0.448
2026-06-27 16:34:29.777,Patient,4463.59,4336.28,4495.41,113,109,4,4,0.8,0.842886,0.803355,755,678,735,648,799,718,773,688,819,709,1010,679,110,331,716.5,736,-19.5,716.5,691.5,25,758.5,730.5,28,764,844.5,-80.5,401.847,814.353,642.962,392.041,0.493456,1.64004,0.851013,5.448,-1.448
2026-06-27 16:34:29.870,Patient,4463.59,4336.28,4495.41,113,109,4,4,0.8,0.803544,0.798885,758,680,731,650,801,720,773,687,822,711,1010,678,111,332,719,734.5,-15.5,719,690.5,28.5,760.5,730,30.5,766.5,844,-77.5,394.386,811.445,622.077,339.582,0.486029,1.83189,0.797508,5.448,-1.448
2026-06-27 16:34:29.966,Patient,4495.41,4495.41,4495.41,109,109,0,0,0.7,0.8834,0.795704,755,678,734,652,799,718,772,689,819,709,1010,984,110,26,716.5,735,-18.5,716.5,693,23.5,758.5,730.5,28,764,997,-233,393.431,810.917,646.712,943.521,0.485168,0.685424,1.32041,5.448,-5.448
2026-06-27 16:34:30.059,Patient,4483.15,4454.55,4495.41,110,109,1,1,0.7,0.86378,0.800077,751,674,737,649,795,714,772,688,815,705,1010,679,110,331,712.5,734.5,-22,712.5,693,19.5,754.5,730,24.5,760,844.5,-84.5,399.682,810.911,649.248,373.808,0.49288,1.73685,0.845086,5.448,-4.448
2026-06-27 16:34:30.154,Patient,4455.98,4298.25,4495.41,114,109,5,5,0.8,0.835557,0.804243,749,671,733,652,792,711,772,688,1060,702,1010,984,358,26,710,735.5,-25.5,710,692.5,17.5,751.5,730,21.5,881,997,-116,1090.67,816.559,626.76,919.361,1.33569,0.681735,0.810663,5.448,-0.448
2026-06-27 16:34:30.247,Patient,4455.98,4298.25,4495.41,114,109,5,5,0.8,0.774061,0.786488,755,677,734,648,799,718,773,687,819,709,1010,678,110,332,716,735,-19,716,691,25,758.5,730,28.5,764,844,-80,394.967,810.631,629.681,365.501,0.487235,1.72279,0.825468,5.448,-0.448
2026-06-27 16:34:30.340,Patient,4448.5,4260.87,4495.41,115,109,6,6,0.8,0.832414,0.80435,752,673,735,648,795,714,773,687,1063,705,1010,678,358,332,712.5,735,-22.5,712.5,691.5,21,754.5,730,24.5,884,844,40,1089.86,803.209,618.22,358.494,1.35688,1.72449,0.515943,5.448,0.552
2026-06-27 16:34:30.435,Patient,4463.59,4336.28,4495.41,113,109,4,4,0.8,0.721607,0.806701,755,678,733,648,799,718,773,687,819,709,1010,678,110,332,716.5,734.5,-18,716.5,690.5,26,758.5,730,28.5,764,844,-80,404.279,806.263,632.436,369.837,0.501424,1.71004,0.827953,5.448,-1.448
2026-06-27 16:34:30.527,Patient,4483.15,4454.55,4495.41,110,109,1,1,0.7,0.881088,0.796703,758,680,755,649,801,720,801,689,821,711,1010,679,110,331,719,735,-16,719,702,17,760.5,745,15.5,766,844.5,-78.5,397.859,797.704,623.241,343.424,0.498756,1.81479,0.808543,5.448,-4.448
2026-06-27 16:34:30.624,Patient,4455.98,4298.25,4495.41,114,109,5,5,0.8,0.874667,0.791698,749,671,733,652,792,711,772,688,812,702,1010,984,110,26,710,735.5,-25.5,710,692.5,17.5,751.5,730,21.5,757,997,-240,400.396,801.745,616.546,912.713,0.499405,0.675509,1.27211,5.448,-0.448
2026-06-27 16:34:30.716,Patient,4448.5,4260.87,4495.41,115,109,6,6,0.8,0.761792,0.807598,758,680,730,651,801,720,773,688,822,711,1010,984,111,26,719,736,-17,719,690.5,28.5,760.5,730.5,30,766.5,997,-230.5,398.451,798.74,604.827,914.995,0.498849,0.661016,1.26949,5.448,0.552
2026-06-27 16:34:30.810,Patient,4455.98,4298.25,4495.41,114,109,5,5,0.8,0.82719,0.800387,751,678,732,647,769,718,772,687,819,709,1010,678,110,332,714.5,734.5,-20,714.5,689.5,25,743.5,729.5,14,764,844,-80,393.439,785.637,601.968,347.002,0.50079,1.73477,0.804842,5.448,-0.448
2026-06-27 16:34:30.902,Patient,4471.11,4414.41,4495.41,111,109,2,2,0.7,0.833796,0.811015,752,674,734,649,795,714,772,688,815,705,1010,679,110,331,713,734.5,-21.5,713,691.5,21.5,754.5,730,24.5,760,844.5,-84.5,401.864,784.658,622.142,363.077,0.512152,1.71352,0.830342,5.448,-3.448
2026-06-27 16:34:30.997,Patient,4463.59,4336.28,4495.41,113,109,4,4,0.8,0.79834,0.812928,755,678,732,654,799,718,771,688,819,708,1010,984,111,26,716.5,735,-18.5,716.5,693,23.5,758.5,729.5,29,763.5,997,-233.5,401.354,787.212,594.846,930.515,0.509842,0.639265,1.28336,5.448,-1.448
2026-06-27 16:34:31.089,Patient,4455.98,4298.25,4495.41,114,109,5,5,0.8,0.783427,0.787026,752,673,730,670,795,714,772,716,1063,705,1010,930,358,80,712.5,735.5,-23,712.5,700,12.5,754.5,744,10.5,884,970,-86,1061.99,787.987,612.566,324.955,1.34772,1.88508,0.506775,5.448,-0.448
2026-06-27 16:34:31.184,Patient,4465.31,4375,4495.41,112,109,3,3,0.75,0.812982,0.804138,755,678,730,648,799,718,773,688,819,709,1010,679,110,331,716.5,735,-18.5,716.5,689,27.5,758.5,730.5,28,764,844.5,-80.5,387.5,782.143,616.383,345.273,0.495434,1.7852,0.822179,5.448,-2.448
2026-06-27 16:34:31.278,Patient,4483.15,4454.55,4495.41,110,109,1,1,0.7,0.913342,0.805527,758,680,738,649,801,720,801,688,822,711,1010,679,111,331,719,735,-16,719,693.5,25.5,760.5,744.5,16,766.5,844.5,-78,386.217,785.909,618.946,334.922,0.491428,1.84803,0.813793,5.448,-4.448
2026-06-27 16:34:31.370,Patient,4448.5,4260.87,4495.41,115,109,6,6,0.8,0.78493,0.80263,755,678,731,652,799,718,773,688,819,709,1010,984,110,26,716.5,735,-18.5,716.5,691.5,25,758.5,730.5,28,764,997,-233,394.505,790.271,608.512,905.831,0.499203,0.671772,1.27817,5.448,0.552
2026-06-27 16:34:31.466,Patient,4483.15,4454.55,4495.41,110,109,1,1,0.7,0.898042,0.804706,759,680,755,650,801,720,801,689,821,711,1010,679,110,331,719.5,735,-15.5,719.5,702.5,17,760.5,745,15.5,766,844.5,-78.5,393.142,788.372,622.802,332.154,0.498676,1.87504,0.808247,5.448,-4.448
2026-06-27 16:34:31.559,Patient,4483.15,4454.55,4495.41,110,109,1,1,0.7,0.916658,0.792284,749,671,733,653,792,711,772,689,1060,702,1010,929,358,81,710,735.5,-25.5,710,693,17,751.5,730.5,21,881,969.5,-88.5,1067.08,795.448,636.984,340.787,1.34148,1.86916,0.524971,5.448,-4.448
2026-06-27 16:34:31.656,Patient,4463.59,4336.28,4495.41,113,109,4,4,0.8,0.684113,0.80532,758,680,733,671,801,720,771,716,821,711,1010,984,110,26,719,702,17,719,702,17,760.5,743.5,17,766,997,-231,398.761,790.846,603.088,941.225,0.504221,0.640748,1.29817,5.448,-1.448
2026-06-27 16:34:31.750,Patient,4455.98,4298.25,4495.41,114,109,5,5,0.8,0.788428,0.804238,744,672,731,651,762,711,772,716,812,702,1010,984,110,26,708,735,-27,708,691,17,736.5,744,-7.5,757,997,-240,397.844,790.563,606.362,941.598,0.503242,0.643972,1.30255,5.448,-0.448
2026-06-27 16:34:31.839,Patient,4495.41,4495.41,4495.41,109,109,0,0,0.7,0.871459,0.798652,758,680,736,650,801,720,801,689,821,711,1010,680,110,330,719,735.5,-16.5,719,693,26,760.5,745,15.5,766,845,-79,394.63,787.238,652.914,340.809,0.501284,1.91578,0.840808,5.448,-5.448
2026-06-27 16:34:31.934,Patient,4448.5,4260.87,4495.41,115,109,6,6,0.8,0.752209,0.792263,755,677,733,648,799,718,773,687,819,709,1010,678,110,332,716,735.5,-19.5,716,690.5,25.5,758.5,730,28.5,764,844,-80,393.815,792.494,637.786,352.473,0.496931,1.80946,0.83474,5.448,0.552
2026-06-27 16:34:32.028,Patient,4455.98,4298.25,4495.41,114,109,5,5,0.8,0.739354,0.786194,757,680,731,670,801,720,772,717,821,711,1010,984,110,26,718.5,735.5,-17,718.5,700.5,18,760.5,744.5,16,766,997,-231,390.91,789.968,610.212,946.791,0.494843,0.644505,1.31851,5.448,-0.448
2026-06-27 16:34:32.121,Patient,4455.98,4298.25,4495.41,114,109,5,5,0.8,0.777175,0.803134,756,677,733,671,799,718,772,716,819,709,1010,984,110,26,716.5,735.5,-19,716.5,702,14.5,758.5,744,14.5,764,997,-233,394.447,802.825,609.163,949.313,0.491324,0.641688,1.30169,5.448,-0.448
2026-06-27 16:34:32.215,Patient,4465.31,4375,4495.41,112,109,3,3,0.75,0.83964,0.801622,751,674,735,649,795,714,773,689,815,705,1010,679,110,331,712.5,735.5,-23,712.5,692,20.5,754.5,731,23.5,760,844.5,-84.5,404.46,797.538,635.808,371.011,0.507136,1.71372,0.83762,5.448,-2.448
2026-06-27 16:34:32.309,Patient,4483.15,4454.55,4495.41,110,109,1,1,0.7,0.894557,0.7975,755,678,740,649,799,718,800,689,819,709,1010,984,110,26,716.5,734.5,-18,716.5,694.5,22,758.5,744.5,14,764,997,-233,390.701,798.331,623.616,925.925,0.489398,0.673506,1.30319,5.448,-4.448
2026-06-27 16:34:32.403,Patient,4471.11,4414.41,4495.41,111,109,2,2,0.7,0.927815,0.794045,758,680,755,649,801,720,801,688,821,711,1010,679,110,331,719,735,-16,719,702,17,760.5,744.5,16,766,844.5,-78.5,387.479,799.826,637.064,340.95,0.484455,1.8685,0.823726,5.448,-3.448
2026-06-27 16:34:32.496,Patient,4471.11,4414.41,4495.41,111,109,2,2,0.7,0.793288,0.799138,750,671,733,653,792,711,801,689,812,702,1010,984,110,26,710.5,735,-24.5,710.5,693,17.5,751.5,745,6.5,757,997,-240,403.214,800.797,604.364,946.475,0.503516,0.638541,1.28806,5.448,-3.448
2026-06-27 16:34:32.590,Patient,4483.15,4454.55,4495.41,110,109,1,1,0.7,0.910083,0.800277,752,673,753,649,795,714,801,689,1063,705,1010,679,358,331,712.5,735,-22.5,712.5,701,11.5,754.5,745,9.5,884,844.5,39.5,1090.26,798.296,632.345,342.771,1.36573,1.8448,0.516329,5.448,-4.448
2026-06-27 16:34:32.686,Patient,4483.15,4454.55,4495.41,110,109,1,1,0.7,0.790258,0.795727,755,678,732,651,799,718,773,689,819,709,1010,984,110,26,716.5,736,-19.5,716.5,691.5,25,758.5,731,27.5,764,997,-233,389.618,798.338,632.658,957.411,0.488036,0.660801,1.33849,5.448,-4.448
2026-06-27 16:34:32.778,Patient,4455.98,4298.25,4495.41,114,109,5,5,0.8,0.837784,0.806192,756,678,734,648,799,718,772,688,819,709,1010,678,110,332,717,734.5,-17.5,717,691,26,758.5,730,28.5,764,844,-80,402.836,800.324,613.303,362.729,0.503341,1.6908,0.811224,5.448,-0.448
2026-06-27 16:34:32.872,Patient,4483.15,4454.55,4495.41,110,109,1,1,0.7,0.835518,0.805327,758,680,735,651,801,720,773,689,821,711,1010,680,110,330,719,735.5,-16.5,719,693,26,760.5,731,29.5,766,845,-79,400.548,805.055,640.441,361.104,0.497541,1.77356,0.830742,5.448,-4.448
2026-06-27 16:34:32.965,Patient,4471.11,4414.41,4495.41,111,109,2,2,0.7,0.929656,0.799681,755,677,739,648,799,718,801,688,819,709,1010,679,110,331,716,735,-19,716,693.5,22.5,758.5,744.5,14,764,844.5,-80.5,409.075,797.947,637.447,356.713,0.512659,1.787,0.823648,5.448,-3.448
2026-06-27 16:34:33.059,Patient,4465.31,4375,4495.41,112,109,3,3,0.75,0.762323,0.799155,754,681,729,648,772,720,773,688,822,711,1010,679,111,331,717.5,734.5,-17,717.5,688.5,29,746,730.5,15.5,766.5,844.5,-78,395.226,800.747,634.077,345.049,0.493572,1.83764,0.818685,5.448,-2.448
2026-06-27 16:34:33.150,Patient,4463.59,4336.28,4495.41,113,109,4,4,0.8,0.790529,0.800891,756,677,730,650,799,718,772,688,819,709,1010,678,110,332,716.5,735,-18.5,716.5,690,26.5,758.5,730,28.5,764,844,-80,405.543,800.191,626.985,346.808,0.506808,1.80787,0.807635,5.448,-1.448
2026-06-27 16:34:33.247,Patient,4483.15,4454.55,4495.41,110,109,1,1,0.7,0.895612,0.801053,758,681,732,652,801,720,772,689,822,711,1010,930,111,80,719.5,735,-15.5,719.5,692,27.5,760.5,730.5,30,766.5,970,-203.5,396.586,791.666,644.177,357.055,0.500951,1.80414,0.842609,5.448,-4.448
2026-06-27 16:34:33.340,Patient,4483.15,4454.55,4495.41,110,109,1,1,0.7,0.905046,0.79424,750,671,757,649,792,711,801,689,1060,702,1010,679,358,331,710.5,735,-24.5,710.5,703,7.5,751.5,745,6.5,881,844.5,36.5,1074.15,795.463,637.351,345.015,1.35034,1.84731,0.525439,5.448,-4.448
2026-06-27 16:34:33.433,Patient,4483.15,4454.55,4495.41,110,109,1,1,0.7,0.780639,0.811082,758,680,734,651,801,720,772,689,822,711,1010,984,111,26,719,735.5,-16.5,719,692.5,26.5,760.5,730.5,30,766.5,997,-230.5,408.581,799.605,626.838,945.739,0.510979,0.662802,1.3016,5.448,-4.448
2026-06-27 16:34:33.528,Patient,4448.5,4260.87,4495.41,115,109,6,6,0.8,0.743146,0.81104,755,678,731,670,799,718,772,716,819,709,1010,930,110,80,716.5,735.5,-19,716.5,700.5,16,758.5,744,14.5,764,970,-206,398.748,795.71,630.362,333.081,0.501123,1.89251,0.806594,5.448,0.552
2026-06-27 16:34:33.622,Patient,4455.98,4298.25,4495.41,114,109,5,5,0.8,0.742624,0.79858,758,680,730,668,801,720,772,716,822,711,1010,930,111,80,719,735,-16,719,699,20,760.5,744,16.5,766.5,970,-203.5,399.166,799.166,617.832,332.192,0.499479,1.85986,0.792788,5.448,-0.448
2026-06-27 16:34:33.714,Patient,4463.59,4336.28,4495.41,113,109,4,4,0.8,0.769399,0.798221,748,671,731,649,792,711,773,687,1060,702,1010,678,358,332,709.5,735,-25.5,709.5,690,19.5,751.5,730,21.5,881,844,37,1079.05,796.101,621.048,334.879,1.35542,1.85454,0.509786,5.448,-1.448
2026-06-27 16:34:33.811,Patient,4463.59,4336.28,4495.41,113,109,4,4,0.8,0.748803,0.796957,757,680,735,648,801,720,773,688,821,711,1010,678,110,332,718.5,734.5,-16,718.5,691.5,27,760.5,730.5,30,766,844,-78,396.529,785.065,608.465,360.788,0.505091,1.68649,0.820293,5.448,-1.448
2026-06-27 16:34:33.904,Patient,4471.11,4414.41,4495.41,111,109,2,2,0.7,0.872261,0.803893,750,678,750,651,768,718,771,689,819,708,1010,984,111,26,714,735,-21,714,700.5,13.5,743,730,13,763.5,997,-233.5,387.769,772.881,604.12,894.716,0.501719,0.675209,1.29138,5.448,-3.448
2026-06-27 16:34:33.998,Patient,4483.15,4454.55,4495.41,110,109,1,1,0.7,0.887235,0.80144,757,680,735,648,801,720,801,688,821,711,1010,679,110,331,718.5,735,-16.5,718.5,691.5,27,760.5,744.5,16,766,844.5,-78.5,376.616,750.033,594.011,314.855,0.502133,1.88662,0.806699,5.448,-4.448
2026-06-27 16:34:34.089,Patient,4455.98,4298.25,4495.41,114,109,5,5,0.8,0.769352,0.801025,749,671,734,649,792,711,773,687,1060,702,1010,678,358,332,710,735,-25,710,691.5,18.5,751.5,730,21.5,881,844,37,1019.14,733.847,571.171,320.097,1.38876,1.78437,0.508429,5.448,-0.448
2026-06-27 16:34:34.185,Patient,4463.59,4336.28,4495.41,113,109,4,4,0.8,0.663767,0.798865,751,674,731,671,794,714,772,716,1063,704,1010,984,359,26,712.5,701,11.5,712.5,701,11.5,754,744,10,883.5,997,-113.5,1013.71,727.17,553.672,869.436,1.39405,0.636818,0.817464,5.448,-1.448
2026-06-27 16:34:34.279,Patient,4483.15,4454.55,4495.41,110,109,1,1,0.7,0.875923,0.810162,756,677,737,670,798,717,773,688,818,708,1010,679,110,331,716.5,734.5,-18,716.5,703.5,13,757.5,730.5,27,763,844.5,-81.5,374.68,736.854,583.616,307.032,0.508486,1.90083,0.801278,5.448,-4.448
2026-06-27 16:34:34.374,Patient,4471.11,4414.41,4495.41,111,109,2,2,0.7,0.804726,0.807316,758,680,738,651,801,720,773,688,821,711,1010,679,110,331,719,735,-16,719,694.5,24.5,760.5,730.5,30,766,844.5,-78.5,368.338,727.168,568.097,316.126,0.506538,1.79706,0.807136,5.448,-3.448
2026-06-27 16:34:34.467,Patient,4448.5,4260.87,4495.41,115,109,6,6,0.8,0.805754,0.811218,748,671,737,650,792,711,773,687,1060,702,1010,678,358,332,709.5,735,-25.5,709.5,693.5,16,751.5,730,21.5,881,844,37,986.434,723.06,547.831,310.514,1.36425,1.76427,0.502105,5.448,0.552
2026-06-27 16:34:34.561,Patient,4495.41,4495.41,4495.41,109,109,0,0,0.7,0.839377,0.820769,759,680,755,671,801,720,773,689,821,711,1010,984,110,26,719.5,735,-15.5,719.5,713,6.5,760.5,731,29.5,766,997,-231,370.625,712.416,566.283,833.687,0.520236,0.679251,1.29263,5.448,-5.448
2026-06-27 16:34:34.655,Patient,4465.31,4375,4495.41,112,109,3,3,0.75,0.884367,0.807759,756,678,734,671,798,717,772,688,818,708,1010,930,110,80,717,702.5,14.5,717,702.5,14.5,757.5,730,27.5,763,970,-207,359.263,706.415,561.708,307.661,0.508573,1.82574,0.81579,5.448,-2.448
2026-06-27 16:34:34.747,Patient,4455.98,4298.25,4495.41,114,109,5,5,0.8,0.75739,0.80484,757,680,753,649,801,720,773,687,821,711,1010,678,110,332,718.5,735,-16.5,718.5,701,17.5,760.5,730,30.5,766,844,-78,356.238,704.17,551.301,306.123,0.505898,1.80091,0.80858,5.448,-0.448
2026-06-27 16:34:34.842,Patient,4483.15,4454.55,4495.41,110,109,1,1,0.7,0.862878,0.803172,756,677,735,673,798,717,772,689,818,708,1010,929,110,81,716.5,704,12.5,716.5,704,12.5,757.5,730.5,27,763,969.5,-206.5,361.923,706.255,557.727,292.269,0.512454,1.90827,0.795744,5.448,-4.448
2026-06-27 16:34:34.932,Patient,4483.15,4454.55,4495.41,110,109,1,1,0.7,0.900993,0.811923,751,673,737,654,794,713,772,689,1063,704,1010,984,359,26,712,735,-23,712,695.5,16.5,753.5,730.5,23,883.5,997,-113.5,984.647,705.164,559.159,831.014,1.39634,0.672864,0.82268,5.448,-4.448
2026-06-27 16:34:35.028,Patient,4441.16,4224.14,4495.41,116,109,7,7,0.8,0.786403,0.805467,756,678,736,949,798,717,773,994,819,708,1010,678,111,332,717,735.5,-18.5,717,842.5,-125.5,757.5,883.5,-126,763.5,844,-80.5,371.795,711.174,549,289.231,0.52279,1.89814,0.774011,5.448,1.552
2026-06-27 16:34:35.120,Patient,4455.98,4298.25,4495.41,114,109,5,5,0.8,0.764398,0.80278,757,680,735,669,801,720,774,687,821,711,1010,678,110,332,718.5,735,-16.5,718.5,702,16.5,760.5,730.5,30,766,844,-78,357.567,712.392,549.887,298.878,0.501924,1.83984,0.793269,5.448,-0.448
2026-06-27 16:34:35.214,Patient,4504.63,4375,4537.04,112,108,4,4,0.8,0.917146,0.77728,749,671,757,651,791,711,801,689,1060,702,1010,679,358,331,710,735,-25,710,704,6,751,745,6,881,844.5,36.5,1002.15,713.445,551.295,284.097,1.40467,1.94052,0.486939,5.476,-1.476
2026-06-27 16:34:35.308,Patient,4483.15,4454.55,4495.41,110,109,1,1,0.7,0.766352,0.809442,757,680,733,652,801,720,772,689,821,711,1010,984,110,26,718.5,735.5,-17,718.5,692.5,26,760.5,730.5,30,766,997,-231,363.976,716.419,551.511,851.417,0.508048,0.647757,1.29853,5.448,-4.448
2026-06-27 16:34:35.402,Patient,4471.11,4414.41,4495.41,111,109,2,2,0.7,0.888805,0.821897,755,677,738,648,798,717,773,688,819,708,1010,679,111,331,716,735,-19,716,693,23,757.5,730.5,27,763.5,844.5,-81,373.174,715.65,558.22,294.802,0.521447,1.89354,0.783435,5.448,-3.448
2026-06-27 16:34:35.498,Patient,4455.98,4298.25,4495.41,114,109,5,5,0.8,0.70436,0.81623,751,674,731,671,794,713,773,687,1063,704,1010,984,359,26,712.5,735,-22.5,712.5,701,11.5,753.5,730,23.5,883.5,997,-113.5,977.918,708.91,533.507,841.971,1.37947,0.63364,0.815423,5.448,-0.448
2026-06-27 16:34:35.591,Patient,4455.98,4298.25,4495.41,114,109,5,5,0.8,0.789607,0.807644,749,671,736,650,792,711,773,688,1060,702,1010,678,358,332,710,735,-25,710,693,17,751.5,730.5,21,881,844,37,978.268,706.611,553.115,301.255,1.38445,1.83604,0.507081,5.448,-0.448
2026-06-27 16:34:35.684,Patient,4483.15,4454.55,4495.41,110,109,1,1,0.7,0.902028,0.803364,758,680,757,649,801,720,801,688,821,711,1010,679,110,331,719,735,-16,719,703,16,760.5,744.5,16,766,844.5,-78.5,358.37,709.077,561.048,284.821,0.505404,1.96983,0.792423,5.448,-4.448
2026-06-27 16:34:35.775,Patient,4483.15,4454.55,4495.41,110,109,1,1,0.7,0.883687,0.805517,755,677,738,671,798,717,772,688,818,708,1010,679,110,331,716,735,-19,716,704.5,11.5,757.5,730,27.5,763,844.5,-81.5,356.342,711.857,561.346,297.629,0.500581,1.88606,0.804133,5.448,-4.448
2026-06-27 16:34:35.870,Patient,4463.59,4336.28,4495.41,113,109,4,4,0.8,0.787968,0.815448,751,673,733,649,794,713,773,688,1063,704,1010,679,359,331,712,735.5,-23.5,712,691,21,753.5,730.5,23,883.5,844.5,39,984.8,712.535,559.898,309.438,1.38211,1.8094,0.512177,5.448,-1.448
2026-06-27 16:34:35.964,Patient,4448.5,4260.87,4495.41,115,109,6,6,0.8,0.793268,0.815453,755,678,730,672,798,717,773,687,819,708,1010,930,111,80,716.5,735,-18.5,716.5,701,15.5,757.5,730,27.5,763.5,970,-206.5,363.492,708.615,539.134,285.204,0.512962,1.89035,0.768895,5.448,0.552
2026-06-27 16:34:36.058,Patient,4471.11,4414.41,4495.41,111,109,2,2,0.7,0.818141,0.812613,757,680,735,950,801,720,772,994,821,711,1010,984,110,26,718.5,735,-16.5,718.5,842.5,-124,760.5,883,-122.5,766,997,-231,360.939,702.397,521.3,830.822,0.513867,0.627451,1.27158,5.448,-3.448
2026-06-27 16:34:36.154,Patient,4471.11,4414.41,4495.41,111,109,2,2,0.7,0.873044,0.808342,756,677,735,674,798,717,772,688,819,708,1010,930,111,80,716.5,704.5,12,716.5,704.5,12,757.5,730,27.5,763.5,970,-206.5,362.034,704.947,553.423,304.438,0.513562,1.81785,0.804008,5.448,-3.448
2026-06-27 16:34:36.249,Patient,4463.59,4336.28,4495.41,113,109,4,4,0.8,0.810399,0.817249,750,674,735,650,794,713,773,688,1063,704,1010,678,359,332,712,734.5,-22.5,712,692.5,19.5,753.5,730.5,23,883.5,844,39.5,987.413,705.785,556.037,301.194,1.39903,1.84611,0.506279,5.448,-1.448
2026-06-27 16:34:36.339,Patient,4471.11,4414.41,4495.41,111,109,2,2,0.7,0.849731,0.811793,755,678,734,651,798,717,772,689,818,708,1010,679,110,331,716.5,735,-18.5,716.5,692.5,24,757.5,730.5,27,763,844.5,-81.5,361.604,705.64,555.748,302.483,0.512447,1.83729,0.804157,5.448,-3.448
2026-06-27 16:34:36.434,Patient,4455.98,4298.25,4495.41,114,109,5,5,0.8,0.778256,0.803757,751,674,734,648,794,713,773,687,1063,704,1010,678,359,332,712.5,735,-22.5,712.5,691,21.5,753.5,730,23.5,883.5,844,39.5,979.911,710.125,546.854,299.926,1.37991,1.8233,0.501042,5.448,-0.448
2026-06-27 16:34:36.528,Patient,4471.11,4414.41,4495.41,111,109,2,2,0.7,0.817346,0.817171,749,679,734,651,768,717,773,689,818,708,1010,679,110,331,714,735,-21,714,692.5,21.5,742.5,731,11.5,763,844.5,-81.5,365.774,707.682,546.549,303.83,0.516862,1.79886,0.792189,5.448,-3.448
2026-06-27 16:34:36.622,Patient,4483.15,4454.55,4495.41,110,109,1,1,0.7,0.805775,0.807561,758,681,731,651,801,720,772,689,821,711,1010,984,110,26,719.5,735.5,-16,719.5,691,28.5,760.5,730.5,30,766,997,-231,359.997,703.188,542.745,845.503,0.51195,0.64192,1.30575,5.448,-4.448
2026-06-27 16:34:36.714,Patient,4471.11,4414.41,4495.41,111,109,2,2,0.7,0.815475,0.813567,749,671,735,671,792,711,773,688,1060,702,1010,679,358,331,710,734.5,-24.5,710,703,7,751.5,730.5,21,881,844.5,36.5,962.309,687.152,538.273,287.828,1.40043,1.87012,0.500831,5.448,-3.448
2026-06-27 16:34:36.811,Patient,4465.31,4375,4495.41,112,109,3,3,0.75,0.619269,0.817819,757,681,731,671,801,720,771,716,820,710,1010,984,110,26,719,701,18,719,701,18,760.5,743.5,17,765,997,-232,354.943,680.414,503.493,815.381,0.521658,0.617495,1.27384,5.448,-2.448
2026-06-27 16:34:36.900,Patient,4455.98,4298.25,4495.41,114,109,5,5,0.8,0.811274,0.815094,747,671,754,650,792,711,773,687,1060,702,1010,678,358,332,709,735,-26,709,702,7,751.5,730,21.5,881,844,37,953.454,687.603,529.04,293.653,1.38663,1.80158,0.501319,5.448,-0.448
2026-06-27 16:34:36.996,Patient,4356.02,3798.45,4495.41,129,109,20,20,0.8,0.572519,0.8106,757,680,733,949,800,720,772,994,821,711,1010,985,110,25,718.5,841,-122.5,718.5,841,-122.5,760,883,-123,766,997.5,-231.5,348.289,687.036,520.456,784.015,0.506944,0.663834,1.25996,5.448,14.552
2026-06-27 16:34:37.090,Patient,4471.11,4414.41,4495.41,111,109,2,2,0.7,0.912597,0.815754,748,672,739,648,792,711,801,688,1060,702,1010,679,358,331,710,735,-25,710,693.5,16.5,751.5,744.5,7,881,844.5,36.5,962.359,690.111,543.918,275.774,1.3945,1.97234,0.49604,5.448,-3.448
2026-06-27 16:34:37.184,Patient,4471.11,4414.41,4495.41,111,109,2,2,0.7,0.897223,0.796164,757,681,738,649,801,720,801,689,821,710,1010,984,111,26,719,735,-16,719,693.5,25.5,760.5,745,15.5,765.5,997,-231.5,359.743,687.457,527.156,794.334,0.523296,0.663646,1.26193,5.448,-3.448
2026-06-27 16:34:37.277,Patient,4483.15,4454.55,4495.41,110,109,1,1,0.7,0.904427,0.807745,755,678,735,653,798,717,772,689,819,708,1010,984,111,26,716.5,735,-18.5,716.5,694,22.5,757.5,730.5,27,763.5,997,-233.5,349.925,687.303,541.758,794.992,0.509128,0.681464,1.28877,5.448,-4.448
2026-06-27 16:34:37.372,Patient,4356.02,3798.45,4495.41,129,109,20,20,0.8,0.47804,0.819441,758,680,733,948,801,720,771,994,821,711,1010,984,110,26,719,840.5,-121.5,719,840.5,-121.5,760.5,882.5,-122,766,997,-231,353.05,676.761,501.395,815.26,0.521675,0.615013,1.27854,5.448,14.552
2026-06-27 16:34:37.468,Patient,4465.31,4375,4495.41,112,109,3,3,0.75,0.682235,0.816994,755,678,731,653,798,717,772,688,818,708,1010,984,110,26,716.5,692,24.5,716.5,692,24.5,757.5,730,27.5,763,997,-234,353.407,678.848,490.512,808.453,0.520598,0.606729,1.25838,5.448,-2.448
2026-06-27 16:34:37.558,Patient,4512.29,4454.55,4537.04,110,108,2,2,0.7,0.915517,0.783845,757,681,754,651,801,720,801,689,820,711,1010,680,109,330,719,735.5,-16.5,719,702.5,16.5,760.5,745,15.5,765.5,845,-79.5,354.223,676.302,536.21,264.977,0.523765,2.02361,0.777454,5.476,-3.476
2026-06-27 16:34:37.652,Patient,4483.15,4454.55,4495.41,110,109,1,1,0.7,0.902315,0.819819,749,672,756,650,792,711,801,689,1060,702,1010,984,358,26,710.5,735,-24.5,710.5,703,7.5,751.5,745,6.5,881,997,-116,943.52,675.783,526.412,774.333,1.39619,0.679827,0.803274,5.448,-4.448
2026-06-27 16:34:37.749,Patient,4471.11,4414.41,4495.41,111,109,2,2,0.7,0.851425,0.791498,758,680,735,673,800,720,772,688,821,710,1010,930,111,80,719,704,15,719,704,15,760,730,30,765.5,970,-204.5,339.348,662.146,523.153,273.112,0.512496,1.91553,0.795077,5.448,-3.448
2026-06-27 16:34:37.840,Patient,4356.02,3798.45,4495.41,129,109,20,20,0.8,0.436131,0.811396,754,678,733,948,798,717,772,994,818,708,1010,930,110,80,716,840.5,-124.5,716,840.5,-124.5,757.5,883,-125.5,763,970,-207,350.28,665.193,490.832,261.011,0.526585,1.8805,0.740386,5.448,14.552
2026-06-27 16:34:37.934,Patient,4524.55,4495.41,4537.04,109,108,1,1,0.7,0.7526,0.794869,757,680,732,652,801,720,772,689,820,710,1010,984,110,26,718.5,692,26.5,718.5,692,26.5,760.5,730.5,30,765,997,-232,355.966,664.617,511.51,800.168,0.535595,0.639253,1.28522,5.476,-4.476
2026-06-27 16:34:38.029,Patient,4483.15,4454.55,4495.41,110,109,1,1,0.7,0.784998,0.826328,750,679,731,669,768,717,772,688,818,708,1010,679,110,331,714.5,734.5,-20,714.5,700,14.5,742.5,730,12.5,763,844.5,-81.5,331.163,659.104,518.582,273.859,0.502444,1.89361,0.80023,5.448,-4.448
2026-06-27 16:34:38.121,Patient,4455.98,4298.25,4495.41,114,109,5,5,0.8,0.711741,0.81122,759,680,736,950,800,720,772,994,821,711,1010,678,110,332,719.5,734.5,-15,719.5,843,-123.5,760,883,-123,766,844,-78,335.315,667.096,512.954,253.899,0.502649,2.02031,0.765008,5.448,-0.448
2026-06-27 16:34:38.218,Patient,4471.11,4414.41,4495.41,111,109,2,2,0.7,0.848854,0.806904,749,671,735,651,792,711,773,689,1060,702,1010,679,358,331,710,735.5,-25.5,710,693,17,751.5,731,20.5,881,844.5,36.5,930.189,666.768,519.128,272.187,1.39507,1.90725,0.495514,5.448,-3.448
2026-06-27 16:34:38.319,Patient,4448.5,4260.87,4495.41,115,109,6,6,0.8,0.778979,0.804605,758,680,736,950,800,720,773,994,820,710,1010,678,110,332,719,735.5,-16.5,719,843,-124,760,883.5,-123.5,765,844,-79,327.786,656.747,505.169,265.02,0.499106,1.90616,0.782289,5.448,0.552
2026-06-27 16:34:38.416,Patient,4507.9,4537.04,4495.41,108,109,1,-1,0.7,0.83261,0.80953,751,679,734,655,768,717,771,689,818,708,1010,984,110,26,715,694.5,20.5,715,694.5,20.5,742.5,730,12.5,763,997,-234,339.311,652.102,511.229,755.217,0.520334,0.676929,1.27742,5.448,-6.448
2026-06-27 16:34:38.542,Patient,4356.02,3798.45,4495.41,129,109,20,20,0.8,0.404787,0.816952,751,674,732,948,794,713,771,994,1063,704,1010,984,359,26,712.5,840,-127.5,712.5,840,-127.5,753.5,882.5,-129,883.5,997,-113.5,894.962,637.839,474.564,760.168,1.40311,0.624289,0.80554,5.448,14.552
2026-06-27 16:34:38.608,Patient,4471.11,4414.41,4495.41,111,109,2,2,0.7,0.751727,0.815129,751,679,734,651,768,717,772,688,818,708,1010,679,110,331,715,734.5,-19.5,715,692.5,22.5,742.5,730,12.5,763,844.5,-81.5,330.491,639.249,482.36,258.425,0.516999,1.86654,0.763901,5.448,-3.448
2026-06-27 16:34:38.711,Patient,4465.31,4375,4495.41,112,109,3,3,0.75,0.831256,0.821793,757,680,758,950,800,720,773,994,820,710,1010,679,110,331,718.5,735,-16.5,718.5,854,-135.5,760,883.5,-123.5,765,844.5,-79.5,332.89,638.846,492.254,256.154,0.52108,1.92171,0.770177,5.448,-2.448
2026-06-27 16:34:38.803,Patient,4356.02,3798.45,4495.41,129,109,20,20,0.8,0.393782,0.816968,755,678,733,949,798,717,772,994,818,708,1010,930,110,80,716.5,841,-124.5,716.5,841,-124.5,757.5,883,-125.5,763,970,-207,331.797,639.472,475.804,250.223,0.518861,1.90152,0.747503,5.448,14.552
2026-06-27 16:34:38.907,Patient,4448.5,4260.87,4495.41,115,109,6,6,0.8,0.615467,0.804527,754,681,729,650,771,720,773,687,821,710,1010,984,111,26,717.5,735.5,-18,717.5,689.5,28,745.5,730,15.5,765.5,997,-231.5,337.829,649.416,475.32,771.823,0.520204,0.61584,1.26326,5.448,0.552
2026-06-27 16:34:38.977,Patient,4495.41,4495.41,4495.41,109,109,0,0,0.7,0.888572,0.81511,754,678,755,949,798,717,771,994,819,708,1010,680,111,330,716,735,-19,716,852,-136,757.5,882.5,-125,763.5,845,-81.5,344.478,651.447,518.764,262.434,0.528789,1.97674,0.784395,5.448,-5.448
2026-06-27 16:34:39.081,Patient,4483.15,4454.55,4495.41,110,109,1,1,0.7,0.910109,0.818231,748,671,757,949,791,711,801,994,1060,701,1010,679,359,331,709.5,735,-25.5,709.5,853,-143.5,751,897.5,-146.5,880.5,844.5,36,918.83,650.805,509.988,251.463,1.41184,2.02808,0.485114,5.448,-4.448
2026-06-27 16:34:39.215,Patient,4455.98,4298.25,4495.41,114,109,5,5,0.8,0.779207,0.813002,758,680,737,671,801,720,773,687,820,710,1010,678,110,332,719,735,-16,719,704,15,760.5,730,30.5,765,844,-79,335.113,645.187,483.277,265.673,0.519405,1.81906,0.764001,5.448,-0.448
2026-06-27 16:34:39.294,Patient,4471.11,4414.41,4495.41,111,109,2,2,0.7,0.803209,0.802731,758,681,735,650,801,720,772,688,821,710,1010,679,111,331,719.5,735.5,-16,719.5,692.5,27,760.5,730,30.5,765.5,844.5,-79,345.378,654.178,505.125,272.259,0.527958,1.85531,0.777729,5.448,-3.448
2026-06-27 16:34:39.363,Patient,4455.98,4298.25,4495.41,114,109,5,5,0.8,0.733708,0.799783,747,671,734,950,791,711,773,994,1060,702,1010,678,358,332,709,734.5,-25.5,709,842,-133,751,883.5,-132.5,881,844,37,919.825,648.13,494.65,250.735,1.4192,1.9728,0.475387,5.448,-0.448
2026-06-27 16:34:39.457,Patient,4507.9,4537.04,4495.41,108,109,1,-1,0.7,0.799464,0.820733,757,681,755,673,801,720,772,689,821,710,1010,984,111,26,719,714,5,719,714,5,760.5,730.5,30,765.5,997,-231.5,352.875,644.753,513.31,761.353,0.547303,0.674208,1.27769,5.448,-6.448
2026-06-27 16:34:39.532,Patient,4483.15,4454.55,4495.41,110,109,1,1,0.7,0.908126,0.807708,749,672,754,650,792,711,800,689,1060,702,1010,984,358,26,710.5,734.5,-24,710.5,702,8.5,751.5,744.5,7,881,997,-116,902.697,647.346,499.498,739.486,1.39446,0.675466,0.799323,5.448,-4.448
2026-06-27 16:34:39.648,Patient,4455.98,4298.25,4495.41,114,109,5,5,0.8,0.859931,0.805482,751,674,735,671,794,713,773,688,1063,704,1010,679,359,331,712.5,735.5,-23,712.5,703,9.5,753.5,730.5,23,883.5,844.5,39,907.346,645.882,501.341,263.205,1.40482,1.90476,0.492231,5.448,-0.448
2026-06-27 16:34:39.732,Patient,4483.15,4454.55,4495.41,110,109,1,1,0.7,0.787346,0.826077,754,678,732,652,798,717,772,689,818,708,1010,984,110,26,716,735.5,-19.5,716,692,24,757.5,730.5,27,763,997,-234,338.915,646.412,495.022,770.811,0.524302,0.64221,1.28468,5.448,-4.448
2026-06-27 16:34:39.812,Patient,4448.5,4260.87,4495.41,115,109,6,6,0.8,0.641652,0.82386,757,680,734,671,801,720,774,687,821,710,1010,984,111,26,718.5,735,-16.5,718.5,702.5,16,760.5,730.5,30,765.5,997,-231.5,333.246,642.65,491.584,768.114,0.518549,0.639988,1.29081,5.448,0.552
2026-06-27 16:34:39.923,Patient,4356.02,3798.45,4495.41,129,109,20,20,0.8,0.449247,0.809938,755,678,755,948,798,717,802,994,818,708,1010,984,110,26,716.5,851.5,-135,716.5,851.5,-135,757.5,898,-140.5,763,997,-234,339.983,646.196,472.863,766.753,0.52613,0.616708,1.25699,5.448,14.552
2026-06-27 16:34:40.002,Patient,4471.11,4414.41,4495.41,111,109,2,2,0.7,0.917279,0.808218,757,680,756,949,801,720,801,994,821,710,1010,985,111,25,718.5,735,-16.5,718.5,852.5,-134,760.5,897.5,-137,765.5,997.5,-232,334.281,642.695,497.918,735.963,0.520123,0.676553,1.26296,5.448,-3.448
2026-06-27 16:34:40.117,Patient,4356.02,3798.45,4495.41,129,109,20,20,0.8,0.340548,0.808614,755,678,755,949,798,717,772,994,818,708,1010,984,110,26,716.5,852,-135.5,716.5,852,-135.5,757.5,883,-125.5,763,997,-234,337.64,651.104,506.8,784.401,0.518566,0.646098,1.3059,5.448,14.552
2026-06-27 16:34:40.218,Patient,4448.5,4260.87,4495.41,115,109,6,6,0.8,0.721785,0.807548,752,681,733,949,770,720,773,994,821,711,1010,678,110,332,716.5,734.5,-18,716.5,841,-124.5,745,883.5,-138.5,766,844,-78,332.875,654.188,485.782,250.828,0.508837,1.93671,0.746265,5.448,0.552
2026-06-27 16:34:40.299,Patient,4361.96,3828.12,4495.41,128,109,19,19,0.8,0.391496,0.816598,749,672,735,948,791,711,771,994,1060,702,1010,985,358,25,710.5,841.5,-131,710.5,841.5,-131,751,882.5,-131.5,881,997.5,-116.5,914.234,651.935,512.617,765.66,1.40234,0.66951,0.816181,5.448,13.552
2026-06-27 16:34:40.394,Patient,4356.02,3798.45,4495.41,129,109,20,20,0.8,0.439662,0.807908,756,680,754,949,800,720,771,994,821,710,1010,984,111,26,718,851.5,-133.5,718,851.5,-133.5,760,882.5,-122.5,765.5,997,-231.5,341.53,643.16,484.036,777.736,0.531019,0.622365,1.28139,5.448,14.552
2026-06-27 16:34:40.484,Patient,4356.02,3798.45,4495.41,129,109,20,20,0.8,0.420998,0.824994,756,678,735,949,798,717,772,994,818,708,1010,984,110,26,717,842,-125,717,842,-125,757.5,883,-125.5,763,997,-234,340.546,643.161,477.121,778.327,0.529488,0.613008,1.27624,5.448,14.552
2026-06-27 16:34:40.572,Patient,4455.98,4298.25,4495.41,114,109,5,5,0.8,0.693956,0.811861,757,680,732,669,800,720,773,687,820,711,1010,678,109,332,718.5,735,-16.5,718.5,700.5,18,760,730,30,765.5,844,-78.5,334.522,651.15,483.601,255.953,0.51374,1.88941,0.750305,5.448,-0.448
2026-06-27 16:34:40.672,Patient,4504.63,4375,4537.04,112,108,4,4,0.8,0.809351,0.789726,754,678,734,650,798,717,773,689,818,708,1010,679,110,331,716,735.5,-19.5,716,692,24,757.5,731,26.5,763,844.5,-81.5,332.768,648.589,506.158,267.371,0.513064,1.89309,0.788223,5.476,-1.476
2026-06-27 16:34:40.787,Patient,4356.02,3798.45,4495.41,129,109,20,20,0.8,0.391743,0.815486,751,674,733,949,794,713,772,994,1063,704,1010,930,359,80,712.5,841,-128.5,712.5,841,-128.5,753.5,883,-129.5,883.5,970,-86.5,894.857,646.132,479.478,249.365,1.38495,1.92279,0.472971,5.448,14.552
2026-06-27 16:34:40.856,Patient,4483.15,4454.55,4495.41,110,109,1,1,0.7,0.756352,0.812357,755,678,735,950,798,717,773,994,818,708,1010,984,110,26,716.5,735.5,-19,716.5,842.5,-126,757.5,883.5,-126,763,997,-234,326.457,631.284,486.076,757.824,0.517131,0.64141,1.29879,5.448,-4.448
2026-06-27 16:34:40.949,Patient,4356.02,3798.45,4495.41,129,109,20,20,0.8,0.431537,0.809578,751,674,756,950,794,713,800,994,1063,704,1010,984,359,26,712.5,853,-140.5,712.5,853,-140.5,753.5,897,-143.5,883.5,997,-113.5,884.18,638.392,480.86,726.447,1.38501,0.661934,0.792939,5.448,14.552
2026-06-27 16:34:41.038,Patient,4483.15,4454.55,4495.41,110,109,1,1,0.7,0.843638,0.809175,749,672,732,673,791,711,772,689,1060,701,1010,929,359,81,710.5,702.5,8,710.5,702.5,8,751,730.5,20.5,880.5,969.5,-89,899.52,646.946,507.93,255.026,1.39041,1.99168,0.493355,5.448,-4.448
2026-06-27 16:34:41.165,Patient,4356.02,3798.45,4495.41,129,109,20,20,0.8,0.372252,0.817316,758,680,755,931,800,720,772,994,821,710,1010,930,111,80,719,843,-124,719,843,-124,760,883,-123,765.5,970,-204.5,330.986,636.808,506.07,264.656,0.519758,1.91218,0.796374,5.448,14.552
2026-06-27 16:34:41.236,Patient,4463.59,4336.28,4495.41,113,109,4,4,0.8,0.753021,0.809672,751,679,733,649,768,717,772,687,818,708,1010,678,110,332,715,734.5,-19.5,715,691,24,742.5,729.5,13,763,844,-81,323.541,641.365,485.399,252.927,0.504458,1.91913,0.765179,5.448,-1.448
2026-06-27 16:34:41.313,Patient,4495.41,4495.41,4495.41,109,109,0,0,0.7,0.756873,0.817609,750,674,733,948,794,713,772,994,1062,704,1010,679,358,331,712,734.5,-22.5,712,840.5,-128.5,753.5,883,-129.5,883,844.5,38.5,887.761,637.477,489.573,249.726,1.39262,1.96044,0.48471,5.448,-5.448
2026-06-27 16:34:41.413,Patient,4455.98,4298.25,4495.41,114,109,5,5,0.8,0.731672,0.802151,751,678,733,649,768,717,772,687,818,708,1010,678,110,332,714.5,734.5,-20,714.5,691,23.5,742.5,729.5,13,763,844,-81,316.891,636.962,490.67,253.894,0.497504,1.93258,0.780585,5.448,-0.448
2026-06-27 16:34:41.515,Patient,4455.98,4298.25,4495.41,114,109,5,5,0.8,0.698512,0.815992,751,673,738,950,794,713,773,994,1062,704,1010,678,358,332,712,735,-23,712,844,-132,753.5,883.5,-130,883,844,39,890.21,643.021,486.901,245.203,1.38442,1.9857,0.477491,5.448,-0.448
2026-06-27 16:34:41.598,Patient,4356.02,3798.45,4495.41,129,109,20,20,0.8,0.45765,0.808517,755,678,756,948,798,717,772,994,819,708,1010,930,111,80,716.5,852,-135.5,716.5,852,-135.5,757.5,883,-125.5,763.5,970,-206.5,328.029,639.656,492.831,256.971,0.512821,1.91785,0.774841,5.448,14.552
2026-06-27 16:34:41.711,Patient,4356.02,3798.45,4495.41,129,109,20,20,0.8,0.322683,0.812513,751,674,733,949,794,713,772,994,1063,704,1010,984,359,26,712.5,841,-128.5,712.5,841,-128.5,753.5,883,-129.5,883.5,997,-113.5,892.627,642.192,485.766,756.353,1.38997,0.642248,0.809293,5.448,14.552
2026-06-27 16:34:41.795,Patient,4455.98,4298.25,4495.41,114,109,5,5,0.8,0.749829,0.82144,755,678,733,951,798,717,773,994,818,708,1010,678,110,332,716.5,735,-18.5,716.5,842,-125.5,757.5,883.5,-126,763,844,-81,334.198,636.295,483.509,251.204,0.525225,1.92477,0.757051,5.448,-0.448
2026-06-27 16:34:41.891,Patient,4463.59,4336.28,4495.41,113,109,4,4,0.8,0.676809,0.81717,757,681,734,950,801,720,772,994,821,710,1010,678,111,332,719,734.5,-15.5,719,842,-123,760.5,883,-122.5,765.5,844,-78.5,336.884,645.799,482.107,241.982,0.521654,1.99233,0.736848,5.448,-1.448
2026-06-27 16:34:41.992,Patient,4483.15,4454.55,4495.41,110,109,1,1,0.7,0.897127,0.803686,749,671,757,950,792,711,800,994,1060,701,1010,984,359,26,710,734.5,-24.5,710,853.5,-143.5,751.5,897,-145.5,880.5,997,-116.5,900.483,641.54,493.912,734.245,1.40363,0.67268,0.796459,5.448,-4.448
2026-06-27 16:34:42.086,Patient,4455.98,4298.25,4495.41,114,109,5,5,0.8,0.80607,0.816033,753,681,732,647,771,720,772,687,821,710,1010,678,111,332,717,735,-18,717,689.5,27.5,745.5,729.5,16,765.5,844,-78.5,326.599,654.717,472.331,263.242,0.498839,1.79429,0.749578,5.448,-0.448
2026-06-27 16:34:42.181,Patient,4483.15,4454.55,4495.41,110,109,1,1,0.7,0.9109,0.816928,751,678,739,649,768,717,801,689,818,708,1010,985,110,25,714.5,735,-20.5,714.5,694,20.5,742.5,745,-2.5,763,997.5,-234.5,352.056,670.722,520.336,762.48,0.524891,0.682426,1.25425,5.448,-4.448
2026-06-27 16:34:42.280,Patient,4524.55,4495.41,4537.04,109,108,1,1,0.7,0.895908,0.801212,757,681,758,949,800,720,800,994,821,711,1010,679,110,331,719,734.5,-15.5,719,853.5,-134.5,760,897,-137,766,844.5,-78.5,354.26,674.066,537.542,259.613,0.525556,2.07055,0.775197,5.476,-4.476
2026-06-27 16:34:42.352,Patient,4483.15,4454.55,4495.41,110,109,1,1,0.7,0.778236,0.799144,755,678,733,652,798,717,772,689,819,708,1010,680,111,330,716.5,735.5,-19,716.5,692.5,24,757.5,730.5,27,763.5,845,-81.5,334.149,672.976,506.33,261.544,0.496524,1.93593,0.762442,5.448,-4.448
2026-06-27 16:34:42.446,Patient,4356.02,3798.45,4495.41,129,109,20,20,0.8,0.442409,0.806987,757,680,735,948,800,720,772,994,821,710,1010,984,111,26,718.5,841.5,-123,718.5,841.5,-123,760,883,-123,765.5,997,-231.5,349.832,672.238,498.037,799.015,0.520399,0.623314,1.26904,5.448,14.552
2026-06-27 16:34:42.546,Patient,4495.41,4495.41,4495.41,109,109,0,0,0.7,0.803354,0.816245,754,678,734,654,798,717,772,689,818,708,1010,984,110,26,716,694,22,716,694,22,757.5,730.5,27,763,997,-234,348.542,662.164,529.205,781.363,0.526368,0.677284,1.29669,5.448,-5.448
2026-06-27 16:34:42.648,Patient,4356.02,3798.45,4495.41,129,109,20,20,0.8,0.424006,0.815331,749,674,735,948,794,713,772,994,1062,704,1010,930,358,80,711.5,841.5,-130,711.5,841.5,-130,753.5,883,-129.5,883,970,-87,917.351,654.636,496.503,252.825,1.40131,1.96382,0.476675,5.448,14.552
2026-06-27 16:34:42.733,Patient,4356.02,3798.45,4495.41,129,109,20,20,0.8,0.404267,0.806725,748,671,734,931,792,711,772,994,1060,701,1010,930,359,80,709.5,832.5,-123,709.5,832.5,-123,751.5,883,-131.5,880.5,970,-89.5,909.662,654.556,514.325,275.251,1.38974,1.86856,0.504773,5.448,14.552
2026-06-27 16:34:42.819,Patient,4455.98,4298.25,4495.41,114,109,5,5,0.8,0.721094,0.801917,758,680,756,951,801,720,773,994,821,710,1010,677,111,333,719,734.5,-15.5,719,853.5,-134.5,760.5,883.5,-123,765.5,843.5,-78,329.022,648.761,496.719,242.642,0.507155,2.04712,0.75616,5.448,-0.448
2026-06-27 16:34:42.934,Patient,4496.89,4336.28,4537.04,113,108,5,5,0.8,0.815556,0.790936,750,671,754,670,791,710,773,688,1059,701,1010,679,358,331,710.5,735.5,-25,710.5,712,-1.5,750.5,730.5,20,880,844.5,35.5,568.819,402.669,479.012,242.686,1.41262,1.97379,0.742879,5.476,-0.476
2026-06-27 16:34:43.105,Patient,4465.31,4375,4495.41,112,109,3,3,0.75,0.742609,0.822149,755,678,733,649,798,717,772,687,818,708,1010,678,110,332,716.5,735,-18.5,716.5,691,25.5,757.5,729.5,28,763,844,-81,348.164,658.788,500.974,262.859,0.528492,1.90587,0.75856,5.448,-2.448
2026-06-27 16:34:43.215,Patient,4506.38,4414.41,4537.04,111,108,3,3,0.75,0.847565,0.806336,747,675,731,672,764,714,772,688,1062,704,1010,930,358,80,711,701.5,9.5,711,701.5,9.5,739,730,9,883,970,-87,911.433,635.357,519.511,261.354,1.43452,1.98777,0.504829,5.476,-2.476
2026-06-27 16:34:43.305,Patient,4483.15,4454.55,4495.41,110,109,1,1,0.7,0.780712,0.819286,755,678,753,653,798,717,801,688,818,708,1010,984,110,26,716.5,703,13.5,716.5,703,13.5,757.5,744.5,13,763,997,-234,352.468,655.158,480.657,767.353,0.537989,0.626382,1.23857,5.448,-4.448
2026-06-27 16:34:43.393,Patient,4356.02,3798.45,4495.41,129,109,20,20,0.8,0.522472,0.816962,757,682,733,949,801,721,772,994,821,711,1010,984,110,26,719.5,841,-121.5,719.5,841,-121.5,761,883,-122,766,997,-231,299.47,585.45,489.373,751.648,0.511522,0.651067,1.40241,5.448,14.552
2026-06-27 16:34:43.491,Patient,4465.31,4375,4495.41,112,109,3,3,0.75,0.826274,0.822988,749,672,734,672,792,711,772,687,1060,702,1010,930,358,80,710.5,703,7.5,710.5,703,7.5,751.5,729.5,22,881,970,-89,908.601,648.592,509.159,270.559,1.40088,1.88187,0.50072,5.448,-2.448
2026-06-27 16:34:43.581,Patient,4356.02,3798.45,4495.41,129,109,20,20,0.8,0.389321,0.812361,757,680,734,949,801,720,772,994,821,710,1010,930,111,80,718.5,841.5,-123,718.5,841.5,-123,760.5,883,-122.5,765.5,970,-204.5,345.083,655.072,490.988,257.041,0.526787,1.91015,0.747913,5.448,14.552
2026-06-27 16:34:43.681,Patient,4465.31,4375,4495.41,112,109,3,3,0.75,0.831277,0.818593,753,679,735,673,798,717,772,688,818,708,1010,930,110,80,716,704,12,716,704,12,757.5,730,27.5,763,970,-207,334.317,654.013,514.953,269.413,0.511177,1.91138,0.793628,5.448,-2.448
2026-06-27 16:34:43.771,Patient,4455.98,4298.25,4495.41,114,109,5,5,0.8,0.734006,0.808081,749,671,735,671,792,711,773,687,1060,701,1010,678,359,332,710,735,-25,710,703,7,751.5,730,21.5,880.5,844,36.5,920.719,654.753,502.363,259.527,1.40621,1.93569,0.483594,5.448,-0.448
2026-06-27 16:34:43.955,Patient,4495.41,4495.41,4495.41,109,109,0,0,0.7,0.895006,0.808336,748,671,754,649,791,711,800,688,1060,701,1010,679,359,331,709.5,734.5,-25,709.5,701.5,8,751,744,7,880.5,844.5,36,922.3,645.577,510.851,246.562,1.42864,2.0719,0.483082,5.448,-5.448
2026-06-27 16:34:44.045,Patient,4356.02,3798.45,4495.41,129,109,20,20,0.8,0.40509,0.812112,757,681,733,948,800,720,771,994,820,711,1010,984,109,26,719,840.5,-121.5,719,840.5,-121.5,760,882.5,-122.5,765.5,997,-231.5,334.367,657.882,484.371,781.075,0.508247,0.620134,1.27533,5.448,14.552
2026-06-27 16:34:44.146,Patient,4463.59,4336.28,4495.41,113,109,4,4,0.8,0.739543,0.800082,749,671,737,648,792,711,772,687,1060,701,1010,678,359,332,710,734.5,-24.5,710,692.5,17.5,751.5,729.5,22,880.5,844,36.5,929.762,655.26,482.011,276.485,1.41892,1.74335,0.478539,5.448,-1.448
2026-06-27 16:34:44.234,Patient,4471.11,4414.41,4495.41,111,109,2,2,0.7,0.910571,0.810545,751,674,758,950,794,713,801,994,1062,704,1010,984,358,26,712.5,735,-22.5,712.5,854,-141.5,753.5,897.5,-144,883,997,-114,915.988,652.892,497.852,756.194,1.40297,0.658366,0.799326,5.448,-3.448
2026-06-27 16:34:44.423,Patient,4448.5,4260.87,4495.41,115,109,6,6,0.8,0.780743,0.803765,758,680,755,670,800,720,773,687,821,710,1010,678,111,332,719,734.5,-15.5,719,712.5,6.5,760,730,30,765.5,844,-78.5,334.69,654.737,482.663,271.89,0.511182,1.77521,0.762617,5.448,0.552
2026-06-27 16:34:44.521,Patient,4455.98,4298.25,4495.41,114,109,5,5,0.8,0.69955,0.808906,751,679,734,671,768,717,773,687,819,708,1010,678,111,332,715,734.5,-19.5,715,702.5,12.5,742.5,730,12.5,763.5,844,-80.5,341.488,655.645,501.299,252.067,0.520842,1.98875,0.755532,5.448,-0.448
2026-06-27 16:34:44.606,Patient,4356.02,3798.45,4495.41,129,109,20,20,0.8,0.54357,0.816153,749,671,733,950,791,711,772,994,1060,701,1010,984,359,26,710,841.5,-131.5,710,841.5,-131.5,751,883,-132,880.5,997,-116.5,914.075,648.875,494.884,751.666,1.40871,0.658384,0.797563,5.448,14.552
2026-06-27 16:34:44.707,Patient,4483.15,4454.55,4495.41,110,109,1,1,0.7,0.767434,0.800348,753,681,735,671,771,720,773,688,821,710,1010,679,111,331,717,734.5,-17.5,717,703,14,745.5,730.5,15,765.5,844.5,-79,331.726,640.825,498.186,263.175,0.517654,1.89299,0.78285,5.448,-4.448
2026-06-27 16:34:44.800,Patient,4356.02,3798.45,4495.41,129,109,20,20,0.8,0.419814,0.802812,753,678,732,947,798,717,772,994,818,708,1010,930,110,80,715.5,839.5,-124,715.5,839.5,-124,757.5,883,-125.5,763,970,-207,336.715,653.263,484.671,252.536,0.515436,1.91922,0.744671,5.448,14.552
2026-06-27 16:34:44.902,Patient,4471.11,4414.41,4495.41,111,109,2,2,0.7,0.832632,0.817315,751,674,732,673,794,713,771,688,1062,704,1010,930,358,80,712.5,702.5,10,712.5,702.5,10,753.5,729.5,24,883,970,-87,906.743,651.01,512.231,269.074,1.39283,1.90368,0.501559,5.448,-3.448
2026-06-27 16:34:44.994,Patient,4455.98,4298.25,4495.41,114,109,5,5,0.8,0.714531,0.807244,755,678,735,950,798,717,773,994,818,708,1010,677,110,333,716.5,734.5,-18,716.5,842.5,-126,757.5,883.5,-126,763,843.5,-80.5,328.145,652.892,504.334,250.919,0.502603,2.00994,0.769852,5.448,-0.448
2026-06-27 16:34:45.070,Patient,4496.89,4336.28,4537.04,113,108,5,5,0.8,0.742839,0.788632,753,681,735,949,771,720,772,994,820,710,1010,678,110,332,717,734.5,-17.5,717,842,-125,745.5,883,-137.5,765,844,-79,341.332,649.969,478.786,255.738,0.525151,1.87217,0.740971,5.476,-0.476
2026-06-27 16:34:45.177,Patient,4483.15,4454.55,4495.41,110,109,1,1,0.7,0.801928,0.817374,754,678,754,651,798,717,772,688,818,708,1010,679,110,331,716,735,-19,716,702.5,13.5,757.5,730,27.5,763,844.5,-81.5,334.55,648.101,496.768,260.211,0.516201,1.9091,0.770344,5.448,-4.448
2026-06-27 16:34:45.273,Patient,4465.31,4375,4495.41,112,109,3,3,0.75,0.738129,0.808229,758,681,734,650,801,719,773,688,820,710,1010,679,110,331,719.5,735,-15.5,719.5,692,27.5,760,730.5,29.5,765,844.5,-79.5,339.905,640.261,500.835,264.159,0.530886,1.89596,0.780474,5.448,-2.448
2026-06-27 16:34:45.365,Patient,4465.31,4375,4495.41,112,109,3,3,0.75,0.826238,0.804524,756,678,756,651,798,717,773,688,818,708,1010,679,110,331,717,735,-18,717,703.5,13.5,757.5,730.5,27,763,844.5,-81.5,327.855,651.083,493.011,263.276,0.503553,1.8726,0.77256,5.448,-2.448
2026-06-27 16:34:45.472,Patient,4483.15,4454.55,4495.41,110,109,1,1,0.7,0.911446,0.809047,750,674,759,950,794,713,801,994,1062,704,1010,985,358,25,712,735,-23,712,854.5,-142.5,753.5,897.5,-144,883,997.5,-114.5,909.989,644.523,502.079,747.695,1.41188,0.671502,0.803965,5.448,-4.448
2026-06-27 16:34:45.537,Patient,4455.98,4298.25,4495.41,114,109,5,5,0.8,0.83536,0.806616,755,678,757,950,798,717,801,994,818,708,1010,677,110,333,716.5,734.5,-18,716.5,853.5,-137,757.5,897.5,-140,763,843.5,-80.5,335.86,654.388,478.812,257.687,0.513242,1.85812,0.743752,5.448,-0.448
2026-06-27 16:34:45.648,Patient,4361.96,3828.12,4495.41,128,109,19,19,0.8,0.422416,0.810625,753,681,733,949,771,720,771,994,821,710,1010,985,111,25,717,841,-124,717,841,-124,745.5,882.5,-137,765.5,997.5,-232,340.987,648.321,505.233,756.969,0.525953,0.667442,1.27584,5.448,13.552
2026-06-27 16:34:45.735,Patient,4483.15,4454.55,4495.41,110,109,1,1,0.7,0.878725,0.819472,755,678,757,949,798,717,800,994,818,708,1010,984,110,26,716.5,734.5,-18,716.5,853,-136.5,757.5,897,-139.5,763,997,-234,340.314,648.542,500.184,739.061,0.524737,0.676784,1.25321,5.448,-4.448
2026-06-27 16:34:45.832,Patient,4471.11,4414.41,4495.41,111,109,2,2,0.7,0.809888,0.809021,757,681,735,672,800,720,773,688,820,710,1010,930,110,80,719,703.5,15.5,719,703.5,15.5,760,730.5,29.5,765,970,-205,321.644,648.091,505.932,266.258,0.496294,1.90016,0.79629,5.448,-3.448
2026-06-27 16:34:45.921,Patient,4483.15,4454.55,4495.41,110,109,1,1,0.7,0.897466,0.805609,756,678,733,653,798,717,772,689,818,708,1010,984,110,26,717,735.5,-18.5,717,693,24,757.5,730.5,27,763,997,-234,335.215,648.072,519.392,757.083,0.517249,0.686043,1.29817,5.448,-4.448
2026-06-27 16:34:46.024,Patient,4356.02,3798.45,4495.41,129,109,20,20,0.8,0.554963,0.811969,751,673,754,949,794,713,772,994,1062,704,1010,984,358,26,712,851.5,-139.5,712,851.5,-139.5,753.5,883,-129.5,883,997,-114,913.971,655.055,489.411,747.7,1.39526,0.654556,0.788458,5.448,14.552
2026-06-27 16:34:46.123,Patient,4441.16,4224.14,4495.41,116,109,7,7,0.8,0.839305,0.80794,755,677,735,670,798,717,772,686,818,708,1010,677,110,333,716,734.5,-18.5,716,702.5,13.5,757.5,729,28.5,763,843.5,-80.5,348.298,657.564,485.647,261.091,0.529679,1.86007,0.742386,5.448,1.552
2026-06-27 16:34:46.207,Patient,4361.96,3828.12,4495.41,128,109,19,19,0.8,0.493821,0.817369,757,681,732,949,800,719,771,994,821,710,1010,985,111,25,719,840.5,-121.5,719,840.5,-121.5,759.5,882.5,-123,765.5,997.5,-232,331.946,642.302,497.119,752.582,0.516807,0.660551,1.28274,5.448,13.552
2026-06-27 16:34:46.307,Patient,4483.15,4454.55,4495.41,110,109,1,1,0.7,0.904421,0.8159,748,671,737,949,791,711,800,994,1060,701,1010,679,359,331,709.5,734.5,-25,709.5,843,-133.5,751,897,-146,880.5,844.5,36,920.405,656.802,521.756,250.47,1.40134,2.08311,0.489616,5.448,-4.448
2026-06-27 16:34:46.398,Patient,4495.41,4495.41,4495.41,109,109,0,0,0.7,0.901144,0.820156,751,674,758,950,794,713,800,994,1062,704,1010,679,358,331,712.5,735,-22.5,712.5,854,-141.5,753.5,897,-143.5,883,844.5,38.5,911.982,654.553,518.736,244.155,1.39329,2.12462,0.486993,5.448,-5.448
2026-06-27 16:34:46.486,Patient,4463.59,4336.28,4495.41,113,109,4,4,0.8,0.766734,0.79693,755,678,757,951,798,717,773,994,818,708,1010,678,110,332,716.5,734.5,-18,716.5,854,-137.5,757.5,883.5,-126,763,844,-81,328.103,649.054,493.365,260.654,0.50551,1.89279,0.771645,5.448,-1.448
2026-06-27 16:34:46.578,Patient,4483.15,4454.55,4495.41,110,109,1,1,0.7,0.812509,0.813617,758,680,735,671,801,719,773,688,821,710,1010,679,111,331,719,734.5,-15.5,719,703,16,760,730.5,29.5,765.5,844.5,-79,345.137,654.821,496.732,264.9,0.52707,1.87517,0.761664,5.448,-4.448
2026-06-27 16:34:46.693,Patient,4455.98,4298.25,4495.41,114,109,5,5,0.8,0.801409,0.8066,755,678,736,648,798,717,773,687,818,708,1010,678,110,332,716.5,735,-18.5,716.5,692,24.5,757.5,730,27.5,763,844,-81,335.036,652.077,468.4,268.275,0.513798,1.74597,0.746293,5.448,-0.448
2026-06-27 16:34:46.775,Patient,4495.41,4495.41,4495.41,109,109,0,0,0.7,0.801923,0.822372,752,681,731,654,770,720,772,689,821,710,1010,984,111,26,716.5,692.5,24,716.5,692.5,24,745,730.5,14.5,765.5,997,-231.5,350.198,647.636,519.47,769.775,0.540732,0.674835,1.29204,5.448,-5.448
2026-06-27 16:34:46.861,Patient,4465.31,4375,4495.41,112,109,3,3,0.75,0.792431,0.817225,754,678,753,950,798,717,772,994,818,708,1010,679,110,331,716,735.5,-19.5,716,851.5,-135.5,757.5,883,-125.5,763,844.5,-81.5,347.636,650.28,501.687,266.013,0.534594,1.88595,0.769303,5.448,-2.448
2026-06-27 16:34:46.970,Patient,4465.31,4375,4495.41,112,109,3,3,0.75,0.733824,0.814554,751,674,731,649,794,713,773,687,1063,704,1010,678,359,332,712.5,734.5,-22,712.5,690,22.5,753.5,730,23.5,883.5,844,39.5,912.852,654.165,498.81,262.514,1.39545,1.90013,0.485843,5.448,-2.448
2026-06-27 16:34:47.047,Patient,4483.15,4454.55,4495.41,110,109,1,1,0.7,0.91025,0.816183,755,678,754,949,798,717,800,994,818,708,1010,985,110,25,716.5,734.5,-18,716.5,851.5,-135,757.5,897,-139.5,763,997.5,-234.5,341.378,652.605,512.971,749.265,0.5231,0.684631,1.26988,5.448,-4.448
2026-06-27 16:34:47.150,Patient,4465.31,4375,4495.41,112,109,3,3,0.75,0.728857,0.805386,758,680,755,950,800,719,773,994,820,710,1010,678,110,332,719,735,-16,719,852.5,-133.5,759.5,883.5,-124,765,844,-79,342.625,647.796,506.365,269.816,0.528909,1.87671,0.783688,5.448,-2.448
2026-06-27 16:34:47.257,Patient,4483.15,4454.55,4495.41,110,109,1,1,0.7,0.918218,0.809851,755,677,757,949,798,717,800,994,818,708,1010,985,110,25,716,734.5,-18.5,716,853,-137,757.5,897,-139.5,763,997.5,-234.5,330.168,656.832,507.534,745.796,0.502668,0.680527,1.26984,5.448,-4.448
2026-06-27 16:34:47.323,Patient,4448.5,4260.87,4495.41,115,109,6,6,0.8,0.660159,0.821646,757,680,731,672,800,720,773,687,820,710,1010,984,110,26,718.5,735,-16.5,718.5,701.5,17,760,730,30,765,997,-232,339.875,655.062,481.859,776.12,0.518844,0.620856,1.26438,5.448,0.552
2026-06-27 16:34:47.450,Patient,4356.02,3798.45,4495.41,129,109,20,20,0.8,0.549556,0.822657,754,678,754,950,798,717,772,994,818,708,1010,984,110,26,716,852,-136,716,852,-136,757.5,883,-125.5,763,997,-234,336.312,649.794,489.09,751.025,0.517568,0.65123,1.25759,5.448,14.552
2026-06-27 16:34:47.515,Patient,4483.15,4454.55,4495.41,110,109,1,1,0.7,0.912241,0.82507,758,681,757,949,800,720,800,994,821,710,1010,679,111,331,719.5,734.5,-15,719.5,853,-133.5,760,897,-137,765.5,844.5,-79,349.651,651.559,509.608,244.512,0.536637,2.08418,0.753209,5.448,-4.448
2026-06-27 16:34:47.623,Patient,4455.98,4298.25,4495.41,114,109,5,5,0.8,0.715921,0.810351,755,678,731,669,798,717,773,716,818,708,1010,984,110,26,716.5,735,-18.5,716.5,700,16.5,757.5,744.5,13,763,997,-234,332.718,654.684,489.903,781.186,0.508211,0.627127,1.28731,5.448,-0.448
2026-06-27 16:34:47.763,Patient,4495.41,4495.41,4495.41,109,109,0,0,0.7,0.831282,0.820215,751,674,735,672,794,713,772,689,1063,704,1010,984,359,26,712.5,703.5,9,712.5,703.5,9,753.5,730.5,23,883.5,997,-113.5,908.232,652.078,518.259,766.366,1.39283,0.676255,0.823314,5.448,-5.448
2026-06-27 16:34:47.829,Patient,4455.98,4298.25,4495.41,114,109,5,5,0.8,0.806636,0.808377,755,677,735,672,798,717,772,687,818,708,1010,677,110,333,716,733.5,-17.5,716,703.5,12.5,757.5,729.5,28,763,843.5,-80.5,333.359,647.798,482.72,247.316,0.514604,1.95184,0.744055,5.448,-0.448
2026-06-27 16:34:47.895,Patient,4483.15,4454.55,4495.41,110,109,1,1,0.7,0.773969,0.824593,757,681,733,671,801,720,772,688,820,710,1010,679,110,331,719,734.5,-15.5,719,702,17,760.5,730,30.5,765,844.5,-79.5,345.869,654.876,497.371,260.359,0.528145,1.91033,0.757166,5.448,-4.448
2026-06-27 16:34:47.993,Patient,4455.98,4298.25,4495.41,114,109,5,5,0.8,0.754244,0.815907,755,678,755,671,798,717,773,687,818,708,1010,678,110,332,716.5,735,-18.5,716.5,713,3.5,757.5,730,27.5,763,844,-81,334.9,641.262,477.567,256.998,0.522252,1.85825,0.752504,5.448,-0.448
2026-06-27 16:34:48.065,Patient,4356.02,3798.45,4495.41,129,109,20,20,0.8,0.421972,0.815921,751,673,734,948,794,713,772,994,1062,704,1010,930,358,80,712,841,-129,712,841,-129,753.5,883,-129.5,883,970,-87,909.728,651.208,469.271,245.627,1.39698,1.9105,0.457993,5.448,14.552
2026-06-27 16:34:48.171,Patient,4441.16,4224.14,4495.41,116,109,7,7,0.8,0.758632,0.807581,750,679,734,670,768,717,773,687,818,708,1010,678,110,332,714.5,735.5,-21,714.5,702,12.5,742.5,730,12.5,763,844,-81,331.709,640.224,497.916,254.13,0.518114,1.9593,0.773762,5.448,1.552
2026-06-27 16:34:48.288,Patient,4483.15,4454.55,4495.41,110,109,1,1,0.7,0.898996,0.811787,747,674,736,650,764,713,801,688,1062,704,1011,984,358,27,710.5,735,-24.5,710.5,693,17.5,738.5,744.5,-6,883,997.5,-114.5,905.216,640.522,481.278,736.403,1.41325,0.653553,0.787767,5.448,-4.448
2026-06-27 16:34:48.355,Patient,4448.5,4260.87,4495.41,115,109,6,6,0.8,0.721658,0.808817,755,678,732,672,798,717,773,716,818,708,1010,984,110,26,716.5,735.5,-19,716.5,702,14.5,757.5,744.5,13,763,997,-234,332.749,642.812,476.426,762.333,0.517646,0.624959,1.26979,5.448,0.552
2026-06-27 16:34:48.478,Patient,4495.41,4495.41,4495.41,109,109,0,0,0.7,0.89971,0.813134,751,674,755,650,794,713,800,689,1062,704,1010,984,358,26,712.5,734.5,-22,712.5,702.5,10,753.5,744.5,9,883,997,-114,897.703,641.561,485.041,724.816,1.39925,0.669192,0.785997,5.448,-5.448
2026-06-27 16:34:48.547,Patient,4356.02,3798.45,4495.41,129,109,20,20,0.8,0.402051,0.801714,755,678,736,949,798,717,771,994,818,708,1010,930,110,80,716.5,842.5,-126,716.5,842.5,-126,757.5,882.5,-125,763,970,-207,323.968,638.518,472.827,241.134,0.507376,1.96085,0.741788,5.448,14.552
2026-06-27 16:34:48.650,Patient,4395.25,3828.12,4537.04,128,108,20,20,0.8,0.337257,0.782629,756,681,733,949,800,720,772,994,820,710,1010,930,110,80,718.5,841,-122.5,718.5,841,-122.5,760,883,-123,765,970,-205,330.156,636.969,484.476,248.069,0.518323,1.95299,0.757447,5.476,14.524
2026-06-27 16:34:48.739,Patient,4483.15,4454.55,4495.41,110,109,1,1,0.7,0.791323,0.807015,749,671,735,652,791,710,772,689,1060,701,1010,679,359,331,710,734.5,-24.5,710,693.5,16.5,750.5,730.5,20,880.5,844.5,36,899.188,636.549,488.049,248.957,1.4126,1.96037,0.479904,5.448,-4.448
2026-06-27 16:34:48.826,Patient,4512.29,4454.55,4537.04,110,108,2,2,0.7,0.81374,0.792803,751,674,737,949,794,713,773,994,1062,704,1010,679,358,331,712.5,734.5,-22,712.5,843,-130.5,753.5,883.5,-130,883,844.5,38.5,908.235,649.212,492.648,252.652,1.39898,1.94991,0.478539,5.476,-3.476
2026-06-27 16:34:48.936,Patient,4356.02,3798.45,4495.41,129,109,20,20,0.8,0.397018,0.808439,755,678,733,930,798,717,772,994,818,708,1010,930,110,80,716.5,831.5,-115,716.5,831.5,-115,757.5,883,-125.5,763,970,-207,330.836,640.177,500.258,267.111,0.516788,1.87285,0.790278,5.448,14.552
2026-06-27 16:34:49.025,Patient,4471.11,4414.41,4495.41,111,109,2,2,0.7,0.798262,0.816025,751,673,733,670,794,713,772,688,1062,704,1010,679,358,331,712,734.5,-22.5,712,701.5,10.5,753.5,730,23.5,883,844.5,38.5,895.816,642.058,499.302,256.964,1.39523,1.94309,0.491761,5.448,-3.448
2026-06-27 16:34:49.127,Patient,4465.31,4375,4495.41,112,109,3,3,0.75,0.766305,0.810923,754,678,733,671,798,717,772,688,818,708,1010,984,110,26,716,702,14,716,702,14,757.5,730,27.5,763,997,-234,347.448,644.437,466.834,758.52,0.53915,0.615454,1.23538,5.448,-2.448
2026-06-27 16:34:49.195,Patient,4465.31,4375,4495.41,112,109,3,3,0.75,0.736537,0.818175,752,681,733,670,770,720,772,687,821,710,1010,678,111,332,716.5,735,-18.5,716.5,701.5,15,745,729.5,15.5,765.5,844,-78.5,337.473,654.438,486.743,252.781,0.515668,1.92555,0.745555,5.448,-2.448
2026-06-27 16:34:49.306,Patient,4483.15,4454.55,4495.41,110,109,1,1,0.7,0.893994,0.815195,754,677,758,949,798,717,801,994,818,708,1010,984,110,26,715.5,735.5,-20,715.5,853.5,-138,757.5,897.5,-140,763,997,-234,331.472,645.682,513.108,750.65,0.513367,0.683551,1.2933,5.448,-4.448
2026-06-27 16:34:49.406,Patient,4507.9,4537.04,4495.41,108,109,1,-1,0.7,0.817319,0.825304,750,674,734,654,794,713,771,689,1062,704,1010,984,358,26,712,694,18,712,694,18,753.5,730,23.5,883,997,-114,902.709,638.095,503.075,744.801,1.41469,0.675449,0.809886,5.448,-6.448
2026-06-27 16:34:49.475,Patient,4356.02,3798.45,4495.41,129,109,20,20,0.8,0.392422,0.816248,749,671,735,948,791,710,772,994,1060,701,1010,930,359,80,710,841.5,-131.5,710,841.5,-131.5,750.5,883,-132.5,880.5,970,-89.5,890.527,630.58,463.673,239.97,1.41224,1.93221,0.462587,5.448,14.552
2026-06-27 16:34:49.575,Patient,4441.16,4224.14,4495.41,116,109,7,7,0.8,0.537797,0.805824,757,681,730,673,800,719,772,715,820,710,1010,984,110,26,719,701.5,17.5,719,701.5,17.5,759.5,743.5,16,765,997,-232,313.74,601.371,436.516,687.88,0.521708,0.634581,1.2287,5.448,1.552
2026-06-27 16:34:49.669,Patient,4481.8,4260.87,4537.04,115,108,7,7,0.8,0.68892,0.806204,754,678,758,952,797,717,773,994,817,708,1010,678,109,332,716,735,-19,716,855,-139,757,883.5,-126.5,762.5,844,-81.5,287.184,545.2,361.739,197.083,0.52675,1.83546,0.671351,5.476,1.524
2026-06-27 16:34:49.794,Patient,4279.62,3740.46,4414.41,131,111,20,20,0.8,0.570883,0.872608,757,699,754,951,800,719,800,993,820,709,1009,983,111,26,728,852.5,-124.5,728,852.5,-124.5,759.5,896.5,-137,764.5,996,-231.5,270.558,474.629,310.679,509.271,0.570042,0.610046,1.10033,5.392,14.608
2026-06-27 16:34:49.857,Patient,4356.02,3798.45,4495.41,129,109,20,20,0.8,0.648379,0.833427,758,682,984,952,800,719,1045,993,820,710,1010,984,110,26,720,968,-248,720,968,-248,759.5,1019,-259.5,765,997,-232,235.18,430.169,287.856,423.537,0.546716,0.679648,1.0692,5.448,14.552
2026-06-27 16:34:49.951,Patient,4317.48,3769.23,4454.55,130,110,20,20,0.8,0.604929,0.860346,748,690,982,952,791,710,1045,993,1060,701,1009,983,359,26,719,967,-248,719,967,-248,750.5,1019,-268.5,880.5,996,-115.5,622.538,437.554,303.598,442.509,1.42277,0.686083,0.703814,5.42,14.58
2026-06-27 16:34:50.040,Patient,4356.02,3798.45,4495.41,129,109,20,20,0.8,0.633702,0.841689,752,700,734,950,769,719,800,993,819,710,1010,929,109,81,726,842,-116,726,842,-116,744,896.5,-152.5,764.5,969.5,-205,247.419,437.945,296.656,156.606,0.564955,1.89429,0.661344,5.448,14.552
2026-06-27 16:34:50.167,Patient,4356.02,3798.45,4495.41,129,109,20,20,0.8,0.579753,0.824032,754,679,982,952,797,716,1045,993,817,707,1010,929,110,81,716.5,967,-250.5,716.5,967,-250.5,756.5,1019,-262.5,762,969.5,-207.5,240.371,447.745,314.529,157.375,0.536847,1.9986,0.685791,5.448,14.552
2026-06-27 16:34:50.245,Patient,4356.02,3798.45,4495.41,129,109,20,20,0.8,0.644744,0.820758,757,681,984,953,800,719,1045,993,821,710,1010,984,111,26,719,968.5,-249.5,719,968.5,-249.5,759.5,1019,-259.5,765.5,997,-231.5,242.818,450.082,299.918,444.655,0.539497,0.674497,1.07458,5.448,14.552
2026-06-27 16:34:50.373,Patient,4395.25,3828.12,4537.04,128,108,20,20,0.8,0.454525,0.809353,755,680,733,951,797,716,773,993,817,707,1010,984,110,26,717.5,842,-124.5,717.5,842,-124.5,756.5,883,-126.5,762,997,-235,258.694,460.061,294.494,479.07,0.562302,0.614719,1.07626,5.476,14.524
2026-06-27 16:34:50.440,Patient,4356.02,3798.45,4495.41,129,109,20,20,0.8,0.440759,0.805625,752,675,732,951,794,712,773,993,1063,703,1010,984,360,26,713.5,841.5,-128,713.5,841.5,-128,753,883,-130,883,997,-114,647.721,456.182,296.523,481.836,1.41987,0.615402,0.705098,5.448,14.552
2026-06-27 16:34:50.534,Patient,4356.02,3798.45,4495.41,129,109,20,20,0.8,0.625201,0.835231,755,679,983,952,797,716,1045,993,817,707,1010,984,110,26,717,967.5,-250.5,717,967.5,-250.5,756.5,1019,-262.5,762,997,-235,251.92,460.868,298.408,452.447,0.546622,0.659541,1.05341,5.448,14.552
2026-06-27 16:34:50.606,Patient,4395.25,3828.12,4537.04,128,108,20,20,0.8,0.417141,0.805824,751,675,998,953,793,712,1045,993,1062,703,1009,983,359,26,713,975.5,-262.5,713,975.5,-262.5,752.5,1019,-266.5,882.5,996,-113.5,654.654,466.15,299.507,486.968,1.40439,0.615044,0.701706,5.476,14.524
2026-06-27 16:34:50.705,Patient,4356.02,3798.45,4495.41,129,109,20,20,0.8,0.588825,0.822182,754,680,999,953,797,716,1045,993,817,707,1009,984,110,25,717,976,-259,717,976,-259,756.5,1019,-262.5,762,996.5,-234.5,247.732,461.678,299.407,476.384,0.536592,0.6285,1.09357,5.448,14.552
2026-06-27 16:34:50.792,Patient,4356.02,3798.45,4495.41,129,109,20,20,0.8,0.538293,0.833113,751,675,982,952,793,712,1045,993,1063,703,1009,984,360,25,713,967,-254,713,967,-254,752.5,1019,-266.5,883,996.5,-113.5,656.888,470.043,340.349,498.272,1.39751,0.683059,0.744164,5.448,14.552
2026-06-27 16:34:50.886,Patient,4395.25,3828.12,4537.04,128,108,20,20,0.8,0.501547,0.813204,753,679,1000,953,797,716,1045,993,817,707,1009,984,110,25,716,976.5,-260.5,716,976.5,-260.5,756.5,1019,-262.5,762,996.5,-234.5,268.431,479.001,316.285,503.159,0.560398,0.628598,1.09634,5.476,14.524
2026-06-27 16:34:50.979,Patient,4395.25,3828.12,4537.04,128,108,20,20,0.8,0.511437,0.814635,749,675,757,953,793,712,773,993,1063,703,1010,984,360,26,712,855,-143,712,855,-143,752.5,883,-130.5,883,997,-114,700.736,498.188,338.129,529.234,1.40657,0.638903,0.723452,5.476,14.524
2026-06-27 16:34:51.087,Patient,4356.02,3798.45,4495.41,129,109,20,20,0.8,0.553469,0.825121,755,678,998,952,797,716,1045,993,817,707,1010,984,110,26,716.5,975,-258.5,716.5,975,-258.5,756.5,1019,-262.5,762,997,-235,276.497,513.221,360.904,557.747,0.538749,0.647075,1.16326,5.448,14.552
2026-06-27 16:34:51.184,Patient,4496.89,4336.28,4537.04,113,108,5,5,0.8,0.807323,0.792756,756,681,758,952,800,719,773,993,820,710,1010,984,110,26,718.5,735.5,-17,718.5,855,-136.5,759.5,883,-123.5,765,997,-232,293.922,535.787,375.997,580.649,0.548579,0.647546,1.15299,5.476,-0.476
2026-06-27 16:34:51.265,Patient,4481.8,4260.87,4537.04,115,108,7,7,0.8,0.78636,0.816332,754,679,742,951,797,716,774,994,817,707,1010,984,110,26,716.5,733.5,-17,716.5,846.5,-130,756.5,884,-127.5,762,997,-235,302.646,543.745,364.636,578.97,0.556596,0.629801,1.11486,5.476,1.524
2026-06-27 16:34:51.361,Patient,4395.25,3828.12,4537.04,128,108,20,20,0.8,0.48643,0.787279,751,674,983,951,793,713,1045,993,1062,704,1010,984,358,26,712.5,967,-254.5,712.5,967,-254.5,753,1019,-266,883,997,-114,793.216,563.409,422.961,631.138,1.40789,0.670156,0.777001,5.476,14.524
2026-06-27 16:34:51.452,Patient,4356.02,3798.45,4495.41,129,109,20,20,0.8,0.602909,0.813114,747,671,985,950,791,710,1045,993,1060,701,1010,984,359,26,709,967.5,-258.5,709,967.5,-258.5,750.5,1019,-268.5,880.5,997,-116.5,805.606,575.79,407.026,631.808,1.39913,0.644224,0.752017,5.448,14.552
2026-06-27 16:34:51.562,Patient,4481.8,4260.87,4537.04,115,108,7,7,0.8,0.837043,0.801211,757,682,753,950,800,719,772,993,820,710,1010,984,110,26,719.5,735,-15.5,719.5,851.5,-132,759.5,882.5,-123,765,997,-232,314.002,582.814,449,682.898,0.538768,0.657492,1.26213,5.476,1.524
2026-06-27 16:34:51.638,Patient,4395.25,3828.12,4537.04,128,108,20,20,0.8,0.417455,0.790522,747,672,758,950,791,710,800,993,1060,701,1009,984,359,25,709.5,854,-144.5,709.5,854,-144.5,750.5,896.5,-146,880.5,996.5,-116,840.996,597.514,433.51,699.78,1.40749,0.619494,0.787821,5.476,14.524
2026-06-27 16:34:51.760,Patient,4489.28,4298.25,4537.04,114,108,6,6,0.8,0.873254,0.802259,750,673,754,951,793,713,772,993,1063,704,1010,984,359,26,711.5,736,-24.5,711.5,852.5,-141,753,882.5,-129.5,883.5,997,-113.5,851.591,606.731,461.326,715.007,1.40357,0.645205,0.806635,5.476,0.524
2026-06-27 16:34:51.826,Patient,4395.25,3828.12,4537.04,128,108,20,20,0.8,0.500585,0.78715,755,678,734,949,797,717,772,993,817,708,1010,984,109,26,716.5,841.5,-125,716.5,841.5,-125,757,882.5,-125.5,762.5,997,-234.5,324.125,614.797,482.834,748.984,0.527206,0.644652,1.31195,5.476,14.524
2026-06-27 16:34:51.946,Patient,4489.28,4298.25,4537.04,114,108,6,6,0.8,0.848518,0.790091,751,674,737,671,794,713,772,687,1063,704,1010,984,359,26,712.5,734.5,-22,712.5,704,8.5,753.5,729.5,24,883.5,997,-113.5,867.76,626.042,454.819,733.373,1.3861,0.620175,0.795414,5.476,0.524
2026-06-27 16:34:52.003,Patient,4496.89,4336.28,4537.04,113,108,5,5,0.8,0.819655,0.790327,755,677,754,951,797,717,802,994,817,708,1010,984,109,26,716,735.5,-19.5,716,852.5,-136.5,757,898,-141,762.5,997,-234.5,331.166,631.015,496.619,759.553,0.524815,0.653831,1.30555,5.476,-0.476
2026-06-27 16:34:52.117,Patient,4483.15,4454.55,4495.41,110,109,1,1,0.7,0.766992,0.821177,751,674,755,673,794,713,770,687,1063,704,1010,984,359,26,712.5,714,-1.5,712.5,714,-1.5,753.5,728.5,25,883.5,997,-113.5,886.926,637.93,466.92,762.715,1.39032,0.612181,0.806394,5.448,-4.448
2026-06-27 16:34:52.224,Patient,4395.25,3828.12,4537.04,128,108,20,20,0.8,0.467479,0.797414,756,678,758,951,798,717,773,994,817,708,1010,984,109,26,717,854.5,-137.5,717,854.5,-137.5,757.5,883.5,-126,762.5,997,-234.5,346.802,649.49,511.265,781.781,0.53396,0.653975,1.29786,5.476,14.524
2026-06-27 16:34:52.301,Patient,4512.29,4454.55,4537.04,110,108,2,2,0.7,0.850475,0.787601,757,680,734,674,800,719,771,716,820,710,1010,984,110,26,718.5,704,14.5,718.5,704,14.5,759.5,743.5,16,765,997,-232,339.352,652.678,524.209,807.844,0.519938,0.648899,1.34275,5.476,-3.476
2026-06-27 16:34:52.386,Patient,4471.11,4414.41,4495.41,111,109,2,2,0.7,0.818016,0.804516,749,671,754,652,791,710,772,688,1060,701,1010,984,359,26,710,703,7,710,703,7,750.5,730,20.5,880.5,997,-116.5,909.791,659.938,495.961,783.617,1.3786,0.632912,0.815158,5.448,-3.448
2026-06-27 16:34:52.490,Patient,4463.59,4336.28,4495.41,113,109,4,4,0.8,0.881204,0.822733,751,673,752,950,794,713,772,994,1063,704,1010,984,359,26,712,735.5,-23.5,712,851,-139,753.5,883,-129.5,883.5,997,-113.5,915.9,665.436,532.366,822.177,1.37639,0.647508,0.856582,5.448,-1.448
2026-06-27 16:34:52.581,Patient,4465.31,4375,4495.41,112,109,3,3,0.75,0.900549,0.815747,749,671,757,672,791,710,802,689,1060,701,1010,985,359,25,710,714.5,-4.5,710,714.5,-4.5,750.5,745.5,5,880.5,997.5,-117,938.101,674.828,525.424,819.585,1.39013,0.641086,0.833892,5.448,-2.448
2026-06-27 16:34:52.674,Patient,4448.5,4260.87,4495.41,115,109,6,6,0.8,0.821584,0.818395,747,674,736,648,764,713,773,688,1063,704,1010,985,359,25,710.5,735,-24.5,710.5,692,18.5,738.5,730.5,8,883.5,997.5,-114,951.434,685.241,521.99,834.432,1.38847,0.625563,0.828766,5.448,0.552
2026-06-27 16:34:52.781,Patient,4483.15,4454.55,4495.41,110,109,1,1,0.7,0.758826,0.818166,751,678,731,669,768,717,801,716,818,708,1010,984,110,26,714.5,700,14.5,714.5,700,14.5,742.5,758.5,-16,763,997,-234,358.866,700.361,521.915,860.093,0.512401,0.606812,1.30473,5.448,-4.448
2026-06-27 16:34:52.853,Patient,4507.9,4537.04,4495.41,108,109,1,-1,0.7,0.775167,0.808302,753,681,734,653,771,719,771,688,820,710,1010,984,110,26,717,693.5,23.5,717,693.5,23.5,745,729.5,15.5,765,997,-232,367.592,700.901,563.999,865.29,0.524456,0.651803,1.33767,5.448,-6.448
2026-06-27 16:34:52.947,Patient,4455.98,4298.25,4495.41,114,109,5,5,0.8,0.904932,0.806972,755,678,733,671,798,717,773,688,818,708,1010,984,110,26,716.5,735.5,-19,716.5,702,14.5,757.5,730.5,27,763,997,-234,358.995,703.602,579.904,884.834,0.510225,0.655381,1.37845,5.448,-0.448
2026-06-27 16:34:53.045,Patient,4455.98,4298.25,4495.41,114,109,5,5,0.8,0.818021,0.817524,757,680,736,669,800,719,772,687,820,710,1010,985,110,25,718.5,734.5,-16,718.5,702.5,16,759.5,729.5,30,765,997.5,-232.5,370.301,712.221,559.033,888.32,0.519924,0.629315,1.33702,5.448,-0.448
2026-06-27 16:34:53.144,Patient,4471.11,4414.41,4495.41,111,109,2,2,0.7,0.762054,0.82539,755,677,733,671,798,717,771,716,818,708,1010,984,110,26,716,702,14,716,702,14,757.5,743.5,14,763,997,-234,381.92,716.595,550.673,902.228,0.532965,0.610348,1.32261,5.448,-3.448
2026-06-27 16:34:53.231,Patient,4506.38,4414.41,4537.04,111,108,3,3,0.75,0.87112,0.794224,750,673,740,671,794,713,801,718,1063,704,1010,984,359,26,711.5,735.5,-24,711.5,705.5,6,753.5,759.5,-6,883.5,997,-113.5,994.281,729.204,591.624,895.781,1.36352,0.660456,0.863023,5.476,-2.476
2026-06-27 16:34:53.324,Patient,4483.15,4454.55,4495.41,110,109,1,1,0.7,0.694667,0.805992,749,671,734,651,791,711,771,716,1060,701,1010,984,359,26,710,692.5,17.5,710,692.5,17.5,751,743.5,7.5,880.5,997,-116.5,999.821,728.662,565.094,909.153,1.37213,0.621561,0.852914,5.448,-4.448
2026-06-27 16:34:53.430,Patient,4465.31,4375,4495.41,112,109,3,3,0.75,0.838777,0.807651,758,680,757,670,801,720,772,689,820,710,1010,985,110,25,719,713.5,5.5,719,713.5,5.5,760.5,730.5,30,765,997.5,-232.5,389.28,739.033,581.566,905.287,0.526743,0.642411,1.31777,5.448,-2.448
2026-06-27 16:34:53.513,Patient,4463.59,4336.28,4495.41,113,109,4,4,0.8,0.9095,0.79934,748,671,738,652,792,711,772,688,1060,702,1010,985,358,25,709.5,736,-26.5,709.5,695,14.5,751.5,730,21.5,881,997.5,-116.5,1020.68,745.494,604.419,937.488,1.36914,0.644722,0.87302,5.448,-1.448
2026-06-27 16:34:53.629,Patient,4481.8,4260.87,4537.04,115,108,7,7,0.8,0.888958,0.790245,757,680,735,648,801,720,773,688,820,710,1010,679,110,331,718.5,735.5,-17,718.5,691.5,27,760.5,730.5,30,765,844.5,-79.5,383.76,746.733,587.866,308.071,0.513919,1.90822,0.792518,5.476,1.524
2026-06-27 16:34:53.694,Patient,4471.11,4414.41,4495.41,111,109,2,2,0.7,0.783439,0.815962,755,677,735,672,798,717,773,717,818,708,1010,985,110,25,716,703.5,12.5,716,703.5,12.5,757.5,745,12.5,763,997.5,-234.5,399.036,753.275,612.709,947.535,0.529734,0.646635,1.35401,5.448,-3.448
2026-06-27 16:34:53.795,Patient,4471.11,4414.41,4495.41,111,109,2,2,0.7,0.80809,0.811672,751,673,754,651,794,713,802,689,1063,704,1010,985,359,25,712,735.5,-23.5,712,702.5,9.5,753.5,745.5,8,883.5,997.5,-114,1035.12,754.437,624.258,957.796,1.37204,0.651765,0.884048,5.448,-3.448
2026-06-27 16:34:53.888,Patient,4463.59,4336.28,4495.41,113,109,4,4,0.8,0.853664,0.817068,755,678,736,652,798,717,773,689,818,708,1010,985,110,25,716.5,735.5,-19,716.5,694,22.5,757.5,731,26.5,763,997.5,-234.5,392.34,756.721,615.074,964.37,0.518474,0.637799,1.37455,5.448,-1.448
2026-06-27 16:34:53.984,Patient,4483.15,4454.55,4495.41,110,109,1,1,0.7,0.741742,0.806812,753,680,733,651,771,720,771,716,820,711,1010,985,109,25,716.5,692,24.5,716.5,692,24.5,745.5,743.5,2,765.5,997.5,-232,382.862,762.59,596.263,960.506,0.502055,0.62078,1.35909,5.448,-4.448
2026-06-27 16:34:54.079,Patient,4463.59,4336.28,4495.41,113,109,4,4,0.8,0.893326,0.817905,749,678,736,651,768,717,773,688,818,708,1010,985,110,25,713.5,735.5,-22,713.5,693.5,20,742.5,730.5,12,763,997.5,-234.5,401.323,758.642,638.434,966.398,0.529002,0.660633,1.38352,5.448,-1.448
2026-06-27 16:34:54.182,Patient,4495.41,4495.41,4495.41,109,109,0,0,0.7,0.751533,0.812012,757,680,754,653,801,720,772,688,820,711,1010,985,109,25,718.5,703.5,15,718.5,703.5,15,760.5,730,30.5,765.5,997.5,-232,405.929,777.498,635.935,974.958,0.522096,0.652269,1.36121,5.448,-5.448
2026-06-27 16:34:54.265,Patient,4483.15,4454.55,4495.41,110,109,1,1,0.7,0.872319,0.806426,749,671,732,650,792,711,772,689,1060,702,1010,680,358,330,710,735.5,-25.5,710,691,19,751.5,730.5,21,881,845,36,1071.75,782.722,641.749,330.899,1.36926,1.93941,0.524488,5.448,-4.448
2026-06-27 16:34:54.367,Patient,4495.41,4495.41,4495.41,109,109,0,0,0.7,0.748354,0.816642,752,673,751,653,794,713,772,688,1063,704,1010,985,359,25,712.5,702,10.5,712.5,702,10.5,753.5,730,23.5,883.5,997.5,-114,1058.75,782.569,644.179,990.273,1.35292,0.650506,0.887652,5.448,-5.448
2026-06-27 16:34:54.461,Patient,4471.11,4414.41,4495.41,111,109,2,2,0.7,0.883591,0.813924,755,678,734,650,798,717,773,689,818,708,1010,985,110,25,716.5,736,-19.5,716.5,692,24.5,757.5,731,26.5,763,997.5,-234.5,411.9,784.053,648.76,1013.03,0.525348,0.640417,1.38951,5.448,-3.448
2026-06-27 16:34:54.554,Patient,4463.59,4336.28,4495.41,113,109,4,4,0.8,0.808368,0.801259,751,673,737,651,794,713,773,688,1063,704,1010,985,359,25,712,694,18,712,694,18,753.5,730.5,23,883.5,997.5,-114,1070.43,795.479,633.121,978.674,1.34565,0.646917,0.86381,5.448,-1.448
2026-06-27 16:34:54.642,Patient,4496.89,4336.28,4537.04,113,108,5,5,0.8,0.931237,0.77651,755,677,735,651,798,717,803,689,818,708,1010,985,110,25,716,736.5,-20.5,716,693,23,757.5,746,11.5,763,997.5,-234.5,403.097,799.281,654.11,1015.95,0.504325,0.643839,1.38897,5.476,-0.476
2026-06-27 16:34:54.733,Patient,4471.11,4414.41,4495.41,111,109,2,2,0.7,0.885848,0.808719,757,680,733,650,801,720,802,689,821,711,1010,680,110,330,718.5,736,-17.5,718.5,691.5,27,760.5,745.5,15,766,845,-79,409.834,800.457,654.06,334.801,0.512,1.95358,0.817044,5.448,-3.448
2026-06-27 16:34:54.831,Patient,4506.38,4414.41,4537.04,111,108,3,3,0.75,0.843432,0.790289,755,678,732,653,798,717,772,688,818,708,1010,985,110,25,716.5,735,-18.5,716.5,692.5,24,757.5,730,27.5,763,997.5,-234.5,408.497,807.182,663.146,1019.4,0.506078,0.650526,1.38404,5.476,-2.476
2026-06-27 16:34:54.919,Patient,4495.41,4495.41,4495.41,109,109,0,0,0.7,0.773856,0.81262,758,679,752,653,801,720,771,689,821,711,1010,985,110,25,718.5,702.5,16,718.5,702.5,16,760.5,730,30.5,766,997.5,-231.5,416.811,811.566,671.46,1031.24,0.513589,0.651117,1.38614,5.448,-5.448
2026-06-27 16:34:55.015,Patient,4463.59,4336.28,4495.41,113,109,4,4,0.8,0.892005,0.812777,749,671,736,651,792,711,773,689,1060,702,1010,679,358,331,710,735.5,-25.5,710,693.5,16.5,751.5,731,20.5,881,844.5,36.5,1095.94,811.889,667.799,335.159,1.34987,1.99249,0.525705,5.448,-1.448
2026-06-27 16:34:55.103,Patient,4483.15,4454.55,4495.41,110,109,1,1,0.7,0.841933,0.793792,757,680,734,652,801,720,771,688,820,711,1010,985,109,25,718.5,734.5,-16,718.5,693,25.5,760.5,729.5,31,765.5,997.5,-232,412.751,811.954,672.155,1031.52,0.508342,0.651613,1.39109,5.448,-4.448
2026-06-27 16:34:55.199,Patient,4463.59,4336.28,4495.41,113,109,4,4,0.8,0.911701,0.806706,755,677,737,651,798,717,774,688,818,708,1010,679,110,331,716,735.5,-19.5,716,694,22,757.5,731,26.5,763,844.5,-81.5,421.431,827.131,682.989,342.687,0.509509,1.99304,0.821485,5.448,-1.448
2026-06-27 16:34:55.301,Patient,4471.11,4414.41,4495.41,111,109,2,2,0.7,0.844564,0.813618,758,680,734,653,801,720,772,688,821,711,1010,985,110,25,719,735.5,-16.5,719,693.5,25.5,760.5,730,30.5,766,997.5,-231.5,419.487,825.696,671.053,1042.14,0.508041,0.643916,1.37586,5.448,-3.448
2026-06-27 16:34:55.431,Patient,4455.98,4298.25,4495.41,114,109,5,5,0.8,0.879976,0.804252,756,677,734,648,798,717,773,688,818,708,1010,679,110,331,716.5,736,-19.5,716.5,691,25.5,757.5,730.5,27,763,844.5,-81.5,421.489,831.85,660.936,354.21,0.506688,1.86595,0.809953,5.448,-0.448
2026-06-27 16:34:55.516,Patient,4483.15,4454.55,4495.41,110,109,1,1,0.7,0.783996,0.818435,753,680,733,650,771,720,771,717,821,711,1010,985,110,25,716.5,734.5,-18,716.5,691.5,25,745.5,744,1.5,766,997.5,-231.5,424.406,831.73,674.319,1057.52,0.510269,0.63764,1.37871,5.448,-4.448
2026-06-27 16:34:55.581,Patient,4455.98,4298.25,4495.41,114,109,5,5,0.8,0.897835,0.815176,755,677,733,647,798,717,773,688,818,708,1010,679,110,331,716,735.5,-19.5,716,690,26,757.5,730.5,27,763,844.5,-81.5,419.27,839.953,665.511,352.373,0.49916,1.88865,0.808343,5.448,-0.448
2026-06-27 16:34:55.680,Patient,4463.59,4336.28,4495.41,113,109,4,4,0.8,0.889166,0.805196,751,673,735,650,794,713,773,689,1063,704,1010,985,359,25,712,736,-24,712,692.5,19.5,753.5,731,22.5,883.5,997.5,-114,1129.7,837.145,681.144,1054.82,1.34947,0.645747,0.882611,5.448,-1.448
2026-06-27 16:34:55.767,Patient,4483.15,4454.55,4495.41,110,109,1,1,0.7,0.868349,0.803812,749,671,732,650,792,711,772,689,1060,702,1010,679,358,331,710,735,-25,710,691,19,751.5,730.5,21,881,844.5,36.5,1126.18,848.106,686.878,365.15,1.32787,1.88109,0.532866,5.448,-4.448
2026-06-27 16:34:55.848,Patient,4471.11,4414.41,4495.41,111,109,2,2,0.7,0.906542,0.817533,757,680,733,650,801,720,773,689,821,711,1010,680,110,330,718.5,736,-17.5,718.5,691.5,27,760.5,731,29.5,766,845,-79,430.427,841.981,690.047,354.63,0.511208,1.94582,0.821023,5.448,-3.448
2026-06-27 16:34:55.962,Patient,4483.15,4454.55,4495.41,110,109,1,1,0.7,0.869433,0.809909,755,678,730,649,798,718,772,689,818,708,1010,680,110,330,716.5,735.5,-19,716.5,689.5,27,758,730.5,27.5,763,845,-82,427.484,844.402,688.943,367.19,0.506256,1.87626,0.830368,5.448,-4.448
2026-06-27 16:34:56.033,Patient,4483.15,4454.55,4495.41,110,109,1,1,0.7,0.860548,0.803872,757,680,736,650,801,720,772,689,821,711,1010,985,110,25,718.5,735.5,-17,718.5,693,25.5,760.5,730.5,30,766,997.5,-231.5,428.931,861.063,716.544,1055.18,0.498141,0.679073,1.37344,5.448,-4.448
